"jahr";"rubrik";"thema";"subthema";"wert";"ort";"bfsnr"
"2005";"Wärme";"ARA";"Potenzial genutzt";"0,00000000";"Knonau";"7"
"2005";"Wärme";"ARA";"Potenzial";"2679,48576300";"Knonau";"7"
"2005";"Wärme";"ARA";"Potenzial ungenutzt";"2679,48576300";"Knonau";"7"
"2009";"Wärme";"ARA";"Potenzial genutzt";"300,00000000";"Knonau";"7"
"2009";"Wärme";"ARA";"Potenzial";"2679,48576300";"Knonau";"7"
"2009";"Wärme";"ARA";"Potenzial ungenutzt";"2379,48576300";"Knonau";"7"
"2012";"Wärme";"ARA";"Potenzial genutzt";"300,00000000";"Knonau";"7"
"2012";"Wärme";"ARA";"Potenzial";"2679,48576300";"Knonau";"7"
"2012";"Wärme";"ARA";"Potenzial ungenutzt";"2379,48576300";"Knonau";"7"
"2013";"Wärme";"ARA";"Potenzial genutzt";"270,00000000";"Knonau";"7"
"2013";"Wärme";"ARA";"Potenzial";"2679,48576300";"Knonau";"7"
"2013";"Wärme";"ARA";"Potenzial ungenutzt";"2409,48576300";"Knonau";"7"
"2014";"Wärme";"ARA";"Potenzial genutzt";"270,00000000";"Knonau";"7"
"2014";"Wärme";"ARA";"Potenzial";"2679,48576300";"Knonau";"7"
"2014";"Wärme";"ARA";"Potenzial ungenutzt";"2409,48576300";"Knonau";"7"
"2015";"Wärme";"ARA";"Potenzial genutzt";"270,00000000";"Knonau";"7"
"2015";"Wärme";"ARA";"Potenzial";"2679,48576300";"Knonau";"7"
"2015";"Wärme";"ARA";"Potenzial ungenutzt";"2409,48576300";"Knonau";"7"
"2016";"Wärme";"ARA";"Potenzial genutzt";"270,00000000";"Knonau";"7"
"2016";"Wärme";"ARA";"Potenzial";"2679,48576300";"Knonau";"7"
"2016";"Wärme";"ARA";"Potenzial ungenutzt";"2409,48576300";"Knonau";"7"
"2017";"Wärme";"ARA";"Potenzial genutzt";"270,00000000";"Knonau";"7"
"2017";"Wärme";"ARA";"Potenzial";"2679,48576300";"Knonau";"7"
"2017";"Wärme";"ARA";"Potenzial ungenutzt";"2409,48576300";"Knonau";"7"
"2018";"Wärme";"ARA";"Potenzial genutzt";"270,00000000";"Knonau";"7"
"2018";"Wärme";"ARA";"Potenzial";"2679,48576300";"Knonau";"7"
"2018";"Wärme";"ARA";"Potenzial ungenutzt";"2409,48576300";"Knonau";"7"
"2019";"Wärme";"ARA";"Potenzial genutzt";"270,00000000";"Knonau";"7"
"2019";"Wärme";"ARA";"Potenzial";"2679,48576300";"Knonau";"7"
"2019";"Wärme";"ARA";"Potenzial ungenutzt";"2409,48576300";"Knonau";"7"
"2020";"Wärme";"ARA";"Potenzial genutzt";"270,00000000";"Knonau";"7"
"2020";"Wärme";"ARA";"Potenzial";"2679,48576300";"Knonau";"7"
"2020";"Wärme";"ARA";"Potenzial ungenutzt";"2409,48576300";"Knonau";"7"
"2021";"Wärme";"ARA";"Potenzial genutzt";"270,00000000";"Knonau";"7"
"2021";"Wärme";"ARA";"Potenzial";"2679,48576300";"Knonau";"7"
"2021";"Wärme";"ARA";"Potenzial ungenutzt";"2409,48576300";"Knonau";"7"
"2022";"Wärme";"ARA";"Potenzial genutzt";"270,00000000";"Knonau";"7"
"2022";"Wärme";"ARA";"Potenzial";"2679,48576300";"Knonau";"7"
"2022";"Wärme";"ARA";"Potenzial ungenutzt";"2409,48576300";"Knonau";"7"
"2023";"Wärme";"ARA";"Potenzial genutzt";"270,00000000";"Knonau";"7"
"2023";"Wärme";"ARA";"Potenzial";"2679,48576300";"Knonau";"7"
"2023";"Wärme";"ARA";"Potenzial ungenutzt";"2409,48576300";"Knonau";"7"
"2024";"Wärme";"ARA";"Potenzial genutzt";"270,00000000";"Knonau";"7"
"2024";"Wärme";"ARA";"Potenzial";"2679,48576300";"Knonau";"7"
"2024";"Wärme";"ARA";"Potenzial ungenutzt";"2409,48576300";"Knonau";"7"
"2005";"Wärme";"ARA";"Potenzial genutzt";"700,00000000";"Bassersdorf";"52"
"2005";"Wärme";"ARA";"Potenzial";"7566,30579700";"Bassersdorf";"52"
"2005";"Wärme";"ARA";"Potenzial ungenutzt";"6866,30579700";"Bassersdorf";"52"
"2009";"Wärme";"ARA";"Potenzial genutzt";"700,00000000";"Bassersdorf";"52"
"2009";"Wärme";"ARA";"Potenzial";"7566,30579700";"Bassersdorf";"52"
"2009";"Wärme";"ARA";"Potenzial ungenutzt";"6866,30579700";"Bassersdorf";"52"
"2012";"Wärme";"ARA";"Potenzial genutzt";"700,00000000";"Bassersdorf";"52"
"2012";"Wärme";"ARA";"Potenzial";"7566,30579700";"Bassersdorf";"52"
"2012";"Wärme";"ARA";"Potenzial ungenutzt";"6866,30579700";"Bassersdorf";"52"
"2013";"Wärme";"ARA";"Potenzial genutzt";"659,00000000";"Bassersdorf";"52"
"2013";"Wärme";"ARA";"Potenzial";"7566,30579700";"Bassersdorf";"52"
"2013";"Wärme";"ARA";"Potenzial ungenutzt";"6907,30579700";"Bassersdorf";"52"
"2014";"Wärme";"ARA";"Potenzial genutzt";"605,00000000";"Bassersdorf";"52"
"2014";"Wärme";"ARA";"Potenzial";"7566,30579700";"Bassersdorf";"52"
"2014";"Wärme";"ARA";"Potenzial ungenutzt";"6961,30579700";"Bassersdorf";"52"
"2015";"Wärme";"ARA";"Potenzial genutzt";"604,00000000";"Bassersdorf";"52"
"2015";"Wärme";"ARA";"Potenzial";"7566,30579700";"Bassersdorf";"52"
"2015";"Wärme";"ARA";"Potenzial ungenutzt";"6962,30579700";"Bassersdorf";"52"
"2016";"Wärme";"ARA";"Potenzial genutzt";"1233,00000000";"Bassersdorf";"52"
"2016";"Wärme";"ARA";"Potenzial";"7566,30579700";"Bassersdorf";"52"
"2016";"Wärme";"ARA";"Potenzial ungenutzt";"6333,30579700";"Bassersdorf";"52"
"2017";"Wärme";"ARA";"Potenzial genutzt";"1619,00000000";"Bassersdorf";"52"
"2017";"Wärme";"ARA";"Potenzial";"7566,30579700";"Bassersdorf";"52"
"2017";"Wärme";"ARA";"Potenzial ungenutzt";"5947,30579700";"Bassersdorf";"52"
"2018";"Wärme";"ARA";"Potenzial genutzt";"1266,00000000";"Bassersdorf";"52"
"2018";"Wärme";"ARA";"Potenzial";"7566,30579700";"Bassersdorf";"52"
"2018";"Wärme";"ARA";"Potenzial ungenutzt";"6300,30579700";"Bassersdorf";"52"
"2019";"Wärme";"ARA";"Potenzial genutzt";"1405,00000000";"Bassersdorf";"52"
"2019";"Wärme";"ARA";"Potenzial";"7566,30579700";"Bassersdorf";"52"
"2019";"Wärme";"ARA";"Potenzial ungenutzt";"6161,30579700";"Bassersdorf";"52"
"2020";"Wärme";"ARA";"Potenzial genutzt";"1186,00000000";"Bassersdorf";"52"
"2020";"Wärme";"ARA";"Potenzial";"7566,30579700";"Bassersdorf";"52"
"2020";"Wärme";"ARA";"Potenzial ungenutzt";"6380,30579700";"Bassersdorf";"52"
"2021";"Wärme";"ARA";"Potenzial genutzt";"2309,00000000";"Bassersdorf";"52"
"2021";"Wärme";"ARA";"Potenzial";"7566,30579700";"Bassersdorf";"52"
"2021";"Wärme";"ARA";"Potenzial ungenutzt";"5257,30579700";"Bassersdorf";"52"
"2022";"Wärme";"ARA";"Potenzial genutzt";"1305,00000000";"Bassersdorf";"52"
"2022";"Wärme";"ARA";"Potenzial";"7566,30579700";"Bassersdorf";"52"
"2022";"Wärme";"ARA";"Potenzial ungenutzt";"6261,30579700";"Bassersdorf";"52"
"2023";"Wärme";"ARA";"Potenzial genutzt";"560,00000000";"Bassersdorf";"52"
"2023";"Wärme";"ARA";"Potenzial";"7566,30579700";"Bassersdorf";"52"
"2023";"Wärme";"ARA";"Potenzial ungenutzt";"7006,30579700";"Bassersdorf";"52"
"2024";"Wärme";"ARA";"Potenzial genutzt";"907,00000000";"Bassersdorf";"52"
"2024";"Wärme";"ARA";"Potenzial";"7566,30579700";"Bassersdorf";"52"
"2024";"Wärme";"ARA";"Potenzial ungenutzt";"6659,30579700";"Bassersdorf";"52"
"2005";"Wärme";"ARA";"Potenzial genutzt";"650,00000000";"Bülach";"53"
"2005";"Wärme";"ARA";"Potenzial";"11438,49227000";"Bülach";"53"
"2005";"Wärme";"ARA";"Potenzial ungenutzt";"10788,49227000";"Bülach";"53"
"2009";"Wärme";"ARA";"Potenzial genutzt";"700,00000000";"Bülach";"53"
"2009";"Wärme";"ARA";"Potenzial";"11438,49227000";"Bülach";"53"
"2009";"Wärme";"ARA";"Potenzial ungenutzt";"10738,49227000";"Bülach";"53"
"2012";"Wärme";"ARA";"Potenzial genutzt";"700,00000000";"Bülach";"53"
"2012";"Wärme";"ARA";"Potenzial";"11438,49227000";"Bülach";"53"
"2012";"Wärme";"ARA";"Potenzial ungenutzt";"10738,49227000";"Bülach";"53"
"2013";"Wärme";"ARA";"Potenzial genutzt";"700,00000000";"Bülach";"53"
"2013";"Wärme";"ARA";"Potenzial";"11438,49227000";"Bülach";"53"
"2013";"Wärme";"ARA";"Potenzial ungenutzt";"10738,49227000";"Bülach";"53"
"2014";"Wärme";"ARA";"Potenzial genutzt";"700,00000000";"Bülach";"53"
"2014";"Wärme";"ARA";"Potenzial";"11438,49227000";"Bülach";"53"
"2014";"Wärme";"ARA";"Potenzial ungenutzt";"10738,49227000";"Bülach";"53"
"2015";"Wärme";"ARA";"Potenzial genutzt";"700,00000000";"Bülach";"53"
"2015";"Wärme";"ARA";"Potenzial";"11438,49227000";"Bülach";"53"
"2015";"Wärme";"ARA";"Potenzial ungenutzt";"10738,49227000";"Bülach";"53"
"2016";"Wärme";"ARA";"Potenzial genutzt";"700,00000000";"Bülach";"53"
"2016";"Wärme";"ARA";"Potenzial";"11438,49227000";"Bülach";"53"
"2016";"Wärme";"ARA";"Potenzial ungenutzt";"10738,49227000";"Bülach";"53"
"2017";"Wärme";"ARA";"Potenzial genutzt";"700,00000000";"Bülach";"53"
"2017";"Wärme";"ARA";"Potenzial";"11438,49227000";"Bülach";"53"
"2017";"Wärme";"ARA";"Potenzial ungenutzt";"10738,49227000";"Bülach";"53"
"2018";"Wärme";"ARA";"Potenzial genutzt";"700,00000000";"Bülach";"53"
"2018";"Wärme";"ARA";"Potenzial";"11438,49227000";"Bülach";"53"
"2018";"Wärme";"ARA";"Potenzial ungenutzt";"10738,49227000";"Bülach";"53"
"2019";"Wärme";"ARA";"Potenzial genutzt";"700,00000000";"Bülach";"53"
"2019";"Wärme";"ARA";"Potenzial";"11438,49227000";"Bülach";"53"
"2019";"Wärme";"ARA";"Potenzial ungenutzt";"10738,49227000";"Bülach";"53"
"2020";"Wärme";"ARA";"Potenzial genutzt";"700,00000000";"Bülach";"53"
"2020";"Wärme";"ARA";"Potenzial";"11438,49227000";"Bülach";"53"
"2020";"Wärme";"ARA";"Potenzial ungenutzt";"10738,49227000";"Bülach";"53"
"2021";"Wärme";"ARA";"Potenzial genutzt";"700,00000000";"Bülach";"53"
"2021";"Wärme";"ARA";"Potenzial";"11438,49227000";"Bülach";"53"
"2021";"Wärme";"ARA";"Potenzial ungenutzt";"10738,49227000";"Bülach";"53"
"2022";"Wärme";"ARA";"Potenzial genutzt";"700,00000000";"Bülach";"53"
"2022";"Wärme";"ARA";"Potenzial";"11438,49227000";"Bülach";"53"
"2022";"Wärme";"ARA";"Potenzial ungenutzt";"10738,49227000";"Bülach";"53"
"2023";"Wärme";"ARA";"Potenzial genutzt";"700,00000000";"Bülach";"53"
"2023";"Wärme";"ARA";"Potenzial";"11438,49227000";"Bülach";"53"
"2023";"Wärme";"ARA";"Potenzial ungenutzt";"10738,49227000";"Bülach";"53"
"2024";"Wärme";"ARA";"Potenzial genutzt";"700,00000000";"Bülach";"53"
"2024";"Wärme";"ARA";"Potenzial";"11438,49227000";"Bülach";"53"
"2024";"Wärme";"ARA";"Potenzial ungenutzt";"10738,49227000";"Bülach";"53"
"2005";"Wärme";"ARA";"Potenzial genutzt";"0,00000000";"Regensdorf";"96"
"2005";"Wärme";"ARA";"Potenzial";"6724,42606700";"Regensdorf";"96"
"2005";"Wärme";"ARA";"Potenzial ungenutzt";"6724,42606700";"Regensdorf";"96"
"2009";"Wärme";"ARA";"Potenzial genutzt";"1300,00000000";"Regensdorf";"96"
"2009";"Wärme";"ARA";"Potenzial";"6724,42606700";"Regensdorf";"96"
"2009";"Wärme";"ARA";"Potenzial ungenutzt";"5424,42606700";"Regensdorf";"96"
"2012";"Wärme";"ARA";"Potenzial genutzt";"1300,00000000";"Regensdorf";"96"
"2012";"Wärme";"ARA";"Potenzial";"6724,42606700";"Regensdorf";"96"
"2012";"Wärme";"ARA";"Potenzial ungenutzt";"5424,42606700";"Regensdorf";"96"
"2013";"Wärme";"ARA";"Potenzial genutzt";"1146,00000000";"Regensdorf";"96"
"2013";"Wärme";"ARA";"Potenzial";"6724,42606700";"Regensdorf";"96"
"2013";"Wärme";"ARA";"Potenzial ungenutzt";"5578,42606700";"Regensdorf";"96"
"2014";"Wärme";"ARA";"Potenzial genutzt";"852,00000000";"Regensdorf";"96"
"2014";"Wärme";"ARA";"Potenzial";"6724,42606700";"Regensdorf";"96"
"2014";"Wärme";"ARA";"Potenzial ungenutzt";"5872,42606700";"Regensdorf";"96"
"2015";"Wärme";"ARA";"Potenzial genutzt";"1016,00000000";"Regensdorf";"96"
"2015";"Wärme";"ARA";"Potenzial";"6724,42606700";"Regensdorf";"96"
"2015";"Wärme";"ARA";"Potenzial ungenutzt";"5708,42606700";"Regensdorf";"96"
"2016";"Wärme";"ARA";"Potenzial genutzt";"1086,00000000";"Regensdorf";"96"
"2016";"Wärme";"ARA";"Potenzial";"6724,42606700";"Regensdorf";"96"
"2016";"Wärme";"ARA";"Potenzial ungenutzt";"5638,42606700";"Regensdorf";"96"
"2017";"Wärme";"ARA";"Potenzial genutzt";"903,00000000";"Regensdorf";"96"
"2017";"Wärme";"ARA";"Potenzial";"6724,42606700";"Regensdorf";"96"
"2017";"Wärme";"ARA";"Potenzial ungenutzt";"5821,42606700";"Regensdorf";"96"
"2018";"Wärme";"ARA";"Potenzial genutzt";"1247,00000000";"Regensdorf";"96"
"2018";"Wärme";"ARA";"Potenzial";"6724,42606700";"Regensdorf";"96"
"2018";"Wärme";"ARA";"Potenzial ungenutzt";"5477,42606700";"Regensdorf";"96"
"2019";"Wärme";"ARA";"Potenzial genutzt";"1470,00000000";"Regensdorf";"96"
"2019";"Wärme";"ARA";"Potenzial";"6724,42606700";"Regensdorf";"96"
"2019";"Wärme";"ARA";"Potenzial ungenutzt";"5254,42606700";"Regensdorf";"96"
"2020";"Wärme";"ARA";"Potenzial genutzt";"1601,00000000";"Regensdorf";"96"
"2020";"Wärme";"ARA";"Potenzial";"6724,42606700";"Regensdorf";"96"
"2020";"Wärme";"ARA";"Potenzial ungenutzt";"5123,42606700";"Regensdorf";"96"
"2021";"Wärme";"ARA";"Potenzial genutzt";"1772,00000000";"Regensdorf";"96"
"2021";"Wärme";"ARA";"Potenzial";"6724,42606700";"Regensdorf";"96"
"2021";"Wärme";"ARA";"Potenzial ungenutzt";"4952,42606700";"Regensdorf";"96"
"2022";"Wärme";"ARA";"Potenzial genutzt";"1470,00000000";"Regensdorf";"96"
"2022";"Wärme";"ARA";"Potenzial";"6724,42606700";"Regensdorf";"96"
"2022";"Wärme";"ARA";"Potenzial ungenutzt";"5254,42606700";"Regensdorf";"96"
"2023";"Wärme";"ARA";"Potenzial genutzt";"1472,00000000";"Regensdorf";"96"
"2023";"Wärme";"ARA";"Potenzial";"6724,42606700";"Regensdorf";"96"
"2023";"Wärme";"ARA";"Potenzial ungenutzt";"5252,42606700";"Regensdorf";"96"
"2024";"Wärme";"ARA";"Potenzial genutzt";"1404,00000000";"Regensdorf";"96"
"2024";"Wärme";"ARA";"Potenzial";"6724,42606700";"Regensdorf";"96"
"2024";"Wärme";"ARA";"Potenzial ungenutzt";"5320,42606700";"Regensdorf";"96"
"2005";"Wärme";"ARA";"Potenzial genutzt";"0,00000000";"Gossau (ZH)";"115"
"2005";"Wärme";"ARA";"Potenzial";"5465,38238600";"Gossau (ZH)";"115"
"2005";"Wärme";"ARA";"Potenzial ungenutzt";"5465,38238600";"Gossau (ZH)";"115"
"2009";"Wärme";"ARA";"Potenzial genutzt";"300,00000000";"Gossau (ZH)";"115"
"2009";"Wärme";"ARA";"Potenzial";"5465,38238600";"Gossau (ZH)";"115"
"2009";"Wärme";"ARA";"Potenzial ungenutzt";"5165,38238600";"Gossau (ZH)";"115"
"2012";"Wärme";"ARA";"Potenzial genutzt";"300,00000000";"Gossau (ZH)";"115"
"2012";"Wärme";"ARA";"Potenzial";"5465,38238600";"Gossau (ZH)";"115"
"2012";"Wärme";"ARA";"Potenzial ungenutzt";"5165,38238600";"Gossau (ZH)";"115"
"2013";"Wärme";"ARA";"Potenzial genutzt";"300,00000000";"Gossau (ZH)";"115"
"2013";"Wärme";"ARA";"Potenzial";"5465,38238600";"Gossau (ZH)";"115"
"2013";"Wärme";"ARA";"Potenzial ungenutzt";"5165,38238600";"Gossau (ZH)";"115"
"2014";"Wärme";"ARA";"Potenzial genutzt";"300,00000000";"Gossau (ZH)";"115"
"2014";"Wärme";"ARA";"Potenzial";"5465,38238600";"Gossau (ZH)";"115"
"2014";"Wärme";"ARA";"Potenzial ungenutzt";"5165,38238600";"Gossau (ZH)";"115"
"2015";"Wärme";"ARA";"Potenzial genutzt";"300,00000000";"Gossau (ZH)";"115"
"2015";"Wärme";"ARA";"Potenzial";"5465,38238600";"Gossau (ZH)";"115"
"2015";"Wärme";"ARA";"Potenzial ungenutzt";"5165,38238600";"Gossau (ZH)";"115"
"2016";"Wärme";"ARA";"Potenzial genutzt";"300,00000000";"Gossau (ZH)";"115"
"2016";"Wärme";"ARA";"Potenzial";"5465,38238600";"Gossau (ZH)";"115"
"2016";"Wärme";"ARA";"Potenzial ungenutzt";"5165,38238600";"Gossau (ZH)";"115"
"2017";"Wärme";"ARA";"Potenzial genutzt";"300,00000000";"Gossau (ZH)";"115"
"2017";"Wärme";"ARA";"Potenzial";"5465,38238600";"Gossau (ZH)";"115"
"2017";"Wärme";"ARA";"Potenzial ungenutzt";"5165,38238600";"Gossau (ZH)";"115"
"2018";"Wärme";"ARA";"Potenzial genutzt";"300,00000000";"Gossau (ZH)";"115"
"2018";"Wärme";"ARA";"Potenzial";"5465,38238600";"Gossau (ZH)";"115"
"2018";"Wärme";"ARA";"Potenzial ungenutzt";"5165,38238600";"Gossau (ZH)";"115"
"2019";"Wärme";"ARA";"Potenzial genutzt";"300,00000000";"Gossau (ZH)";"115"
"2019";"Wärme";"ARA";"Potenzial";"5465,38238600";"Gossau (ZH)";"115"
"2019";"Wärme";"ARA";"Potenzial ungenutzt";"5165,38238600";"Gossau (ZH)";"115"
"2020";"Wärme";"ARA";"Potenzial genutzt";"300,00000000";"Gossau (ZH)";"115"
"2020";"Wärme";"ARA";"Potenzial";"5465,38238600";"Gossau (ZH)";"115"
"2020";"Wärme";"ARA";"Potenzial ungenutzt";"5165,38238600";"Gossau (ZH)";"115"
"2021";"Wärme";"ARA";"Potenzial genutzt";"300,00000000";"Gossau (ZH)";"115"
"2021";"Wärme";"ARA";"Potenzial";"5465,38238600";"Gossau (ZH)";"115"
"2021";"Wärme";"ARA";"Potenzial ungenutzt";"5165,38238600";"Gossau (ZH)";"115"
"2022";"Wärme";"ARA";"Potenzial genutzt";"300,00000000";"Gossau (ZH)";"115"
"2022";"Wärme";"ARA";"Potenzial";"5465,38238600";"Gossau (ZH)";"115"
"2022";"Wärme";"ARA";"Potenzial ungenutzt";"5165,38238600";"Gossau (ZH)";"115"
"2023";"Wärme";"ARA";"Potenzial genutzt";"300,00000000";"Gossau (ZH)";"115"
"2023";"Wärme";"ARA";"Potenzial";"5465,38238600";"Gossau (ZH)";"115"
"2023";"Wärme";"ARA";"Potenzial ungenutzt";"5165,38238600";"Gossau (ZH)";"115"
"2024";"Wärme";"ARA";"Potenzial genutzt";"300,00000000";"Gossau (ZH)";"115"
"2024";"Wärme";"ARA";"Potenzial";"5465,38238600";"Gossau (ZH)";"115"
"2024";"Wärme";"ARA";"Potenzial ungenutzt";"5165,38238600";"Gossau (ZH)";"115"
"2005";"Wärme";"ARA";"Potenzial genutzt";"0,00000000";"Adliswil";"131"
"2005";"Wärme";"ARA";"Potenzial";"9600,63405900";"Adliswil";"131"
"2005";"Wärme";"ARA";"Potenzial ungenutzt";"9600,63405900";"Adliswil";"131"
"2009";"Wärme";"ARA";"Potenzial genutzt";"5700,00000000";"Adliswil";"131"
"2009";"Wärme";"ARA";"Potenzial";"9600,63405900";"Adliswil";"131"
"2009";"Wärme";"ARA";"Potenzial ungenutzt";"3900,63405900";"Adliswil";"131"
"2012";"Wärme";"ARA";"Potenzial genutzt";"5700,00000000";"Adliswil";"131"
"2012";"Wärme";"ARA";"Potenzial";"9600,63405900";"Adliswil";"131"
"2012";"Wärme";"ARA";"Potenzial ungenutzt";"3900,63405900";"Adliswil";"131"
"2013";"Wärme";"ARA";"Potenzial genutzt";"1200,00000000";"Adliswil";"131"
"2013";"Wärme";"ARA";"Potenzial";"9600,63405900";"Adliswil";"131"
"2013";"Wärme";"ARA";"Potenzial ungenutzt";"8400,63405900";"Adliswil";"131"
"2014";"Wärme";"ARA";"Potenzial genutzt";"1059,00000000";"Adliswil";"131"
"2014";"Wärme";"ARA";"Potenzial";"9600,63405900";"Adliswil";"131"
"2014";"Wärme";"ARA";"Potenzial ungenutzt";"8541,63405900";"Adliswil";"131"
"2015";"Wärme";"ARA";"Potenzial genutzt";"1113,00000000";"Adliswil";"131"
"2015";"Wärme";"ARA";"Potenzial";"9600,63405900";"Adliswil";"131"
"2015";"Wärme";"ARA";"Potenzial ungenutzt";"8487,63405900";"Adliswil";"131"
"2016";"Wärme";"ARA";"Potenzial genutzt";"1162,00000000";"Adliswil";"131"
"2016";"Wärme";"ARA";"Potenzial";"9600,63405900";"Adliswil";"131"
"2016";"Wärme";"ARA";"Potenzial ungenutzt";"8438,63405900";"Adliswil";"131"
"2017";"Wärme";"ARA";"Potenzial genutzt";"1086,00000000";"Adliswil";"131"
"2017";"Wärme";"ARA";"Potenzial";"9600,63405900";"Adliswil";"131"
"2017";"Wärme";"ARA";"Potenzial ungenutzt";"8514,63405900";"Adliswil";"131"
"2018";"Wärme";"ARA";"Potenzial genutzt";"1089,00000000";"Adliswil";"131"
"2018";"Wärme";"ARA";"Potenzial";"9600,63405900";"Adliswil";"131"
"2018";"Wärme";"ARA";"Potenzial ungenutzt";"8511,63405900";"Adliswil";"131"
"2019";"Wärme";"ARA";"Potenzial genutzt";"1138,00000000";"Adliswil";"131"
"2019";"Wärme";"ARA";"Potenzial";"9600,63405900";"Adliswil";"131"
"2019";"Wärme";"ARA";"Potenzial ungenutzt";"8462,63405900";"Adliswil";"131"
"2020";"Wärme";"ARA";"Potenzial genutzt";"1123,00000000";"Adliswil";"131"
"2020";"Wärme";"ARA";"Potenzial";"9600,63405900";"Adliswil";"131"
"2020";"Wärme";"ARA";"Potenzial ungenutzt";"8477,63405900";"Adliswil";"131"
"2021";"Wärme";"ARA";"Potenzial genutzt";"1234,00000000";"Adliswil";"131"
"2021";"Wärme";"ARA";"Potenzial";"9600,63405900";"Adliswil";"131"
"2021";"Wärme";"ARA";"Potenzial ungenutzt";"8366,63405900";"Adliswil";"131"
"2022";"Wärme";"ARA";"Potenzial genutzt";"937,00000000";"Adliswil";"131"
"2022";"Wärme";"ARA";"Potenzial";"9600,63405900";"Adliswil";"131"
"2022";"Wärme";"ARA";"Potenzial ungenutzt";"8663,63405900";"Adliswil";"131"
"2023";"Wärme";"ARA";"Potenzial genutzt";"958,00000000";"Adliswil";"131"
"2023";"Wärme";"ARA";"Potenzial";"9600,63405900";"Adliswil";"131"
"2023";"Wärme";"ARA";"Potenzial ungenutzt";"8642,63405900";"Adliswil";"131"
"2024";"Wärme";"ARA";"Potenzial genutzt";"1011,00000000";"Adliswil";"131"
"2024";"Wärme";"ARA";"Potenzial";"9600,63405900";"Adliswil";"131"
"2024";"Wärme";"ARA";"Potenzial ungenutzt";"8589,63405900";"Adliswil";"131"
"2005";"Wärme";"ARA";"Potenzial genutzt";"0,00000000";"Thalwil";"141"
"2005";"Wärme";"ARA";"Potenzial";"15101,91410000";"Thalwil";"141"
"2005";"Wärme";"ARA";"Potenzial ungenutzt";"15101,91410000";"Thalwil";"141"
"2009";"Wärme";"ARA";"Potenzial genutzt";"3400,00000000";"Thalwil";"141"
"2009";"Wärme";"ARA";"Potenzial";"15101,91410000";"Thalwil";"141"
"2009";"Wärme";"ARA";"Potenzial ungenutzt";"11701,91410000";"Thalwil";"141"
"2012";"Wärme";"ARA";"Potenzial genutzt";"3400,00000000";"Thalwil";"141"
"2012";"Wärme";"ARA";"Potenzial";"15101,91410000";"Thalwil";"141"
"2012";"Wärme";"ARA";"Potenzial ungenutzt";"11701,91410000";"Thalwil";"141"
"2013";"Wärme";"ARA";"Potenzial genutzt";"1321,00000000";"Thalwil";"141"
"2013";"Wärme";"ARA";"Potenzial";"15101,91410000";"Thalwil";"141"
"2013";"Wärme";"ARA";"Potenzial ungenutzt";"13780,91410000";"Thalwil";"141"
"2014";"Wärme";"ARA";"Potenzial genutzt";"2010,00000000";"Thalwil";"141"
"2014";"Wärme";"ARA";"Potenzial";"15101,91410000";"Thalwil";"141"
"2014";"Wärme";"ARA";"Potenzial ungenutzt";"13091,91410000";"Thalwil";"141"
"2015";"Wärme";"ARA";"Potenzial genutzt";"3369,00000000";"Thalwil";"141"
"2015";"Wärme";"ARA";"Potenzial";"15101,91410000";"Thalwil";"141"
"2015";"Wärme";"ARA";"Potenzial ungenutzt";"11732,91410000";"Thalwil";"141"
"2016";"Wärme";"ARA";"Potenzial genutzt";"1758,00000000";"Thalwil";"141"
"2016";"Wärme";"ARA";"Potenzial";"15101,91410000";"Thalwil";"141"
"2016";"Wärme";"ARA";"Potenzial ungenutzt";"13343,91410000";"Thalwil";"141"
"2017";"Wärme";"ARA";"Potenzial genutzt";"1946,00000000";"Thalwil";"141"
"2017";"Wärme";"ARA";"Potenzial";"15101,91410000";"Thalwil";"141"
"2017";"Wärme";"ARA";"Potenzial ungenutzt";"13155,91410000";"Thalwil";"141"
"2018";"Wärme";"ARA";"Potenzial genutzt";"1749,00000000";"Thalwil";"141"
"2018";"Wärme";"ARA";"Potenzial";"15101,91410000";"Thalwil";"141"
"2018";"Wärme";"ARA";"Potenzial ungenutzt";"13352,91410000";"Thalwil";"141"
"2019";"Wärme";"ARA";"Potenzial genutzt";"2071,00000000";"Thalwil";"141"
"2019";"Wärme";"ARA";"Potenzial";"15101,91410000";"Thalwil";"141"
"2019";"Wärme";"ARA";"Potenzial ungenutzt";"13030,91410000";"Thalwil";"141"
"2020";"Wärme";"ARA";"Potenzial genutzt";"2002,00000000";"Thalwil";"141"
"2020";"Wärme";"ARA";"Potenzial";"15101,91410000";"Thalwil";"141"
"2020";"Wärme";"ARA";"Potenzial ungenutzt";"13099,91410000";"Thalwil";"141"
"2021";"Wärme";"ARA";"Potenzial genutzt";"2281,00000000";"Thalwil";"141"
"2021";"Wärme";"ARA";"Potenzial";"15101,91410000";"Thalwil";"141"
"2021";"Wärme";"ARA";"Potenzial ungenutzt";"12820,91410000";"Thalwil";"141"
"2022";"Wärme";"ARA";"Potenzial genutzt";"1901,00000000";"Thalwil";"141"
"2022";"Wärme";"ARA";"Potenzial";"15101,91410000";"Thalwil";"141"
"2022";"Wärme";"ARA";"Potenzial ungenutzt";"13200,91410000";"Thalwil";"141"
"2023";"Wärme";"ARA";"Potenzial genutzt";"508,00000000";"Thalwil";"141"
"2023";"Wärme";"ARA";"Potenzial";"15101,91410000";"Thalwil";"141"
"2023";"Wärme";"ARA";"Potenzial ungenutzt";"14593,91410000";"Thalwil";"141"
"2024";"Wärme";"ARA";"Potenzial genutzt";"1116,00000000";"Thalwil";"141"
"2024";"Wärme";"ARA";"Potenzial";"15101,91410000";"Thalwil";"141"
"2024";"Wärme";"ARA";"Potenzial ungenutzt";"13985,91410000";"Thalwil";"141"
"2005";"Wärme";"ARA";"Potenzial genutzt";"0,00000000";"Küsnacht (ZH)";"154"
"2005";"Wärme";"ARA";"Potenzial";"9082,44178700";"Küsnacht (ZH)";"154"
"2005";"Wärme";"ARA";"Potenzial ungenutzt";"9082,44178700";"Küsnacht (ZH)";"154"
"2009";"Wärme";"ARA";"Potenzial genutzt";"0,00000000";"Küsnacht (ZH)";"154"
"2009";"Wärme";"ARA";"Potenzial";"9082,44178700";"Küsnacht (ZH)";"154"
"2009";"Wärme";"ARA";"Potenzial ungenutzt";"9082,44178700";"Küsnacht (ZH)";"154"
"2012";"Wärme";"ARA";"Potenzial genutzt";"1500,00000000";"Küsnacht (ZH)";"154"
"2012";"Wärme";"ARA";"Potenzial";"9082,44178700";"Küsnacht (ZH)";"154"
"2012";"Wärme";"ARA";"Potenzial ungenutzt";"7582,44178700";"Küsnacht (ZH)";"154"
"2013";"Wärme";"ARA";"Potenzial genutzt";"1500,00000000";"Küsnacht (ZH)";"154"
"2013";"Wärme";"ARA";"Potenzial";"9082,44178700";"Küsnacht (ZH)";"154"
"2013";"Wärme";"ARA";"Potenzial ungenutzt";"7582,44178700";"Küsnacht (ZH)";"154"
"2014";"Wärme";"ARA";"Potenzial genutzt";"1500,00000000";"Küsnacht (ZH)";"154"
"2014";"Wärme";"ARA";"Potenzial";"9082,44178700";"Küsnacht (ZH)";"154"
"2014";"Wärme";"ARA";"Potenzial ungenutzt";"7582,44178700";"Küsnacht (ZH)";"154"
"2015";"Wärme";"ARA";"Potenzial genutzt";"1500,00000000";"Küsnacht (ZH)";"154"
"2015";"Wärme";"ARA";"Potenzial";"9082,44178700";"Küsnacht (ZH)";"154"
"2015";"Wärme";"ARA";"Potenzial ungenutzt";"7582,44178700";"Küsnacht (ZH)";"154"
"2016";"Wärme";"ARA";"Potenzial genutzt";"1500,00000000";"Küsnacht (ZH)";"154"
"2016";"Wärme";"ARA";"Potenzial";"9082,44178700";"Küsnacht (ZH)";"154"
"2016";"Wärme";"ARA";"Potenzial ungenutzt";"7582,44178700";"Küsnacht (ZH)";"154"
"2017";"Wärme";"ARA";"Potenzial genutzt";"1500,00000000";"Küsnacht (ZH)";"154"
"2017";"Wärme";"ARA";"Potenzial";"9082,44178700";"Küsnacht (ZH)";"154"
"2017";"Wärme";"ARA";"Potenzial ungenutzt";"7582,44178700";"Küsnacht (ZH)";"154"
"2018";"Wärme";"ARA";"Potenzial genutzt";"1500,00000000";"Küsnacht (ZH)";"154"
"2018";"Wärme";"ARA";"Potenzial";"9082,44178700";"Küsnacht (ZH)";"154"
"2018";"Wärme";"ARA";"Potenzial ungenutzt";"7582,44178700";"Küsnacht (ZH)";"154"
"2019";"Wärme";"ARA";"Potenzial genutzt";"1500,00000000";"Küsnacht (ZH)";"154"
"2019";"Wärme";"ARA";"Potenzial";"9082,44178700";"Küsnacht (ZH)";"154"
"2019";"Wärme";"ARA";"Potenzial ungenutzt";"7582,44178700";"Küsnacht (ZH)";"154"
"2020";"Wärme";"ARA";"Potenzial genutzt";"1500,00000000";"Küsnacht (ZH)";"154"
"2020";"Wärme";"ARA";"Potenzial";"9082,44178700";"Küsnacht (ZH)";"154"
"2020";"Wärme";"ARA";"Potenzial ungenutzt";"7582,44178700";"Küsnacht (ZH)";"154"
"2021";"Wärme";"ARA";"Potenzial genutzt";"1500,00000000";"Küsnacht (ZH)";"154"
"2021";"Wärme";"ARA";"Potenzial";"9082,44178700";"Küsnacht (ZH)";"154"
"2021";"Wärme";"ARA";"Potenzial ungenutzt";"7582,44178700";"Küsnacht (ZH)";"154"
"2022";"Wärme";"ARA";"Potenzial genutzt";"1500,00000000";"Küsnacht (ZH)";"154"
"2022";"Wärme";"ARA";"Potenzial";"9082,44178700";"Küsnacht (ZH)";"154"
"2022";"Wärme";"ARA";"Potenzial ungenutzt";"7582,44178700";"Küsnacht (ZH)";"154"
"2023";"Wärme";"ARA";"Potenzial genutzt";"1500,00000000";"Küsnacht (ZH)";"154"
"2023";"Wärme";"ARA";"Potenzial";"9082,44178700";"Küsnacht (ZH)";"154"
"2023";"Wärme";"ARA";"Potenzial ungenutzt";"7582,44178700";"Küsnacht (ZH)";"154"
"2024";"Wärme";"ARA";"Potenzial genutzt";"1500,00000000";"Küsnacht (ZH)";"154"
"2024";"Wärme";"ARA";"Potenzial";"9082,44178700";"Küsnacht (ZH)";"154"
"2024";"Wärme";"ARA";"Potenzial ungenutzt";"7582,44178700";"Küsnacht (ZH)";"154"
"2005";"Wärme";"ARA";"Potenzial genutzt";"350,00000000";"Männedorf";"155"
"2005";"Wärme";"ARA";"Potenzial";"5791,34706600";"Männedorf";"155"
"2005";"Wärme";"ARA";"Potenzial ungenutzt";"5441,34706600";"Männedorf";"155"
"2009";"Wärme";"ARA";"Potenzial genutzt";"400,00000000";"Männedorf";"155"
"2009";"Wärme";"ARA";"Potenzial";"5791,34706600";"Männedorf";"155"
"2009";"Wärme";"ARA";"Potenzial ungenutzt";"5391,34706600";"Männedorf";"155"
"2012";"Wärme";"ARA";"Potenzial genutzt";"400,00000000";"Männedorf";"155"
"2012";"Wärme";"ARA";"Potenzial";"5791,34706600";"Männedorf";"155"
"2012";"Wärme";"ARA";"Potenzial ungenutzt";"5391,34706600";"Männedorf";"155"
"2013";"Wärme";"ARA";"Potenzial genutzt";"502,00000000";"Männedorf";"155"
"2013";"Wärme";"ARA";"Potenzial";"5791,34706600";"Männedorf";"155"
"2013";"Wärme";"ARA";"Potenzial ungenutzt";"5289,34706600";"Männedorf";"155"
"2014";"Wärme";"ARA";"Potenzial genutzt";"905,00000000";"Männedorf";"155"
"2014";"Wärme";"ARA";"Potenzial";"5791,34706600";"Männedorf";"155"
"2014";"Wärme";"ARA";"Potenzial ungenutzt";"4886,34706600";"Männedorf";"155"
"2015";"Wärme";"ARA";"Potenzial genutzt";"1370,00000000";"Männedorf";"155"
"2015";"Wärme";"ARA";"Potenzial";"5791,34706600";"Männedorf";"155"
"2015";"Wärme";"ARA";"Potenzial ungenutzt";"4421,34706600";"Männedorf";"155"
"2016";"Wärme";"ARA";"Potenzial genutzt";"877,00000000";"Männedorf";"155"
"2016";"Wärme";"ARA";"Potenzial";"5791,34706600";"Männedorf";"155"
"2016";"Wärme";"ARA";"Potenzial ungenutzt";"4914,34706600";"Männedorf";"155"
"2017";"Wärme";"ARA";"Potenzial genutzt";"858,00000000";"Männedorf";"155"
"2017";"Wärme";"ARA";"Potenzial";"5791,34706600";"Männedorf";"155"
"2017";"Wärme";"ARA";"Potenzial ungenutzt";"4933,34706600";"Männedorf";"155"
"2018";"Wärme";"ARA";"Potenzial genutzt";"837,00000000";"Männedorf";"155"
"2018";"Wärme";"ARA";"Potenzial";"5791,34706600";"Männedorf";"155"
"2018";"Wärme";"ARA";"Potenzial ungenutzt";"4954,34706600";"Männedorf";"155"
"2019";"Wärme";"ARA";"Potenzial genutzt";"937,00000000";"Männedorf";"155"
"2019";"Wärme";"ARA";"Potenzial";"5791,34706600";"Männedorf";"155"
"2019";"Wärme";"ARA";"Potenzial ungenutzt";"4854,34706600";"Männedorf";"155"
"2020";"Wärme";"ARA";"Potenzial genutzt";"952,00000000";"Männedorf";"155"
"2020";"Wärme";"ARA";"Potenzial";"5791,34706600";"Männedorf";"155"
"2020";"Wärme";"ARA";"Potenzial ungenutzt";"4839,34706600";"Männedorf";"155"
"2021";"Wärme";"ARA";"Potenzial genutzt";"1123,00000000";"Männedorf";"155"
"2021";"Wärme";"ARA";"Potenzial";"5791,34706600";"Männedorf";"155"
"2021";"Wärme";"ARA";"Potenzial ungenutzt";"4668,34706600";"Männedorf";"155"
"2022";"Wärme";"ARA";"Potenzial genutzt";"1014,00000000";"Männedorf";"155"
"2022";"Wärme";"ARA";"Potenzial";"5791,34706600";"Männedorf";"155"
"2022";"Wärme";"ARA";"Potenzial ungenutzt";"4777,34706600";"Männedorf";"155"
"2023";"Wärme";"ARA";"Potenzial genutzt";"1157,00000000";"Männedorf";"155"
"2023";"Wärme";"ARA";"Potenzial";"5791,34706600";"Männedorf";"155"
"2023";"Wärme";"ARA";"Potenzial ungenutzt";"4634,34706600";"Männedorf";"155"
"2024";"Wärme";"ARA";"Potenzial genutzt";"1006,00000000";"Männedorf";"155"
"2024";"Wärme";"ARA";"Potenzial";"5791,34706600";"Männedorf";"155"
"2024";"Wärme";"ARA";"Potenzial ungenutzt";"4785,34706600";"Männedorf";"155"
"2005";"Wärme";"ARA";"Potenzial genutzt";"170,00000000";"Meilen";"156"
"2005";"Wärme";"ARA";"Potenzial";"10303,39630000";"Meilen";"156"
"2005";"Wärme";"ARA";"Potenzial ungenutzt";"10133,39630000";"Meilen";"156"
"2009";"Wärme";"ARA";"Potenzial genutzt";"400,00000000";"Meilen";"156"
"2009";"Wärme";"ARA";"Potenzial";"10303,39630000";"Meilen";"156"
"2009";"Wärme";"ARA";"Potenzial ungenutzt";"9903,39630000";"Meilen";"156"
"2012";"Wärme";"ARA";"Potenzial genutzt";"400,00000000";"Meilen";"156"
"2012";"Wärme";"ARA";"Potenzial";"10303,39630000";"Meilen";"156"
"2012";"Wärme";"ARA";"Potenzial ungenutzt";"9903,39630000";"Meilen";"156"
"2013";"Wärme";"ARA";"Potenzial genutzt";"450,00000000";"Meilen";"156"
"2013";"Wärme";"ARA";"Potenzial";"10303,39630000";"Meilen";"156"
"2013";"Wärme";"ARA";"Potenzial ungenutzt";"9853,39630000";"Meilen";"156"
"2014";"Wärme";"ARA";"Potenzial genutzt";"386,00000000";"Meilen";"156"
"2014";"Wärme";"ARA";"Potenzial";"10303,39630000";"Meilen";"156"
"2014";"Wärme";"ARA";"Potenzial ungenutzt";"9917,39630000";"Meilen";"156"
"2015";"Wärme";"ARA";"Potenzial genutzt";"396,00000000";"Meilen";"156"
"2015";"Wärme";"ARA";"Potenzial";"10303,39630000";"Meilen";"156"
"2015";"Wärme";"ARA";"Potenzial ungenutzt";"9907,39630000";"Meilen";"156"
"2016";"Wärme";"ARA";"Potenzial genutzt";"631,00000000";"Meilen";"156"
"2016";"Wärme";"ARA";"Potenzial";"10303,39630000";"Meilen";"156"
"2016";"Wärme";"ARA";"Potenzial ungenutzt";"9672,39630000";"Meilen";"156"
"2017";"Wärme";"ARA";"Potenzial genutzt";"854,00000000";"Meilen";"156"
"2017";"Wärme";"ARA";"Potenzial";"10303,39630000";"Meilen";"156"
"2017";"Wärme";"ARA";"Potenzial ungenutzt";"9449,39630000";"Meilen";"156"
"2018";"Wärme";"ARA";"Potenzial genutzt";"904,00000000";"Meilen";"156"
"2018";"Wärme";"ARA";"Potenzial";"10303,39630000";"Meilen";"156"
"2018";"Wärme";"ARA";"Potenzial ungenutzt";"9399,39630000";"Meilen";"156"
"2019";"Wärme";"ARA";"Potenzial genutzt";"953,00000000";"Meilen";"156"
"2019";"Wärme";"ARA";"Potenzial";"10303,39630000";"Meilen";"156"
"2019";"Wärme";"ARA";"Potenzial ungenutzt";"9350,39630000";"Meilen";"156"
"2020";"Wärme";"ARA";"Potenzial genutzt";"928,00000000";"Meilen";"156"
"2020";"Wärme";"ARA";"Potenzial";"10303,39630000";"Meilen";"156"
"2020";"Wärme";"ARA";"Potenzial ungenutzt";"9375,39630000";"Meilen";"156"
"2021";"Wärme";"ARA";"Potenzial genutzt";"1155,00000000";"Meilen";"156"
"2021";"Wärme";"ARA";"Potenzial";"10303,39630000";"Meilen";"156"
"2021";"Wärme";"ARA";"Potenzial ungenutzt";"9148,39630000";"Meilen";"156"
"2022";"Wärme";"ARA";"Potenzial genutzt";"1057,00000000";"Meilen";"156"
"2022";"Wärme";"ARA";"Potenzial";"10303,39630000";"Meilen";"156"
"2022";"Wärme";"ARA";"Potenzial ungenutzt";"9246,39630000";"Meilen";"156"
"2023";"Wärme";"ARA";"Potenzial genutzt";"1060,00000000";"Meilen";"156"
"2023";"Wärme";"ARA";"Potenzial";"10303,39630000";"Meilen";"156"
"2023";"Wärme";"ARA";"Potenzial ungenutzt";"9243,39630000";"Meilen";"156"
"2024";"Wärme";"ARA";"Potenzial genutzt";"1056,00000000";"Meilen";"156"
"2024";"Wärme";"ARA";"Potenzial";"10303,39630000";"Meilen";"156"
"2024";"Wärme";"ARA";"Potenzial ungenutzt";"9247,39630000";"Meilen";"156"
"2005";"Wärme";"ARA";"Potenzial genutzt";"1500,00000000";"Zumikon";"160"
"2005";"Wärme";"ARA";"Potenzial";"0,00000000";"Zumikon";"160"
"2005";"Wärme";"ARA";"Potenzial ungenutzt";"-1500,00000000";"Zumikon";"160"
"2009";"Wärme";"ARA";"Potenzial genutzt";"1500,00000000";"Zumikon";"160"
"2009";"Wärme";"ARA";"Potenzial";"0,00000000";"Zumikon";"160"
"2009";"Wärme";"ARA";"Potenzial ungenutzt";"-1500,00000000";"Zumikon";"160"
"2005";"Wärme";"ARA";"Potenzial genutzt";"0,00000000";"Fehraltorf";"172"
"2005";"Wärme";"ARA";"Potenzial";"4525,39053300";"Fehraltorf";"172"
"2005";"Wärme";"ARA";"Potenzial ungenutzt";"4525,39053300";"Fehraltorf";"172"
"2009";"Wärme";"ARA";"Potenzial genutzt";"100,00000000";"Fehraltorf";"172"
"2009";"Wärme";"ARA";"Potenzial";"4525,39053300";"Fehraltorf";"172"
"2009";"Wärme";"ARA";"Potenzial ungenutzt";"4425,39053300";"Fehraltorf";"172"
"2012";"Wärme";"ARA";"Potenzial genutzt";"100,00000000";"Fehraltorf";"172"
"2012";"Wärme";"ARA";"Potenzial";"4525,39053300";"Fehraltorf";"172"
"2012";"Wärme";"ARA";"Potenzial ungenutzt";"4425,39053300";"Fehraltorf";"172"
"2013";"Wärme";"ARA";"Potenzial genutzt";"100,00000000";"Fehraltorf";"172"
"2013";"Wärme";"ARA";"Potenzial";"4525,39053300";"Fehraltorf";"172"
"2013";"Wärme";"ARA";"Potenzial ungenutzt";"4425,39053300";"Fehraltorf";"172"
"2014";"Wärme";"ARA";"Potenzial genutzt";"100,00000000";"Fehraltorf";"172"
"2014";"Wärme";"ARA";"Potenzial";"4525,39053300";"Fehraltorf";"172"
"2014";"Wärme";"ARA";"Potenzial ungenutzt";"4425,39053300";"Fehraltorf";"172"
"2015";"Wärme";"ARA";"Potenzial genutzt";"100,00000000";"Fehraltorf";"172"
"2015";"Wärme";"ARA";"Potenzial";"4525,39053300";"Fehraltorf";"172"
"2015";"Wärme";"ARA";"Potenzial ungenutzt";"4425,39053300";"Fehraltorf";"172"
"2016";"Wärme";"ARA";"Potenzial genutzt";"100,00000000";"Fehraltorf";"172"
"2016";"Wärme";"ARA";"Potenzial";"4525,39053300";"Fehraltorf";"172"
"2016";"Wärme";"ARA";"Potenzial ungenutzt";"4425,39053300";"Fehraltorf";"172"
"2017";"Wärme";"ARA";"Potenzial genutzt";"100,00000000";"Fehraltorf";"172"
"2017";"Wärme";"ARA";"Potenzial";"4525,39053300";"Fehraltorf";"172"
"2017";"Wärme";"ARA";"Potenzial ungenutzt";"4425,39053300";"Fehraltorf";"172"
"2018";"Wärme";"ARA";"Potenzial genutzt";"100,00000000";"Fehraltorf";"172"
"2018";"Wärme";"ARA";"Potenzial";"4525,39053300";"Fehraltorf";"172"
"2018";"Wärme";"ARA";"Potenzial ungenutzt";"4425,39053300";"Fehraltorf";"172"
"2019";"Wärme";"ARA";"Potenzial genutzt";"100,00000000";"Fehraltorf";"172"
"2019";"Wärme";"ARA";"Potenzial";"4525,39053300";"Fehraltorf";"172"
"2019";"Wärme";"ARA";"Potenzial ungenutzt";"4425,39053300";"Fehraltorf";"172"
"2020";"Wärme";"ARA";"Potenzial genutzt";"100,00000000";"Fehraltorf";"172"
"2020";"Wärme";"ARA";"Potenzial";"4525,39053300";"Fehraltorf";"172"
"2020";"Wärme";"ARA";"Potenzial ungenutzt";"4425,39053300";"Fehraltorf";"172"
"2021";"Wärme";"ARA";"Potenzial genutzt";"100,00000000";"Fehraltorf";"172"
"2021";"Wärme";"ARA";"Potenzial";"4525,39053300";"Fehraltorf";"172"
"2021";"Wärme";"ARA";"Potenzial ungenutzt";"4425,39053300";"Fehraltorf";"172"
"2022";"Wärme";"ARA";"Potenzial genutzt";"100,00000000";"Fehraltorf";"172"
"2022";"Wärme";"ARA";"Potenzial";"4525,39053300";"Fehraltorf";"172"
"2022";"Wärme";"ARA";"Potenzial ungenutzt";"4425,39053300";"Fehraltorf";"172"
"2023";"Wärme";"ARA";"Potenzial genutzt";"100,00000000";"Fehraltorf";"172"
"2023";"Wärme";"ARA";"Potenzial";"4525,39053300";"Fehraltorf";"172"
"2023";"Wärme";"ARA";"Potenzial ungenutzt";"4425,39053300";"Fehraltorf";"172"
"2024";"Wärme";"ARA";"Potenzial genutzt";"100,00000000";"Fehraltorf";"172"
"2024";"Wärme";"ARA";"Potenzial";"4525,39053300";"Fehraltorf";"172"
"2024";"Wärme";"ARA";"Potenzial ungenutzt";"4425,39053300";"Fehraltorf";"172"
"2005";"Wärme";"ARA";"Potenzial genutzt";"0,00000000";"Dübendorf";"191"
"2005";"Wärme";"ARA";"Potenzial";"22486,47562000";"Dübendorf";"191"
"2005";"Wärme";"ARA";"Potenzial ungenutzt";"22486,47562000";"Dübendorf";"191"
"2009";"Wärme";"ARA";"Potenzial genutzt";"7800,00000000";"Dübendorf";"191"
"2009";"Wärme";"ARA";"Potenzial";"22486,47562000";"Dübendorf";"191"
"2009";"Wärme";"ARA";"Potenzial ungenutzt";"14686,47562000";"Dübendorf";"191"
"2012";"Wärme";"ARA";"Potenzial genutzt";"7800,00000000";"Dübendorf";"191"
"2012";"Wärme";"ARA";"Potenzial";"22486,47562000";"Dübendorf";"191"
"2012";"Wärme";"ARA";"Potenzial ungenutzt";"14686,47562000";"Dübendorf";"191"
"2013";"Wärme";"ARA";"Potenzial genutzt";"7800,00000000";"Dübendorf";"191"
"2013";"Wärme";"ARA";"Potenzial";"22486,47562000";"Dübendorf";"191"
"2013";"Wärme";"ARA";"Potenzial ungenutzt";"14686,47562000";"Dübendorf";"191"
"2014";"Wärme";"ARA";"Potenzial genutzt";"7800,00000000";"Dübendorf";"191"
"2014";"Wärme";"ARA";"Potenzial";"22486,47562000";"Dübendorf";"191"
"2014";"Wärme";"ARA";"Potenzial ungenutzt";"14686,47562000";"Dübendorf";"191"
"2015";"Wärme";"ARA";"Potenzial genutzt";"7800,00000000";"Dübendorf";"191"
"2015";"Wärme";"ARA";"Potenzial";"22486,47562000";"Dübendorf";"191"
"2015";"Wärme";"ARA";"Potenzial ungenutzt";"14686,47562000";"Dübendorf";"191"
"2016";"Wärme";"ARA";"Potenzial genutzt";"7800,00000000";"Dübendorf";"191"
"2016";"Wärme";"ARA";"Potenzial";"22486,47562000";"Dübendorf";"191"
"2016";"Wärme";"ARA";"Potenzial ungenutzt";"14686,47562000";"Dübendorf";"191"
"2017";"Wärme";"ARA";"Potenzial genutzt";"7800,00000000";"Dübendorf";"191"
"2017";"Wärme";"ARA";"Potenzial";"22486,47562000";"Dübendorf";"191"
"2017";"Wärme";"ARA";"Potenzial ungenutzt";"14686,47562000";"Dübendorf";"191"
"2018";"Wärme";"ARA";"Potenzial genutzt";"7800,00000000";"Dübendorf";"191"
"2018";"Wärme";"ARA";"Potenzial";"22486,47562000";"Dübendorf";"191"
"2018";"Wärme";"ARA";"Potenzial ungenutzt";"14686,47562000";"Dübendorf";"191"
"2019";"Wärme";"ARA";"Potenzial genutzt";"7800,00000000";"Dübendorf";"191"
"2019";"Wärme";"ARA";"Potenzial";"22486,47562000";"Dübendorf";"191"
"2019";"Wärme";"ARA";"Potenzial ungenutzt";"14686,47562000";"Dübendorf";"191"
"2020";"Wärme";"ARA";"Potenzial genutzt";"7800,00000000";"Dübendorf";"191"
"2020";"Wärme";"ARA";"Potenzial";"22486,47562000";"Dübendorf";"191"
"2020";"Wärme";"ARA";"Potenzial ungenutzt";"14686,47562000";"Dübendorf";"191"
"2021";"Wärme";"ARA";"Potenzial genutzt";"7800,00000000";"Dübendorf";"191"
"2021";"Wärme";"ARA";"Potenzial";"22486,47562000";"Dübendorf";"191"
"2021";"Wärme";"ARA";"Potenzial ungenutzt";"14686,47562000";"Dübendorf";"191"
"2022";"Wärme";"ARA";"Potenzial genutzt";"7800,00000000";"Dübendorf";"191"
"2022";"Wärme";"ARA";"Potenzial";"22486,47562000";"Dübendorf";"191"
"2022";"Wärme";"ARA";"Potenzial ungenutzt";"14686,47562000";"Dübendorf";"191"
"2023";"Wärme";"ARA";"Potenzial genutzt";"7800,00000000";"Dübendorf";"191"
"2023";"Wärme";"ARA";"Potenzial";"22486,47562000";"Dübendorf";"191"
"2023";"Wärme";"ARA";"Potenzial ungenutzt";"14686,47562000";"Dübendorf";"191"
"2024";"Wärme";"ARA";"Potenzial genutzt";"7800,00000000";"Dübendorf";"191"
"2024";"Wärme";"ARA";"Potenzial";"22486,47562000";"Dübendorf";"191"
"2024";"Wärme";"ARA";"Potenzial ungenutzt";"14686,47562000";"Dübendorf";"191"
"2005";"Wärme";"ARA";"Potenzial genutzt";"660,00000000";"Egg";"192"
"2005";"Wärme";"ARA";"Potenzial";"6769,30950800";"Egg";"192"
"2005";"Wärme";"ARA";"Potenzial ungenutzt";"6109,30950800";"Egg";"192"
"2009";"Wärme";"ARA";"Potenzial genutzt";"0,00000000";"Egg";"192"
"2009";"Wärme";"ARA";"Potenzial";"6769,30950800";"Egg";"192"
"2009";"Wärme";"ARA";"Potenzial ungenutzt";"6769,30950800";"Egg";"192"
"2012";"Wärme";"ARA";"Potenzial genutzt";"0,00000000";"Egg";"192"
"2012";"Wärme";"ARA";"Potenzial";"6769,30950800";"Egg";"192"
"2012";"Wärme";"ARA";"Potenzial ungenutzt";"6769,30950800";"Egg";"192"
"2013";"Wärme";"ARA";"Potenzial genutzt";"715,00000000";"Egg";"192"
"2013";"Wärme";"ARA";"Potenzial";"6769,30950800";"Egg";"192"
"2013";"Wärme";"ARA";"Potenzial ungenutzt";"6054,30950800";"Egg";"192"
"2014";"Wärme";"ARA";"Potenzial genutzt";"715,00000000";"Egg";"192"
"2014";"Wärme";"ARA";"Potenzial";"6769,30950800";"Egg";"192"
"2014";"Wärme";"ARA";"Potenzial ungenutzt";"6054,30950800";"Egg";"192"
"2015";"Wärme";"ARA";"Potenzial genutzt";"715,00000000";"Egg";"192"
"2015";"Wärme";"ARA";"Potenzial";"6769,30950800";"Egg";"192"
"2015";"Wärme";"ARA";"Potenzial ungenutzt";"6054,30950800";"Egg";"192"
"2016";"Wärme";"ARA";"Potenzial genutzt";"715,00000000";"Egg";"192"
"2016";"Wärme";"ARA";"Potenzial";"6769,30950800";"Egg";"192"
"2016";"Wärme";"ARA";"Potenzial ungenutzt";"6054,30950800";"Egg";"192"
"2017";"Wärme";"ARA";"Potenzial genutzt";"715,00000000";"Egg";"192"
"2017";"Wärme";"ARA";"Potenzial";"6769,30950800";"Egg";"192"
"2017";"Wärme";"ARA";"Potenzial ungenutzt";"6054,30950800";"Egg";"192"
"2018";"Wärme";"ARA";"Potenzial genutzt";"715,00000000";"Egg";"192"
"2018";"Wärme";"ARA";"Potenzial";"6769,30950800";"Egg";"192"
"2018";"Wärme";"ARA";"Potenzial ungenutzt";"6054,30950800";"Egg";"192"
"2019";"Wärme";"ARA";"Potenzial genutzt";"715,00000000";"Egg";"192"
"2019";"Wärme";"ARA";"Potenzial";"6769,30950800";"Egg";"192"
"2019";"Wärme";"ARA";"Potenzial ungenutzt";"6054,30950800";"Egg";"192"
"2020";"Wärme";"ARA";"Potenzial genutzt";"715,00000000";"Egg";"192"
"2020";"Wärme";"ARA";"Potenzial";"6769,30950800";"Egg";"192"
"2020";"Wärme";"ARA";"Potenzial ungenutzt";"6054,30950800";"Egg";"192"
"2021";"Wärme";"ARA";"Potenzial genutzt";"715,00000000";"Egg";"192"
"2021";"Wärme";"ARA";"Potenzial";"6769,30950800";"Egg";"192"
"2021";"Wärme";"ARA";"Potenzial ungenutzt";"6054,30950800";"Egg";"192"
"2022";"Wärme";"ARA";"Potenzial genutzt";"715,00000000";"Egg";"192"
"2022";"Wärme";"ARA";"Potenzial";"6769,30950800";"Egg";"192"
"2022";"Wärme";"ARA";"Potenzial ungenutzt";"6054,30950800";"Egg";"192"
"2023";"Wärme";"ARA";"Potenzial genutzt";"715,00000000";"Egg";"192"
"2023";"Wärme";"ARA";"Potenzial";"6769,30950800";"Egg";"192"
"2023";"Wärme";"ARA";"Potenzial ungenutzt";"6054,30950800";"Egg";"192"
"2024";"Wärme";"ARA";"Potenzial genutzt";"715,00000000";"Egg";"192"
"2024";"Wärme";"ARA";"Potenzial";"6769,30950800";"Egg";"192"
"2024";"Wärme";"ARA";"Potenzial ungenutzt";"6054,30950800";"Egg";"192"
"2005";"Wärme";"ARA";"Potenzial genutzt";"0,00000000";"Mönchaltorf";"196"
"2005";"Wärme";"ARA";"Potenzial";"1321,58451000";"Mönchaltorf";"196"
"2005";"Wärme";"ARA";"Potenzial ungenutzt";"1321,58451000";"Mönchaltorf";"196"
"2009";"Wärme";"ARA";"Potenzial genutzt";"200,00000000";"Mönchaltorf";"196"
"2009";"Wärme";"ARA";"Potenzial";"1321,58451000";"Mönchaltorf";"196"
"2009";"Wärme";"ARA";"Potenzial ungenutzt";"1121,58451000";"Mönchaltorf";"196"
"2012";"Wärme";"ARA";"Potenzial genutzt";"200,00000000";"Mönchaltorf";"196"
"2012";"Wärme";"ARA";"Potenzial";"1321,58451000";"Mönchaltorf";"196"
"2012";"Wärme";"ARA";"Potenzial ungenutzt";"1121,58451000";"Mönchaltorf";"196"
"2013";"Wärme";"ARA";"Potenzial genutzt";"725,00000000";"Mönchaltorf";"196"
"2013";"Wärme";"ARA";"Potenzial";"1321,58451000";"Mönchaltorf";"196"
"2013";"Wärme";"ARA";"Potenzial ungenutzt";"596,58451000";"Mönchaltorf";"196"
"2014";"Wärme";"ARA";"Potenzial genutzt";"615,00000000";"Mönchaltorf";"196"
"2014";"Wärme";"ARA";"Potenzial";"1321,58451000";"Mönchaltorf";"196"
"2014";"Wärme";"ARA";"Potenzial ungenutzt";"706,58451000";"Mönchaltorf";"196"
"2015";"Wärme";"ARA";"Potenzial genutzt";"595,00000000";"Mönchaltorf";"196"
"2015";"Wärme";"ARA";"Potenzial";"1321,58451000";"Mönchaltorf";"196"
"2015";"Wärme";"ARA";"Potenzial ungenutzt";"726,58451000";"Mönchaltorf";"196"
"2016";"Wärme";"ARA";"Potenzial genutzt";"862,00000000";"Mönchaltorf";"196"
"2016";"Wärme";"ARA";"Potenzial";"1321,58451000";"Mönchaltorf";"196"
"2016";"Wärme";"ARA";"Potenzial ungenutzt";"459,58451000";"Mönchaltorf";"196"
"2017";"Wärme";"ARA";"Potenzial genutzt";"418,00000000";"Mönchaltorf";"196"
"2017";"Wärme";"ARA";"Potenzial";"1321,58451000";"Mönchaltorf";"196"
"2017";"Wärme";"ARA";"Potenzial ungenutzt";"903,58451000";"Mönchaltorf";"196"
"2018";"Wärme";"ARA";"Potenzial genutzt";"676,00000000";"Mönchaltorf";"196"
"2018";"Wärme";"ARA";"Potenzial";"1321,58451000";"Mönchaltorf";"196"
"2018";"Wärme";"ARA";"Potenzial ungenutzt";"645,58451000";"Mönchaltorf";"196"
"2019";"Wärme";"ARA";"Potenzial genutzt";"683,00000000";"Mönchaltorf";"196"
"2019";"Wärme";"ARA";"Potenzial";"1321,58451000";"Mönchaltorf";"196"
"2019";"Wärme";"ARA";"Potenzial ungenutzt";"638,58451000";"Mönchaltorf";"196"
"2020";"Wärme";"ARA";"Potenzial genutzt";"689,00000000";"Mönchaltorf";"196"
"2020";"Wärme";"ARA";"Potenzial";"1321,58451000";"Mönchaltorf";"196"
"2020";"Wärme";"ARA";"Potenzial ungenutzt";"632,58451000";"Mönchaltorf";"196"
"2021";"Wärme";"ARA";"Potenzial genutzt";"745,00000000";"Mönchaltorf";"196"
"2021";"Wärme";"ARA";"Potenzial";"1321,58451000";"Mönchaltorf";"196"
"2021";"Wärme";"ARA";"Potenzial ungenutzt";"576,58451000";"Mönchaltorf";"196"
"2022";"Wärme";"ARA";"Potenzial genutzt";"554,00000000";"Mönchaltorf";"196"
"2022";"Wärme";"ARA";"Potenzial";"1321,58451000";"Mönchaltorf";"196"
"2022";"Wärme";"ARA";"Potenzial ungenutzt";"767,58451000";"Mönchaltorf";"196"
"2023";"Wärme";"ARA";"Potenzial genutzt";"622,00000000";"Mönchaltorf";"196"
"2023";"Wärme";"ARA";"Potenzial";"1321,58451000";"Mönchaltorf";"196"
"2023";"Wärme";"ARA";"Potenzial ungenutzt";"699,58451000";"Mönchaltorf";"196"
"2024";"Wärme";"ARA";"Potenzial genutzt";"673,00000000";"Mönchaltorf";"196"
"2024";"Wärme";"ARA";"Potenzial";"1321,58451000";"Mönchaltorf";"196"
"2024";"Wärme";"ARA";"Potenzial ungenutzt";"648,58451000";"Mönchaltorf";"196"
"2005";"Wärme";"ARA";"Potenzial genutzt";"900,00000000";"Uster";"198"
"2005";"Wärme";"ARA";"Potenzial";"17020,22730000";"Uster";"198"
"2005";"Wärme";"ARA";"Potenzial ungenutzt";"16120,22730000";"Uster";"198"
"2009";"Wärme";"ARA";"Potenzial genutzt";"1200,00000000";"Uster";"198"
"2009";"Wärme";"ARA";"Potenzial";"17020,22730000";"Uster";"198"
"2009";"Wärme";"ARA";"Potenzial ungenutzt";"15820,22730000";"Uster";"198"
"2012";"Wärme";"ARA";"Potenzial genutzt";"1200,00000000";"Uster";"198"
"2012";"Wärme";"ARA";"Potenzial";"17020,22730000";"Uster";"198"
"2012";"Wärme";"ARA";"Potenzial ungenutzt";"15820,22730000";"Uster";"198"
"2013";"Wärme";"ARA";"Potenzial genutzt";"1208,00000000";"Uster";"198"
"2013";"Wärme";"ARA";"Potenzial";"17020,22730000";"Uster";"198"
"2013";"Wärme";"ARA";"Potenzial ungenutzt";"15812,22730000";"Uster";"198"
"2014";"Wärme";"ARA";"Potenzial genutzt";"901,00000000";"Uster";"198"
"2014";"Wärme";"ARA";"Potenzial";"17020,22730000";"Uster";"198"
"2014";"Wärme";"ARA";"Potenzial ungenutzt";"16119,22730000";"Uster";"198"
"2015";"Wärme";"ARA";"Potenzial genutzt";"1550,00000000";"Uster";"198"
"2015";"Wärme";"ARA";"Potenzial";"17020,22730000";"Uster";"198"
"2015";"Wärme";"ARA";"Potenzial ungenutzt";"15470,22730000";"Uster";"198"
"2016";"Wärme";"ARA";"Potenzial genutzt";"2017,00000000";"Uster";"198"
"2016";"Wärme";"ARA";"Potenzial";"17020,22730000";"Uster";"198"
"2016";"Wärme";"ARA";"Potenzial ungenutzt";"15003,22730000";"Uster";"198"
"2017";"Wärme";"ARA";"Potenzial genutzt";"2372,00000000";"Uster";"198"
"2017";"Wärme";"ARA";"Potenzial";"17020,22730000";"Uster";"198"
"2017";"Wärme";"ARA";"Potenzial ungenutzt";"14648,22730000";"Uster";"198"
"2018";"Wärme";"ARA";"Potenzial genutzt";"2326,00000000";"Uster";"198"
"2018";"Wärme";"ARA";"Potenzial";"17020,22730000";"Uster";"198"
"2018";"Wärme";"ARA";"Potenzial ungenutzt";"14694,22730000";"Uster";"198"
"2019";"Wärme";"ARA";"Potenzial genutzt";"2745,00000000";"Uster";"198"
"2019";"Wärme";"ARA";"Potenzial";"17020,22730000";"Uster";"198"
"2019";"Wärme";"ARA";"Potenzial ungenutzt";"14275,22730000";"Uster";"198"
"2020";"Wärme";"ARA";"Potenzial genutzt";"4152,00000000";"Uster";"198"
"2020";"Wärme";"ARA";"Potenzial";"17020,22730000";"Uster";"198"
"2020";"Wärme";"ARA";"Potenzial ungenutzt";"12868,22730000";"Uster";"198"
"2021";"Wärme";"ARA";"Potenzial genutzt";"3744,00000000";"Uster";"198"
"2021";"Wärme";"ARA";"Potenzial";"17020,22730000";"Uster";"198"
"2021";"Wärme";"ARA";"Potenzial ungenutzt";"13276,22730000";"Uster";"198"
"2022";"Wärme";"ARA";"Potenzial genutzt";"3387,00000000";"Uster";"198"
"2022";"Wärme";"ARA";"Potenzial";"17020,22730000";"Uster";"198"
"2022";"Wärme";"ARA";"Potenzial ungenutzt";"13633,22730000";"Uster";"198"
"2023";"Wärme";"ARA";"Potenzial genutzt";"3218,00000000";"Uster";"198"
"2023";"Wärme";"ARA";"Potenzial";"17020,22730000";"Uster";"198"
"2023";"Wärme";"ARA";"Potenzial ungenutzt";"13802,22730000";"Uster";"198"
"2024";"Wärme";"ARA";"Potenzial genutzt";"3238,00000000";"Uster";"198"
"2024";"Wärme";"ARA";"Potenzial";"17020,22730000";"Uster";"198"
"2024";"Wärme";"ARA";"Potenzial ungenutzt";"13782,22730000";"Uster";"198"
"2005";"Wärme";"ARA";"Potenzial genutzt";"0,00000000";"Winterthur";"230"
"2005";"Wärme";"ARA";"Potenzial";"51014,37216000";"Winterthur";"230"
"2005";"Wärme";"ARA";"Potenzial ungenutzt";"51014,37216000";"Winterthur";"230"
"2009";"Wärme";"ARA";"Potenzial genutzt";"400,00000000";"Winterthur";"230"
"2009";"Wärme";"ARA";"Potenzial";"51014,37216000";"Winterthur";"230"
"2009";"Wärme";"ARA";"Potenzial ungenutzt";"50614,37216000";"Winterthur";"230"
"2012";"Wärme";"ARA";"Potenzial genutzt";"400,00000000";"Winterthur";"230"
"2012";"Wärme";"ARA";"Potenzial";"51014,37216000";"Winterthur";"230"
"2012";"Wärme";"ARA";"Potenzial ungenutzt";"50614,37216000";"Winterthur";"230"
"2013";"Wärme";"ARA";"Potenzial genutzt";"400,00000000";"Winterthur";"230"
"2013";"Wärme";"ARA";"Potenzial";"51014,37216000";"Winterthur";"230"
"2013";"Wärme";"ARA";"Potenzial ungenutzt";"50614,37216000";"Winterthur";"230"
"2014";"Wärme";"ARA";"Potenzial genutzt";"400,00000000";"Winterthur";"230"
"2014";"Wärme";"ARA";"Potenzial";"51014,37216000";"Winterthur";"230"
"2014";"Wärme";"ARA";"Potenzial ungenutzt";"50614,37216000";"Winterthur";"230"
"2015";"Wärme";"ARA";"Potenzial genutzt";"400,00000000";"Winterthur";"230"
"2015";"Wärme";"ARA";"Potenzial";"51014,37216000";"Winterthur";"230"
"2015";"Wärme";"ARA";"Potenzial ungenutzt";"50614,37216000";"Winterthur";"230"
"2016";"Wärme";"ARA";"Potenzial genutzt";"400,00000000";"Winterthur";"230"
"2016";"Wärme";"ARA";"Potenzial";"51014,37216000";"Winterthur";"230"
"2016";"Wärme";"ARA";"Potenzial ungenutzt";"50614,37216000";"Winterthur";"230"
"2017";"Wärme";"ARA";"Potenzial genutzt";"400,00000000";"Winterthur";"230"
"2017";"Wärme";"ARA";"Potenzial";"51014,37216000";"Winterthur";"230"
"2017";"Wärme";"ARA";"Potenzial ungenutzt";"50614,37216000";"Winterthur";"230"
"2018";"Wärme";"ARA";"Potenzial genutzt";"400,00000000";"Winterthur";"230"
"2018";"Wärme";"ARA";"Potenzial";"51014,37216000";"Winterthur";"230"
"2018";"Wärme";"ARA";"Potenzial ungenutzt";"50614,37216000";"Winterthur";"230"
"2019";"Wärme";"ARA";"Potenzial genutzt";"400,00000000";"Winterthur";"230"
"2019";"Wärme";"ARA";"Potenzial";"51014,37216000";"Winterthur";"230"
"2019";"Wärme";"ARA";"Potenzial ungenutzt";"50614,37216000";"Winterthur";"230"
"2020";"Wärme";"ARA";"Potenzial genutzt";"400,00000000";"Winterthur";"230"
"2020";"Wärme";"ARA";"Potenzial";"51014,37216000";"Winterthur";"230"
"2020";"Wärme";"ARA";"Potenzial ungenutzt";"50614,37216000";"Winterthur";"230"
"2021";"Wärme";"ARA";"Potenzial genutzt";"400,00000000";"Winterthur";"230"
"2021";"Wärme";"ARA";"Potenzial";"51014,37216000";"Winterthur";"230"
"2021";"Wärme";"ARA";"Potenzial ungenutzt";"50614,37216000";"Winterthur";"230"
"2022";"Wärme";"ARA";"Potenzial genutzt";"400,00000000";"Winterthur";"230"
"2022";"Wärme";"ARA";"Potenzial";"51014,37216000";"Winterthur";"230"
"2022";"Wärme";"ARA";"Potenzial ungenutzt";"50614,37216000";"Winterthur";"230"
"2023";"Wärme";"ARA";"Potenzial genutzt";"400,00000000";"Winterthur";"230"
"2023";"Wärme";"ARA";"Potenzial";"51014,37216000";"Winterthur";"230"
"2023";"Wärme";"ARA";"Potenzial ungenutzt";"50614,37216000";"Winterthur";"230"
"2024";"Wärme";"ARA";"Potenzial genutzt";"400,00000000";"Winterthur";"230"
"2024";"Wärme";"ARA";"Potenzial";"51014,37216000";"Winterthur";"230"
"2024";"Wärme";"ARA";"Potenzial ungenutzt";"50614,37216000";"Winterthur";"230"
"2005";"Wärme";"ARA";"Potenzial genutzt";"0,00000000";"Dietikon";"243"
"2005";"Wärme";"ARA";"Potenzial";"38396,85716000";"Dietikon";"243"
"2005";"Wärme";"ARA";"Potenzial ungenutzt";"38396,85716000";"Dietikon";"243"
"2009";"Wärme";"ARA";"Potenzial genutzt";"3200,00000000";"Dietikon";"243"
"2009";"Wärme";"ARA";"Potenzial";"38396,85716000";"Dietikon";"243"
"2009";"Wärme";"ARA";"Potenzial ungenutzt";"35196,85716000";"Dietikon";"243"
"2012";"Wärme";"ARA";"Potenzial genutzt";"3200,00000000";"Dietikon";"243"
"2012";"Wärme";"ARA";"Potenzial";"38396,85716000";"Dietikon";"243"
"2012";"Wärme";"ARA";"Potenzial ungenutzt";"35196,85716000";"Dietikon";"243"
"2013";"Wärme";"ARA";"Potenzial genutzt";"2761,00000000";"Dietikon";"243"
"2013";"Wärme";"ARA";"Potenzial";"38396,85716000";"Dietikon";"243"
"2013";"Wärme";"ARA";"Potenzial ungenutzt";"35635,85716000";"Dietikon";"243"
"2014";"Wärme";"ARA";"Potenzial genutzt";"3068,00000000";"Dietikon";"243"
"2014";"Wärme";"ARA";"Potenzial";"38396,85716000";"Dietikon";"243"
"2014";"Wärme";"ARA";"Potenzial ungenutzt";"35328,85716000";"Dietikon";"243"
"2015";"Wärme";"ARA";"Potenzial genutzt";"3933,00000000";"Dietikon";"243"
"2015";"Wärme";"ARA";"Potenzial";"38396,85716000";"Dietikon";"243"
"2015";"Wärme";"ARA";"Potenzial ungenutzt";"34463,85716000";"Dietikon";"243"
"2016";"Wärme";"ARA";"Potenzial genutzt";"5856,00000000";"Dietikon";"243"
"2016";"Wärme";"ARA";"Potenzial";"38396,85716000";"Dietikon";"243"
"2016";"Wärme";"ARA";"Potenzial ungenutzt";"32540,85716000";"Dietikon";"243"
"2017";"Wärme";"ARA";"Potenzial genutzt";"5287,00000000";"Dietikon";"243"
"2017";"Wärme";"ARA";"Potenzial";"38396,85716000";"Dietikon";"243"
"2017";"Wärme";"ARA";"Potenzial ungenutzt";"33109,85716000";"Dietikon";"243"
"2018";"Wärme";"ARA";"Potenzial genutzt";"5104,00000000";"Dietikon";"243"
"2018";"Wärme";"ARA";"Potenzial";"38396,85716000";"Dietikon";"243"
"2018";"Wärme";"ARA";"Potenzial ungenutzt";"33292,85716000";"Dietikon";"243"
"2019";"Wärme";"ARA";"Potenzial genutzt";"6042,00000000";"Dietikon";"243"
"2019";"Wärme";"ARA";"Potenzial";"38396,85716000";"Dietikon";"243"
"2019";"Wärme";"ARA";"Potenzial ungenutzt";"32354,85716000";"Dietikon";"243"
"2020";"Wärme";"ARA";"Potenzial genutzt";"6172,00000000";"Dietikon";"243"
"2020";"Wärme";"ARA";"Potenzial";"38396,85716000";"Dietikon";"243"
"2020";"Wärme";"ARA";"Potenzial ungenutzt";"32224,85716000";"Dietikon";"243"
"2021";"Wärme";"ARA";"Potenzial genutzt";"6172,00000000";"Dietikon";"243"
"2021";"Wärme";"ARA";"Potenzial";"38396,85716000";"Dietikon";"243"
"2021";"Wärme";"ARA";"Potenzial ungenutzt";"32224,85716000";"Dietikon";"243"
"2022";"Wärme";"ARA";"Potenzial genutzt";"6172,00000000";"Dietikon";"243"
"2022";"Wärme";"ARA";"Potenzial";"38396,85716000";"Dietikon";"243"
"2022";"Wärme";"ARA";"Potenzial ungenutzt";"32224,85716000";"Dietikon";"243"
"2023";"Wärme";"ARA";"Potenzial genutzt";"6172,00000000";"Dietikon";"243"
"2023";"Wärme";"ARA";"Potenzial";"38396,85716000";"Dietikon";"243"
"2023";"Wärme";"ARA";"Potenzial ungenutzt";"32224,85716000";"Dietikon";"243"
"2024";"Wärme";"ARA";"Potenzial genutzt";"5915,00000000";"Dietikon";"243"
"2024";"Wärme";"ARA";"Potenzial";"38396,85716000";"Dietikon";"243"
"2024";"Wärme";"ARA";"Potenzial ungenutzt";"32481,85716000";"Dietikon";"243"
"2005";"Wärme";"ARA";"Potenzial genutzt";"2000,00000000";"Zürich";"261"
"2005";"Wärme";"ARA";"Potenzial";"197869,81430000";"Zürich";"261"
"2005";"Wärme";"ARA";"Potenzial ungenutzt";"195869,81430000";"Zürich";"261"
"2009";"Wärme";"ARA";"Potenzial genutzt";"32552,00000000";"Zürich";"261"
"2009";"Wärme";"ARA";"Potenzial";"197869,81430000";"Zürich";"261"
"2009";"Wärme";"ARA";"Potenzial ungenutzt";"165317,81430000";"Zürich";"261"
"2012";"Wärme";"ARA";"Potenzial genutzt";"39849,00000000";"Zürich";"261"
"2012";"Wärme";"ARA";"Potenzial";"197869,81430000";"Zürich";"261"
"2012";"Wärme";"ARA";"Potenzial ungenutzt";"158020,81430000";"Zürich";"261"
"2013";"Wärme";"ARA";"Potenzial genutzt";"44271,00000000";"Zürich";"261"
"2013";"Wärme";"ARA";"Potenzial";"197869,81430000";"Zürich";"261"
"2013";"Wärme";"ARA";"Potenzial ungenutzt";"153598,81430000";"Zürich";"261"
"2014";"Wärme";"ARA";"Potenzial genutzt";"39447,00000000";"Zürich";"261"
"2014";"Wärme";"ARA";"Potenzial";"197869,81430000";"Zürich";"261"
"2014";"Wärme";"ARA";"Potenzial ungenutzt";"158422,81430000";"Zürich";"261"
"2015";"Wärme";"ARA";"Potenzial genutzt";"42596,00000000";"Zürich";"261"
"2015";"Wärme";"ARA";"Potenzial";"197869,81430000";"Zürich";"261"
"2015";"Wärme";"ARA";"Potenzial ungenutzt";"155273,81430000";"Zürich";"261"
"2016";"Wärme";"ARA";"Potenzial genutzt";"43119,00000000";"Zürich";"261"
"2016";"Wärme";"ARA";"Potenzial";"197869,81430000";"Zürich";"261"
"2016";"Wärme";"ARA";"Potenzial ungenutzt";"154750,81430000";"Zürich";"261"
"2017";"Wärme";"ARA";"Potenzial genutzt";"45176,00000000";"Zürich";"261"
"2017";"Wärme";"ARA";"Potenzial";"197869,81430000";"Zürich";"261"
"2017";"Wärme";"ARA";"Potenzial ungenutzt";"152693,81430000";"Zürich";"261"
"2018";"Wärme";"ARA";"Potenzial genutzt";"42586,00000000";"Zürich";"261"
"2018";"Wärme";"ARA";"Potenzial";"197869,81430000";"Zürich";"261"
"2018";"Wärme";"ARA";"Potenzial ungenutzt";"155283,81430000";"Zürich";"261"
"2019";"Wärme";"ARA";"Potenzial genutzt";"46754,00000000";"Zürich";"261"
"2019";"Wärme";"ARA";"Potenzial";"197869,81430000";"Zürich";"261"
"2019";"Wärme";"ARA";"Potenzial ungenutzt";"151115,81430000";"Zürich";"261"
"2020";"Wärme";"ARA";"Potenzial genutzt";"49565,00000000";"Zürich";"261"
"2020";"Wärme";"ARA";"Potenzial";"197869,81430000";"Zürich";"261"
"2020";"Wärme";"ARA";"Potenzial ungenutzt";"148304,81430000";"Zürich";"261"
"2021";"Wärme";"ARA";"Potenzial genutzt";"58175,00000000";"Zürich";"261"
"2021";"Wärme";"ARA";"Potenzial";"197869,81430000";"Zürich";"261"
"2021";"Wärme";"ARA";"Potenzial ungenutzt";"139694,81430000";"Zürich";"261"
"2022";"Wärme";"ARA";"Potenzial genutzt";"50057,00000000";"Zürich";"261"
"2022";"Wärme";"ARA";"Potenzial";"197869,81430000";"Zürich";"261"
"2022";"Wärme";"ARA";"Potenzial ungenutzt";"147812,81430000";"Zürich";"261"
"2023";"Wärme";"ARA";"Potenzial genutzt";"50057,00000000";"Zürich";"261"
"2023";"Wärme";"ARA";"Potenzial";"197869,81430000";"Zürich";"261"
"2023";"Wärme";"ARA";"Potenzial ungenutzt";"147812,81430000";"Zürich";"261"
"2005";"Wärme";"ARA";"Potenzial genutzt";"1200,00000000";"Wädenswil";"293"
"2005";"Wärme";"ARA";"Potenzial";"4478,19139965";"Wädenswil";"293"
"2005";"Wärme";"ARA";"Potenzial ungenutzt";"3278,19139965";"Wädenswil";"293"
"2009";"Wärme";"ARA";"Potenzial genutzt";"1400,00000000";"Wädenswil";"293"
"2009";"Wärme";"ARA";"Potenzial";"4478,19139965";"Wädenswil";"293"
"2009";"Wärme";"ARA";"Potenzial ungenutzt";"3078,19139965";"Wädenswil";"293"
"2012";"Wärme";"ARA";"Potenzial genutzt";"1400,00000000";"Wädenswil";"293"
"2012";"Wärme";"ARA";"Potenzial";"4478,19139965";"Wädenswil";"293"
"2012";"Wärme";"ARA";"Potenzial ungenutzt";"3078,19139965";"Wädenswil";"293"
"2013";"Wärme";"ARA";"Potenzial genutzt";"1400,00000000";"Wädenswil";"293"
"2013";"Wärme";"ARA";"Potenzial";"4478,19139965";"Wädenswil";"293"
"2013";"Wärme";"ARA";"Potenzial ungenutzt";"3078,19139965";"Wädenswil";"293"
"2014";"Wärme";"ARA";"Potenzial genutzt";"1400,00000000";"Wädenswil";"293"
"2014";"Wärme";"ARA";"Potenzial";"4478,19139965";"Wädenswil";"293"
"2014";"Wärme";"ARA";"Potenzial ungenutzt";"3078,19139965";"Wädenswil";"293"
"2015";"Wärme";"ARA";"Potenzial genutzt";"1400,00000000";"Wädenswil";"293"
"2015";"Wärme";"ARA";"Potenzial";"4478,19139965";"Wädenswil";"293"
"2015";"Wärme";"ARA";"Potenzial ungenutzt";"3078,19139965";"Wädenswil";"293"
"2016";"Wärme";"ARA";"Potenzial genutzt";"1400,00000000";"Wädenswil";"293"
"2016";"Wärme";"ARA";"Potenzial";"4478,19139965";"Wädenswil";"293"
"2016";"Wärme";"ARA";"Potenzial ungenutzt";"3078,19139965";"Wädenswil";"293"
"2017";"Wärme";"ARA";"Potenzial genutzt";"1400,00000000";"Wädenswil";"293"
"2017";"Wärme";"ARA";"Potenzial";"4478,19139965";"Wädenswil";"293"
"2017";"Wärme";"ARA";"Potenzial ungenutzt";"3078,19139965";"Wädenswil";"293"
"2018";"Wärme";"ARA";"Potenzial genutzt";"1400,00000000";"Wädenswil";"293"
"2018";"Wärme";"ARA";"Potenzial";"4478,19139965";"Wädenswil";"293"
"2018";"Wärme";"ARA";"Potenzial ungenutzt";"3078,19139965";"Wädenswil";"293"
"2019";"Wärme";"ARA";"Potenzial genutzt";"1400,00000000";"Wädenswil";"293"
"2019";"Wärme";"ARA";"Potenzial";"4478,19139965";"Wädenswil";"293"
"2019";"Wärme";"ARA";"Potenzial ungenutzt";"3078,19139965";"Wädenswil";"293"
"2020";"Wärme";"ARA";"Potenzial genutzt";"1400,00000000";"Wädenswil";"293"
"2020";"Wärme";"ARA";"Potenzial";"4478,19139965";"Wädenswil";"293"
"2020";"Wärme";"ARA";"Potenzial ungenutzt";"3078,19139965";"Wädenswil";"293"
"2021";"Wärme";"ARA";"Potenzial genutzt";"1400,00000000";"Wädenswil";"293"
"2021";"Wärme";"ARA";"Potenzial";"4478,19139965";"Wädenswil";"293"
"2021";"Wärme";"ARA";"Potenzial ungenutzt";"3078,19139965";"Wädenswil";"293"
"2022";"Wärme";"ARA";"Potenzial genutzt";"1400,00000000";"Wädenswil";"293"
"2022";"Wärme";"ARA";"Potenzial";"4478,19139965";"Wädenswil";"293"
"2022";"Wärme";"ARA";"Potenzial ungenutzt";"3078,19139965";"Wädenswil";"293"
"2023";"Wärme";"ARA";"Potenzial genutzt";"1400,00000000";"Wädenswil";"293"
"2023";"Wärme";"ARA";"Potenzial";"4478,19139965";"Wädenswil";"293"
"2023";"Wärme";"ARA";"Potenzial ungenutzt";"3078,19139965";"Wädenswil";"293"
"2024";"Wärme";"ARA";"Potenzial genutzt";"1400,00000000";"Wädenswil";"293"
"2024";"Wärme";"ARA";"Potenzial";"4478,19139965";"Wädenswil";"293"
"2024";"Wärme";"ARA";"Potenzial ungenutzt";"3078,19139965";"Wädenswil";"293"
"2005";"Wärme";"ARA";"Potenzial genutzt";"0,00000000";"Horgen";"295"
"2005";"Wärme";"ARA";"Potenzial";"10795,53642000";"Horgen";"295"
"2005";"Wärme";"ARA";"Potenzial ungenutzt";"10795,53642000";"Horgen";"295"
"2009";"Wärme";"ARA";"Potenzial genutzt";"0,00000000";"Horgen";"295"
"2009";"Wärme";"ARA";"Potenzial";"10795,53642000";"Horgen";"295"
"2009";"Wärme";"ARA";"Potenzial ungenutzt";"10795,53642000";"Horgen";"295"
"2012";"Wärme";"ARA";"Potenzial genutzt";"0,00000000";"Horgen";"295"
"2012";"Wärme";"ARA";"Potenzial";"10795,53642000";"Horgen";"295"
"2012";"Wärme";"ARA";"Potenzial ungenutzt";"10795,53642000";"Horgen";"295"
"2013";"Wärme";"ARA";"Potenzial genutzt";"2190,00000000";"Horgen";"295"
"2013";"Wärme";"ARA";"Potenzial";"10795,53642000";"Horgen";"295"
"2013";"Wärme";"ARA";"Potenzial ungenutzt";"8605,53642000";"Horgen";"295"
"2014";"Wärme";"ARA";"Potenzial genutzt";"1715,00000000";"Horgen";"295"
"2014";"Wärme";"ARA";"Potenzial";"10795,53642000";"Horgen";"295"
"2014";"Wärme";"ARA";"Potenzial ungenutzt";"9080,53642000";"Horgen";"295"
"2015";"Wärme";"ARA";"Potenzial genutzt";"1767,00000000";"Horgen";"295"
"2015";"Wärme";"ARA";"Potenzial";"10795,53642000";"Horgen";"295"
"2015";"Wärme";"ARA";"Potenzial ungenutzt";"9028,53642000";"Horgen";"295"
"2016";"Wärme";"ARA";"Potenzial genutzt";"1844,00000000";"Horgen";"295"
"2016";"Wärme";"ARA";"Potenzial";"10795,53642000";"Horgen";"295"
"2016";"Wärme";"ARA";"Potenzial ungenutzt";"8951,53642000";"Horgen";"295"
"2017";"Wärme";"ARA";"Potenzial genutzt";"2090,00000000";"Horgen";"295"
"2017";"Wärme";"ARA";"Potenzial";"10795,53642000";"Horgen";"295"
"2017";"Wärme";"ARA";"Potenzial ungenutzt";"8705,53642000";"Horgen";"295"
"2018";"Wärme";"ARA";"Potenzial genutzt";"1995,00000000";"Horgen";"295"
"2018";"Wärme";"ARA";"Potenzial";"10795,53642000";"Horgen";"295"
"2018";"Wärme";"ARA";"Potenzial ungenutzt";"8800,53642000";"Horgen";"295"
"2019";"Wärme";"ARA";"Potenzial genutzt";"2039,00000000";"Horgen";"295"
"2019";"Wärme";"ARA";"Potenzial";"10795,53642000";"Horgen";"295"
"2019";"Wärme";"ARA";"Potenzial ungenutzt";"8756,53642000";"Horgen";"295"
"2020";"Wärme";"ARA";"Potenzial genutzt";"2917,00000000";"Horgen";"295"
"2020";"Wärme";"ARA";"Potenzial";"10795,53642000";"Horgen";"295"
"2020";"Wärme";"ARA";"Potenzial ungenutzt";"7878,53642000";"Horgen";"295"
"2021";"Wärme";"ARA";"Potenzial genutzt";"2037,00000000";"Horgen";"295"
"2021";"Wärme";"ARA";"Potenzial";"10795,53642000";"Horgen";"295"
"2021";"Wärme";"ARA";"Potenzial ungenutzt";"8758,53642000";"Horgen";"295"
"2022";"Wärme";"ARA";"Potenzial genutzt";"1829,00000000";"Horgen";"295"
"2022";"Wärme";"ARA";"Potenzial";"10795,53642000";"Horgen";"295"
"2022";"Wärme";"ARA";"Potenzial ungenutzt";"8966,53642000";"Horgen";"295"
"2023";"Wärme";"ARA";"Potenzial genutzt";"1931,00000000";"Horgen";"295"
"2023";"Wärme";"ARA";"Potenzial";"10795,53642000";"Horgen";"295"
"2023";"Wärme";"ARA";"Potenzial ungenutzt";"8864,53642000";"Horgen";"295"
"2024";"Wärme";"ARA";"Potenzial genutzt";"1911,00000000";"Horgen";"295"
"2024";"Wärme";"ARA";"Potenzial";"10795,53642000";"Horgen";"295"
"2024";"Wärme";"ARA";"Potenzial ungenutzt";"8884,53642000";"Horgen";"295"
"2005";"Wärme";"ARA";"Potenzial genutzt";"1200,00000000";"Illnau-Effretikon";"296"
"2005";"Wärme";"ARA";"Potenzial";"7120,11011900";"Illnau-Effretikon";"296"
"2005";"Wärme";"ARA";"Potenzial ungenutzt";"5920,11011900";"Illnau-Effretikon";"296"
"2009";"Wärme";"ARA";"Potenzial genutzt";"1200,00000000";"Illnau-Effretikon";"296"
"2009";"Wärme";"ARA";"Potenzial";"7120,11011900";"Illnau-Effretikon";"296"
"2009";"Wärme";"ARA";"Potenzial ungenutzt";"5920,11011900";"Illnau-Effretikon";"296"
"2012";"Wärme";"ARA";"Potenzial genutzt";"1200,00000000";"Illnau-Effretikon";"296"
"2012";"Wärme";"ARA";"Potenzial";"7120,11011900";"Illnau-Effretikon";"296"
"2012";"Wärme";"ARA";"Potenzial ungenutzt";"5920,11011900";"Illnau-Effretikon";"296"
"2013";"Wärme";"ARA";"Potenzial genutzt";"1454,00000000";"Illnau-Effretikon";"296"
"2013";"Wärme";"ARA";"Potenzial";"7120,11011900";"Illnau-Effretikon";"296"
"2013";"Wärme";"ARA";"Potenzial ungenutzt";"5666,11011900";"Illnau-Effretikon";"296"
"2014";"Wärme";"ARA";"Potenzial genutzt";"1151,00000000";"Illnau-Effretikon";"296"
"2014";"Wärme";"ARA";"Potenzial";"7120,11011900";"Illnau-Effretikon";"296"
"2014";"Wärme";"ARA";"Potenzial ungenutzt";"5969,11011900";"Illnau-Effretikon";"296"
"2015";"Wärme";"ARA";"Potenzial genutzt";"1176,00000000";"Illnau-Effretikon";"296"
"2015";"Wärme";"ARA";"Potenzial";"7120,11011900";"Illnau-Effretikon";"296"
"2015";"Wärme";"ARA";"Potenzial ungenutzt";"5944,11011900";"Illnau-Effretikon";"296"
"2016";"Wärme";"ARA";"Potenzial genutzt";"1252,00000000";"Illnau-Effretikon";"296"
"2016";"Wärme";"ARA";"Potenzial";"7120,11011900";"Illnau-Effretikon";"296"
"2016";"Wärme";"ARA";"Potenzial ungenutzt";"5868,11011900";"Illnau-Effretikon";"296"
"2017";"Wärme";"ARA";"Potenzial genutzt";"1156,00000000";"Illnau-Effretikon";"296"
"2017";"Wärme";"ARA";"Potenzial";"7120,11011900";"Illnau-Effretikon";"296"
"2017";"Wärme";"ARA";"Potenzial ungenutzt";"5964,11011900";"Illnau-Effretikon";"296"
"2018";"Wärme";"ARA";"Potenzial genutzt";"1134,00000000";"Illnau-Effretikon";"296"
"2018";"Wärme";"ARA";"Potenzial";"7120,11011900";"Illnau-Effretikon";"296"
"2018";"Wärme";"ARA";"Potenzial ungenutzt";"5986,11011900";"Illnau-Effretikon";"296"
"2019";"Wärme";"ARA";"Potenzial genutzt";"1324,00000000";"Illnau-Effretikon";"296"
"2019";"Wärme";"ARA";"Potenzial";"7120,11011900";"Illnau-Effretikon";"296"
"2019";"Wärme";"ARA";"Potenzial ungenutzt";"5796,11011900";"Illnau-Effretikon";"296"
"2020";"Wärme";"ARA";"Potenzial genutzt";"1399,00000000";"Illnau-Effretikon";"296"
"2020";"Wärme";"ARA";"Potenzial";"7120,11011900";"Illnau-Effretikon";"296"
"2020";"Wärme";"ARA";"Potenzial ungenutzt";"5721,11011900";"Illnau-Effretikon";"296"
"2021";"Wärme";"ARA";"Potenzial genutzt";"1614,00000000";"Illnau-Effretikon";"296"
"2021";"Wärme";"ARA";"Potenzial";"7120,11011900";"Illnau-Effretikon";"296"
"2021";"Wärme";"ARA";"Potenzial ungenutzt";"5506,11011900";"Illnau-Effretikon";"296"
"2022";"Wärme";"ARA";"Potenzial genutzt";"1348,00000000";"Illnau-Effretikon";"296"
"2022";"Wärme";"ARA";"Potenzial";"7120,11011900";"Illnau-Effretikon";"296"
"2022";"Wärme";"ARA";"Potenzial ungenutzt";"5772,11011900";"Illnau-Effretikon";"296"
"2023";"Wärme";"ARA";"Potenzial genutzt";"1214,00000000";"Illnau-Effretikon";"296"
"2023";"Wärme";"ARA";"Potenzial";"7120,11011900";"Illnau-Effretikon";"296"
"2023";"Wärme";"ARA";"Potenzial ungenutzt";"5906,11011900";"Illnau-Effretikon";"296"
"2024";"Wärme";"ARA";"Potenzial genutzt";"1230,00000000";"Illnau-Effretikon";"296"
"2024";"Wärme";"ARA";"Potenzial";"7120,11011900";"Illnau-Effretikon";"296"
"2024";"Wärme";"ARA";"Potenzial ungenutzt";"5890,11011900";"Illnau-Effretikon";"296"
