bfsakt,gemakt,jahr,wert,einheit
1,Aeugst a.A.,2004,0,MWh
1,Aeugst a.A.,2005,0,MWh
1,Aeugst a.A.,2006,0,MWh
1,Aeugst a.A.,2007,0,MWh
1,Aeugst a.A.,2008,0,MWh
1,Aeugst a.A.,2009,0,MWh
1,Aeugst a.A.,2010,0,MWh
1,Aeugst a.A.,2011,0,MWh
1,Aeugst a.A.,2012,0,MWh
1,Aeugst a.A.,2013,0,MWh
1,Aeugst a.A.,2014,0,MWh
1,Aeugst a.A.,2015,0,MWh
1,Aeugst a.A.,2016,0,MWh
1,Aeugst a.A.,2017,0,MWh
1,Aeugst a.A.,2018,0,MWh
1,Aeugst a.A.,2019,0,MWh
1,Aeugst a.A.,2020,0,MWh
1,Aeugst a.A.,2021,0,MWh
1,Aeugst a.A.,2022,0,MWh
1,Aeugst a.A.,2023,0,MWh
1,Aeugst a.A.,2024,0,MWh
2,Affoltern a.A.,2004,0,MWh
2,Affoltern a.A.,2005,0,MWh
2,Affoltern a.A.,2006,0,MWh
2,Affoltern a.A.,2007,0,MWh
2,Affoltern a.A.,2008,1493,MWh
2,Affoltern a.A.,2009,2749,MWh
2,Affoltern a.A.,2010,3892,MWh
2,Affoltern a.A.,2011,6770,MWh
2,Affoltern a.A.,2012,9722,MWh
2,Affoltern a.A.,2013,9957,MWh
2,Affoltern a.A.,2014,8022,MWh
2,Affoltern a.A.,2015,8694,MWh
2,Affoltern a.A.,2016,7725,MWh
2,Affoltern a.A.,2017,8793,MWh
2,Affoltern a.A.,2018,8662,MWh
2,Affoltern a.A.,2019,9928,MWh
2,Affoltern a.A.,2020,9092,MWh
2,Affoltern a.A.,2021,9375,MWh
2,Affoltern a.A.,2022,9084,MWh
2,Affoltern a.A.,2023,8827,MWh
2,Affoltern a.A.,2024,8742,MWh
3,Bonstetten,2004,0,MWh
3,Bonstetten,2005,0,MWh
3,Bonstetten,2006,0,MWh
3,Bonstetten,2007,0,MWh
3,Bonstetten,2008,0,MWh
3,Bonstetten,2009,0,MWh
3,Bonstetten,2010,483,MWh
3,Bonstetten,2011,377,MWh
3,Bonstetten,2012,391,MWh
3,Bonstetten,2013,2097,MWh
3,Bonstetten,2014,1611,MWh
3,Bonstetten,2015,1274,MWh
3,Bonstetten,2016,1493,MWh
3,Bonstetten,2017,3925,MWh
3,Bonstetten,2018,4379,MWh
3,Bonstetten,2019,3952,MWh
3,Bonstetten,2020,3730,MWh
3,Bonstetten,2021,4238,MWh
3,Bonstetten,2022,4076,MWh
3,Bonstetten,2023,2796,MWh
3,Bonstetten,2024,2930,MWh
4,Hausen a.A.,2004,0,MWh
4,Hausen a.A.,2005,0,MWh
4,Hausen a.A.,2006,0,MWh
4,Hausen a.A.,2007,0,MWh
4,Hausen a.A.,2008,0,MWh
4,Hausen a.A.,2009,0,MWh
4,Hausen a.A.,2010,0,MWh
4,Hausen a.A.,2011,0,MWh
4,Hausen a.A.,2012,0,MWh
4,Hausen a.A.,2013,0,MWh
4,Hausen a.A.,2014,0,MWh
4,Hausen a.A.,2015,0,MWh
4,Hausen a.A.,2016,0,MWh
4,Hausen a.A.,2017,0,MWh
4,Hausen a.A.,2018,0,MWh
4,Hausen a.A.,2019,0,MWh
4,Hausen a.A.,2020,0,MWh
4,Hausen a.A.,2021,0,MWh
4,Hausen a.A.,2022,0,MWh
4,Hausen a.A.,2023,0,MWh
4,Hausen a.A.,2024,0,MWh
5,Hedingen,2004,0,MWh
5,Hedingen,2005,0,MWh
5,Hedingen,2006,0,MWh
5,Hedingen,2007,0,MWh
5,Hedingen,2008,4002,MWh
5,Hedingen,2009,12726,MWh
5,Hedingen,2010,27205,MWh
5,Hedingen,2011,33569,MWh
5,Hedingen,2012,40186,MWh
5,Hedingen,2013,39045,MWh
5,Hedingen,2014,35995,MWh
5,Hedingen,2015,35451,MWh
5,Hedingen,2016,32826,MWh
5,Hedingen,2017,37104,MWh
5,Hedingen,2018,44332,MWh
5,Hedingen,2019,40779,MWh
5,Hedingen,2020,38856,MWh
5,Hedingen,2021,30976,MWh
5,Hedingen,2022,40590,MWh
5,Hedingen,2023,35162,MWh
5,Hedingen,2024,33472,MWh
6,Kappel a.A.,2004,0,MWh
6,Kappel a.A.,2005,0,MWh
6,Kappel a.A.,2006,0,MWh
6,Kappel a.A.,2007,0,MWh
6,Kappel a.A.,2008,0,MWh
6,Kappel a.A.,2009,0,MWh
6,Kappel a.A.,2010,0,MWh
6,Kappel a.A.,2011,0,MWh
6,Kappel a.A.,2012,0,MWh
6,Kappel a.A.,2013,0,MWh
6,Kappel a.A.,2014,0,MWh
6,Kappel a.A.,2015,0,MWh
6,Kappel a.A.,2016,0,MWh
6,Kappel a.A.,2017,0,MWh
6,Kappel a.A.,2018,0,MWh
6,Kappel a.A.,2019,0,MWh
6,Kappel a.A.,2020,0,MWh
6,Kappel a.A.,2021,0,MWh
6,Kappel a.A.,2022,0,MWh
6,Kappel a.A.,2023,0,MWh
6,Kappel a.A.,2024,0,MWh
7,Knonau,2004,0,MWh
7,Knonau,2005,0,MWh
7,Knonau,2006,0,MWh
7,Knonau,2007,0,MWh
7,Knonau,2008,0,MWh
7,Knonau,2009,0,MWh
7,Knonau,2010,0,MWh
7,Knonau,2011,50,MWh
7,Knonau,2012,56,MWh
7,Knonau,2013,69,MWh
7,Knonau,2014,363,MWh
7,Knonau,2015,430,MWh
7,Knonau,2016,637,MWh
7,Knonau,2017,670,MWh
7,Knonau,2018,769,MWh
7,Knonau,2019,1052,MWh
7,Knonau,2020,1208,MWh
7,Knonau,2021,1464,MWh
7,Knonau,2022,1329,MWh
7,Knonau,2023,1139,MWh
7,Knonau,2024,966,MWh
8,Maschwanden,2004,0,MWh
8,Maschwanden,2005,0,MWh
8,Maschwanden,2006,0,MWh
8,Maschwanden,2007,0,MWh
8,Maschwanden,2008,0,MWh
8,Maschwanden,2009,0,MWh
8,Maschwanden,2010,0,MWh
8,Maschwanden,2011,0,MWh
8,Maschwanden,2012,0,MWh
8,Maschwanden,2013,0,MWh
8,Maschwanden,2014,0,MWh
8,Maschwanden,2015,0,MWh
8,Maschwanden,2016,0,MWh
8,Maschwanden,2017,0,MWh
8,Maschwanden,2018,0,MWh
8,Maschwanden,2019,0,MWh
8,Maschwanden,2020,0,MWh
8,Maschwanden,2021,0,MWh
8,Maschwanden,2022,0,MWh
8,Maschwanden,2023,0,MWh
8,Maschwanden,2024,0,MWh
9,Mettmenstetten,2004,0,MWh
9,Mettmenstetten,2005,0,MWh
9,Mettmenstetten,2006,0,MWh
9,Mettmenstetten,2007,303,MWh
9,Mettmenstetten,2008,491,MWh
9,Mettmenstetten,2009,1048,MWh
9,Mettmenstetten,2010,1123,MWh
9,Mettmenstetten,2011,1023,MWh
9,Mettmenstetten,2012,1129,MWh
9,Mettmenstetten,2013,1350,MWh
9,Mettmenstetten,2014,1255,MWh
9,Mettmenstetten,2015,1327,MWh
9,Mettmenstetten,2016,1386,MWh
9,Mettmenstetten,2017,2393,MWh
9,Mettmenstetten,2018,2254,MWh
9,Mettmenstetten,2019,2525,MWh
9,Mettmenstetten,2020,2258,MWh
9,Mettmenstetten,2021,2656,MWh
9,Mettmenstetten,2022,2558,MWh
9,Mettmenstetten,2023,1979,MWh
9,Mettmenstetten,2024,2132,MWh
10,Obfelden,2004,0,MWh
10,Obfelden,2005,0,MWh
10,Obfelden,2006,0,MWh
10,Obfelden,2007,0,MWh
10,Obfelden,2008,593,MWh
10,Obfelden,2009,1261,MWh
10,Obfelden,2010,3029,MWh
10,Obfelden,2011,2942,MWh
10,Obfelden,2012,3329,MWh
10,Obfelden,2013,4424,MWh
10,Obfelden,2014,4119,MWh
10,Obfelden,2015,4024,MWh
10,Obfelden,2016,3996,MWh
10,Obfelden,2017,4257,MWh
10,Obfelden,2018,4279,MWh
10,Obfelden,2019,4948,MWh
10,Obfelden,2020,5157,MWh
10,Obfelden,2021,5056,MWh
10,Obfelden,2022,3780,MWh
10,Obfelden,2023,3458,MWh
10,Obfelden,2024,3542,MWh
11,Ottenbach,2004,0,MWh
11,Ottenbach,2005,0,MWh
11,Ottenbach,2006,0,MWh
11,Ottenbach,2007,0,MWh
11,Ottenbach,2008,0,MWh
11,Ottenbach,2009,139,MWh
11,Ottenbach,2010,186,MWh
11,Ottenbach,2011,433,MWh
11,Ottenbach,2012,500,MWh
11,Ottenbach,2013,612,MWh
11,Ottenbach,2014,804,MWh
11,Ottenbach,2015,825,MWh
11,Ottenbach,2016,856,MWh
11,Ottenbach,2017,948,MWh
11,Ottenbach,2018,914,MWh
11,Ottenbach,2019,910,MWh
11,Ottenbach,2020,798,MWh
11,Ottenbach,2021,1031,MWh
11,Ottenbach,2022,953,MWh
11,Ottenbach,2023,917,MWh
11,Ottenbach,2024,918,MWh
12,Rifferswil,2004,0,MWh
12,Rifferswil,2005,0,MWh
12,Rifferswil,2006,0,MWh
12,Rifferswil,2007,0,MWh
12,Rifferswil,2008,0,MWh
12,Rifferswil,2009,0,MWh
12,Rifferswil,2010,0,MWh
12,Rifferswil,2011,0,MWh
12,Rifferswil,2012,0,MWh
12,Rifferswil,2013,0,MWh
12,Rifferswil,2014,0,MWh
12,Rifferswil,2015,0,MWh
12,Rifferswil,2016,0,MWh
12,Rifferswil,2017,0,MWh
12,Rifferswil,2018,0,MWh
12,Rifferswil,2019,0,MWh
12,Rifferswil,2020,0,MWh
12,Rifferswil,2021,0,MWh
12,Rifferswil,2022,0,MWh
12,Rifferswil,2023,0,MWh
12,Rifferswil,2024,0,MWh
13,Stallikon,2004,0,MWh
13,Stallikon,2005,0,MWh
13,Stallikon,2006,0,MWh
13,Stallikon,2007,0,MWh
13,Stallikon,2008,0,MWh
13,Stallikon,2009,0,MWh
13,Stallikon,2010,0,MWh
13,Stallikon,2011,0,MWh
13,Stallikon,2012,0,MWh
13,Stallikon,2013,0,MWh
13,Stallikon,2014,0,MWh
13,Stallikon,2015,0,MWh
13,Stallikon,2016,0,MWh
13,Stallikon,2017,0,MWh
13,Stallikon,2018,0,MWh
13,Stallikon,2019,0,MWh
13,Stallikon,2020,0,MWh
13,Stallikon,2021,0,MWh
13,Stallikon,2022,0,MWh
13,Stallikon,2023,0,MWh
13,Stallikon,2024,0,MWh
14,Wettswil a.A.,2004,0,MWh
14,Wettswil a.A.,2005,0,MWh
14,Wettswil a.A.,2006,0,MWh
14,Wettswil a.A.,2007,0,MWh
14,Wettswil a.A.,2008,922,MWh
14,Wettswil a.A.,2009,2226,MWh
14,Wettswil a.A.,2010,2551,MWh
14,Wettswil a.A.,2011,2609,MWh
14,Wettswil a.A.,2012,2375,MWh
14,Wettswil a.A.,2013,2478,MWh
14,Wettswil a.A.,2014,2401,MWh
14,Wettswil a.A.,2015,2699,MWh
14,Wettswil a.A.,2016,2490,MWh
14,Wettswil a.A.,2017,2825,MWh
14,Wettswil a.A.,2018,2717,MWh
14,Wettswil a.A.,2019,3185,MWh
14,Wettswil a.A.,2020,3116,MWh
14,Wettswil a.A.,2021,3550,MWh
14,Wettswil a.A.,2022,3229,MWh
14,Wettswil a.A.,2023,2596,MWh
14,Wettswil a.A.,2024,3308,MWh
22,Benken,2004,0,MWh
22,Benken,2005,0,MWh
22,Benken,2006,0,MWh
22,Benken,2007,0,MWh
22,Benken,2008,0,MWh
22,Benken,2009,0,MWh
22,Benken,2010,0,MWh
22,Benken,2011,0,MWh
22,Benken,2012,0,MWh
22,Benken,2013,0,MWh
22,Benken,2014,0,MWh
22,Benken,2015,0,MWh
22,Benken,2016,0,MWh
22,Benken,2017,0,MWh
22,Benken,2018,0,MWh
22,Benken,2019,0,MWh
22,Benken,2020,0,MWh
22,Benken,2021,0,MWh
22,Benken,2022,0,MWh
22,Benken,2023,0,MWh
22,Benken,2024,0,MWh
23,Berg a.I.,2004,0,MWh
23,Berg a.I.,2005,0,MWh
23,Berg a.I.,2006,0,MWh
23,Berg a.I.,2007,0,MWh
23,Berg a.I.,2008,0,MWh
23,Berg a.I.,2009,0,MWh
23,Berg a.I.,2010,0,MWh
23,Berg a.I.,2011,0,MWh
23,Berg a.I.,2012,0,MWh
23,Berg a.I.,2013,0,MWh
23,Berg a.I.,2014,0,MWh
23,Berg a.I.,2015,0,MWh
23,Berg a.I.,2016,0,MWh
23,Berg a.I.,2017,0,MWh
23,Berg a.I.,2018,0,MWh
23,Berg a.I.,2019,0,MWh
23,Berg a.I.,2020,0,MWh
23,Berg a.I.,2021,0,MWh
23,Berg a.I.,2022,0,MWh
23,Berg a.I.,2023,0,MWh
23,Berg a.I.,2024,0,MWh
24,Buch am Irchel,2004,0,MWh
24,Buch am Irchel,2005,0,MWh
24,Buch am Irchel,2006,0,MWh
24,Buch am Irchel,2007,0,MWh
24,Buch am Irchel,2008,0,MWh
24,Buch am Irchel,2009,0,MWh
24,Buch am Irchel,2010,0,MWh
24,Buch am Irchel,2011,0,MWh
24,Buch am Irchel,2012,0,MWh
24,Buch am Irchel,2013,0,MWh
24,Buch am Irchel,2014,0,MWh
24,Buch am Irchel,2015,0,MWh
24,Buch am Irchel,2016,0,MWh
24,Buch am Irchel,2017,0,MWh
24,Buch am Irchel,2018,0,MWh
24,Buch am Irchel,2019,0,MWh
24,Buch am Irchel,2020,0,MWh
24,Buch am Irchel,2021,0,MWh
24,Buch am Irchel,2022,0,MWh
24,Buch am Irchel,2023,0,MWh
24,Buch am Irchel,2024,0,MWh
25,Dachsen,2004,0,MWh
25,Dachsen,2005,0,MWh
25,Dachsen,2006,0,MWh
25,Dachsen,2007,0,MWh
25,Dachsen,2008,0,MWh
25,Dachsen,2009,0,MWh
25,Dachsen,2010,0,MWh
25,Dachsen,2011,0,MWh
25,Dachsen,2012,0,MWh
25,Dachsen,2013,0,MWh
25,Dachsen,2014,0,MWh
25,Dachsen,2015,0,MWh
25,Dachsen,2016,0,MWh
25,Dachsen,2017,0,MWh
25,Dachsen,2018,0,MWh
25,Dachsen,2019,0,MWh
25,Dachsen,2020,0,MWh
25,Dachsen,2021,0,MWh
25,Dachsen,2022,0,MWh
25,Dachsen,2023,0,MWh
25,Dachsen,2024,0,MWh
26,Dorf,2004,0,MWh
26,Dorf,2005,0,MWh
26,Dorf,2006,0,MWh
26,Dorf,2007,0,MWh
26,Dorf,2008,0,MWh
26,Dorf,2009,0,MWh
26,Dorf,2010,0,MWh
26,Dorf,2011,0,MWh
26,Dorf,2012,0,MWh
26,Dorf,2013,0,MWh
26,Dorf,2014,0,MWh
26,Dorf,2015,0,MWh
26,Dorf,2016,0,MWh
26,Dorf,2017,0,MWh
26,Dorf,2018,0,MWh
26,Dorf,2019,0,MWh
26,Dorf,2020,0,MWh
26,Dorf,2021,0,MWh
26,Dorf,2022,0,MWh
26,Dorf,2023,0,MWh
26,Dorf,2024,0,MWh
27,Feuerthalen,2004,0,MWh
27,Feuerthalen,2005,0,MWh
27,Feuerthalen,2006,0,MWh
27,Feuerthalen,2007,16494,MWh
27,Feuerthalen,2008,18964,MWh
27,Feuerthalen,2009,21435,MWh
27,Feuerthalen,2010,22986,MWh
27,Feuerthalen,2011,20011,MWh
27,Feuerthalen,2012,19500,MWh
27,Feuerthalen,2013,19000,MWh
27,Feuerthalen,2014,18695,MWh
27,Feuerthalen,2015,18695,MWh
27,Feuerthalen,2016,18695,MWh
27,Feuerthalen,2017,20433,MWh
27,Feuerthalen,2018,20433,MWh
27,Feuerthalen,2019,18835,MWh
27,Feuerthalen,2020,18588,MWh
27,Feuerthalen,2021,20493,MWh
27,Feuerthalen,2022,17425,MWh
27,Feuerthalen,2023,16566,MWh
27,Feuerthalen,2024,16357,MWh
28,Flaach,2004,0,MWh
28,Flaach,2005,0,MWh
28,Flaach,2006,0,MWh
28,Flaach,2007,0,MWh
28,Flaach,2008,0,MWh
28,Flaach,2009,0,MWh
28,Flaach,2010,0,MWh
28,Flaach,2011,0,MWh
28,Flaach,2012,0,MWh
28,Flaach,2013,0,MWh
28,Flaach,2014,0,MWh
28,Flaach,2015,0,MWh
28,Flaach,2016,0,MWh
28,Flaach,2017,0,MWh
28,Flaach,2018,0,MWh
28,Flaach,2019,0,MWh
28,Flaach,2020,0,MWh
28,Flaach,2021,0,MWh
28,Flaach,2022,0,MWh
28,Flaach,2023,0,MWh
28,Flaach,2024,0,MWh
29,Flurlingen,2004,0,MWh
29,Flurlingen,2005,0,MWh
29,Flurlingen,2006,0,MWh
29,Flurlingen,2007,8386,MWh
29,Flurlingen,2008,7111,MWh
29,Flurlingen,2009,5836,MWh
29,Flurlingen,2010,6816,MWh
29,Flurlingen,2011,5689,MWh
29,Flurlingen,2012,6000,MWh
29,Flurlingen,2013,6500,MWh
29,Flurlingen,2014,7120,MWh
29,Flurlingen,2015,7120,MWh
29,Flurlingen,2016,7120,MWh
29,Flurlingen,2017,7006,MWh
29,Flurlingen,2018,7006,MWh
29,Flurlingen,2019,6877,MWh
29,Flurlingen,2020,9019,MWh
29,Flurlingen,2021,10500,MWh
29,Flurlingen,2022,8408,MWh
29,Flurlingen,2023,7988,MWh
29,Flurlingen,2024,7928,MWh
31,Henggart,2004,0,MWh
31,Henggart,2005,0,MWh
31,Henggart,2006,0,MWh
31,Henggart,2007,0,MWh
31,Henggart,2008,0,MWh
31,Henggart,2009,0,MWh
31,Henggart,2010,0,MWh
31,Henggart,2011,0,MWh
31,Henggart,2012,0,MWh
31,Henggart,2013,0,MWh
31,Henggart,2014,0,MWh
31,Henggart,2015,0,MWh
31,Henggart,2016,0,MWh
31,Henggart,2017,0,MWh
31,Henggart,2018,0,MWh
31,Henggart,2019,0,MWh
31,Henggart,2020,0,MWh
31,Henggart,2021,0,MWh
31,Henggart,2022,0,MWh
31,Henggart,2023,0,MWh
31,Henggart,2024,0,MWh
33,Kleinandelfingen,2004,0,MWh
33,Kleinandelfingen,2005,0,MWh
33,Kleinandelfingen,2006,0,MWh
33,Kleinandelfingen,2007,0,MWh
33,Kleinandelfingen,2008,0,MWh
33,Kleinandelfingen,2009,0,MWh
33,Kleinandelfingen,2010,0,MWh
33,Kleinandelfingen,2011,0,MWh
33,Kleinandelfingen,2012,0,MWh
33,Kleinandelfingen,2013,0,MWh
33,Kleinandelfingen,2014,0,MWh
33,Kleinandelfingen,2015,0,MWh
33,Kleinandelfingen,2016,0,MWh
33,Kleinandelfingen,2017,0,MWh
33,Kleinandelfingen,2018,0,MWh
33,Kleinandelfingen,2019,0,MWh
33,Kleinandelfingen,2020,0,MWh
33,Kleinandelfingen,2021,0,MWh
33,Kleinandelfingen,2022,0,MWh
33,Kleinandelfingen,2023,0,MWh
33,Kleinandelfingen,2024,0,MWh
34,Laufen-Uhwiesen,2004,0,MWh
34,Laufen-Uhwiesen,2005,0,MWh
34,Laufen-Uhwiesen,2006,0,MWh
34,Laufen-Uhwiesen,2007,0,MWh
34,Laufen-Uhwiesen,2008,0,MWh
34,Laufen-Uhwiesen,2009,0,MWh
34,Laufen-Uhwiesen,2010,0,MWh
34,Laufen-Uhwiesen,2011,0,MWh
34,Laufen-Uhwiesen,2012,0,MWh
34,Laufen-Uhwiesen,2013,0,MWh
34,Laufen-Uhwiesen,2014,0,MWh
34,Laufen-Uhwiesen,2015,0,MWh
34,Laufen-Uhwiesen,2016,0,MWh
34,Laufen-Uhwiesen,2017,0,MWh
34,Laufen-Uhwiesen,2018,0,MWh
34,Laufen-Uhwiesen,2019,0,MWh
34,Laufen-Uhwiesen,2020,0,MWh
34,Laufen-Uhwiesen,2021,0,MWh
34,Laufen-Uhwiesen,2022,0,MWh
34,Laufen-Uhwiesen,2023,0,MWh
34,Laufen-Uhwiesen,2024,0,MWh
35,Marthalen,2004,0,MWh
35,Marthalen,2005,0,MWh
35,Marthalen,2006,0,MWh
35,Marthalen,2007,0,MWh
35,Marthalen,2008,0,MWh
35,Marthalen,2009,0,MWh
35,Marthalen,2010,0,MWh
35,Marthalen,2011,0,MWh
35,Marthalen,2012,0,MWh
35,Marthalen,2013,0,MWh
35,Marthalen,2014,0,MWh
35,Marthalen,2015,0,MWh
35,Marthalen,2016,0,MWh
35,Marthalen,2017,0,MWh
35,Marthalen,2018,0,MWh
35,Marthalen,2019,0,MWh
35,Marthalen,2020,0,MWh
35,Marthalen,2021,0,MWh
35,Marthalen,2022,0,MWh
35,Marthalen,2023,0,MWh
35,Marthalen,2024,0,MWh
37,Ossingen,2004,0,MWh
37,Ossingen,2005,0,MWh
37,Ossingen,2006,0,MWh
37,Ossingen,2007,0,MWh
37,Ossingen,2008,0,MWh
37,Ossingen,2009,0,MWh
37,Ossingen,2010,0,MWh
37,Ossingen,2011,0,MWh
37,Ossingen,2012,0,MWh
37,Ossingen,2013,0,MWh
37,Ossingen,2014,0,MWh
37,Ossingen,2015,0,MWh
37,Ossingen,2016,0,MWh
37,Ossingen,2017,0,MWh
37,Ossingen,2018,0,MWh
37,Ossingen,2019,0,MWh
37,Ossingen,2020,0,MWh
37,Ossingen,2021,0,MWh
37,Ossingen,2022,0,MWh
37,Ossingen,2023,0,MWh
37,Ossingen,2024,0,MWh
38,Rheinau,2004,0,MWh
38,Rheinau,2005,0,MWh
38,Rheinau,2006,0,MWh
38,Rheinau,2007,0,MWh
38,Rheinau,2008,0,MWh
38,Rheinau,2009,0,MWh
38,Rheinau,2010,0,MWh
38,Rheinau,2011,0,MWh
38,Rheinau,2012,0,MWh
38,Rheinau,2013,0,MWh
38,Rheinau,2014,0,MWh
38,Rheinau,2015,0,MWh
38,Rheinau,2016,0,MWh
38,Rheinau,2017,0,MWh
38,Rheinau,2018,0,MWh
38,Rheinau,2019,0,MWh
38,Rheinau,2020,0,MWh
38,Rheinau,2021,0,MWh
38,Rheinau,2022,0,MWh
38,Rheinau,2023,0,MWh
38,Rheinau,2024,0,MWh
39,Thalheim a.d.Th.,2004,0,MWh
39,Thalheim a.d.Th.,2005,0,MWh
39,Thalheim a.d.Th.,2006,0,MWh
39,Thalheim a.d.Th.,2007,0,MWh
39,Thalheim a.d.Th.,2008,0,MWh
39,Thalheim a.d.Th.,2009,0,MWh
39,Thalheim a.d.Th.,2010,0,MWh
39,Thalheim a.d.Th.,2011,0,MWh
39,Thalheim a.d.Th.,2012,0,MWh
39,Thalheim a.d.Th.,2013,0,MWh
39,Thalheim a.d.Th.,2014,0,MWh
39,Thalheim a.d.Th.,2015,0,MWh
39,Thalheim a.d.Th.,2016,0,MWh
39,Thalheim a.d.Th.,2017,0,MWh
39,Thalheim a.d.Th.,2018,0,MWh
39,Thalheim a.d.Th.,2019,0,MWh
39,Thalheim a.d.Th.,2020,0,MWh
39,Thalheim a.d.Th.,2021,0,MWh
39,Thalheim a.d.Th.,2022,0,MWh
39,Thalheim a.d.Th.,2023,0,MWh
39,Thalheim a.d.Th.,2024,0,MWh
40,Trüllikon,2004,0,MWh
40,Trüllikon,2005,0,MWh
40,Trüllikon,2006,0,MWh
40,Trüllikon,2007,0,MWh
40,Trüllikon,2008,0,MWh
40,Trüllikon,2009,0,MWh
40,Trüllikon,2010,0,MWh
40,Trüllikon,2011,0,MWh
40,Trüllikon,2012,0,MWh
40,Trüllikon,2013,0,MWh
40,Trüllikon,2014,0,MWh
40,Trüllikon,2015,0,MWh
40,Trüllikon,2016,0,MWh
40,Trüllikon,2017,0,MWh
40,Trüllikon,2018,0,MWh
40,Trüllikon,2019,0,MWh
40,Trüllikon,2020,0,MWh
40,Trüllikon,2021,0,MWh
40,Trüllikon,2022,0,MWh
40,Trüllikon,2023,0,MWh
40,Trüllikon,2024,0,MWh
41,Truttikon,2004,0,MWh
41,Truttikon,2005,0,MWh
41,Truttikon,2006,0,MWh
41,Truttikon,2007,0,MWh
41,Truttikon,2008,0,MWh
41,Truttikon,2009,0,MWh
41,Truttikon,2010,0,MWh
41,Truttikon,2011,0,MWh
41,Truttikon,2012,0,MWh
41,Truttikon,2013,0,MWh
41,Truttikon,2014,0,MWh
41,Truttikon,2015,0,MWh
41,Truttikon,2016,0,MWh
41,Truttikon,2017,0,MWh
41,Truttikon,2018,0,MWh
41,Truttikon,2019,0,MWh
41,Truttikon,2020,0,MWh
41,Truttikon,2021,0,MWh
41,Truttikon,2022,0,MWh
41,Truttikon,2023,0,MWh
41,Truttikon,2024,0,MWh
43,Volken,2004,0,MWh
43,Volken,2005,0,MWh
43,Volken,2006,0,MWh
43,Volken,2007,0,MWh
43,Volken,2008,0,MWh
43,Volken,2009,0,MWh
43,Volken,2010,0,MWh
43,Volken,2011,0,MWh
43,Volken,2012,0,MWh
43,Volken,2013,0,MWh
43,Volken,2014,0,MWh
43,Volken,2015,0,MWh
43,Volken,2016,0,MWh
43,Volken,2017,0,MWh
43,Volken,2018,0,MWh
43,Volken,2019,0,MWh
43,Volken,2020,0,MWh
43,Volken,2021,0,MWh
43,Volken,2022,0,MWh
43,Volken,2023,0,MWh
43,Volken,2024,0,MWh
51,Bachenbülach,2004,12664,MWh
51,Bachenbülach,2005,13453,MWh
51,Bachenbülach,2006,15491,MWh
51,Bachenbülach,2007,14439,MWh
51,Bachenbülach,2008,15988,MWh
51,Bachenbülach,2009,9820,MWh
51,Bachenbülach,2010,8500,MWh
51,Bachenbülach,2011,7735,MWh
51,Bachenbülach,2012,8549,MWh
51,Bachenbülach,2013,7063,MWh
51,Bachenbülach,2014,5323,MWh
51,Bachenbülach,2015,5281,MWh
51,Bachenbülach,2016,6535,MWh
51,Bachenbülach,2017,6997,MWh
51,Bachenbülach,2018,7885,MWh
51,Bachenbülach,2019,7824,MWh
51,Bachenbülach,2020,9669,MWh
51,Bachenbülach,2021,10863,MWh
51,Bachenbülach,2022,10127,MWh
51,Bachenbülach,2023,8399,MWh
51,Bachenbülach,2024,7847,MWh
52,Bassersdorf,2004,0,MWh
52,Bassersdorf,2005,0,MWh
52,Bassersdorf,2006,0,MWh
52,Bassersdorf,2007,0,MWh
52,Bassersdorf,2008,0,MWh
52,Bassersdorf,2009,0,MWh
52,Bassersdorf,2010,0,MWh
52,Bassersdorf,2011,0,MWh
52,Bassersdorf,2012,0,MWh
52,Bassersdorf,2013,0,MWh
52,Bassersdorf,2014,0,MWh
52,Bassersdorf,2015,0,MWh
52,Bassersdorf,2016,0,MWh
52,Bassersdorf,2017,0,MWh
52,Bassersdorf,2018,0,MWh
52,Bassersdorf,2019,0,MWh
52,Bassersdorf,2020,0,MWh
52,Bassersdorf,2021,0,MWh
52,Bassersdorf,2022,0,MWh
52,Bassersdorf,2023,0,MWh
52,Bassersdorf,2024,0,MWh
53,Bülach,2004,13595,MWh
53,Bülach,2005,16104,MWh
53,Bülach,2006,21552,MWh
53,Bülach,2007,19554,MWh
53,Bülach,2008,24655,MWh
53,Bülach,2009,27914,MWh
53,Bülach,2010,28630,MWh
53,Bülach,2011,27879,MWh
53,Bülach,2012,30274,MWh
53,Bülach,2013,34416,MWh
53,Bülach,2014,32241,MWh
53,Bülach,2015,32425,MWh
53,Bülach,2016,36397,MWh
53,Bülach,2017,41146,MWh
53,Bülach,2018,43561,MWh
53,Bülach,2019,46845,MWh
53,Bülach,2020,47662,MWh
53,Bülach,2021,54041,MWh
53,Bülach,2022,51659,MWh
53,Bülach,2023,45431,MWh
53,Bülach,2024,45149,MWh
54,Dietlikon,2004,0,MWh
54,Dietlikon,2005,0,MWh
54,Dietlikon,2006,0,MWh
54,Dietlikon,2007,40172,MWh
54,Dietlikon,2008,48166,MWh
54,Dietlikon,2009,47176,MWh
54,Dietlikon,2010,45293,MWh
54,Dietlikon,2011,43465,MWh
54,Dietlikon,2012,47861,MWh
54,Dietlikon,2013,51847,MWh
54,Dietlikon,2014,41000,MWh
54,Dietlikon,2015,41441,MWh
54,Dietlikon,2016,46830,MWh
54,Dietlikon,2017,46975,MWh
54,Dietlikon,2018,43332,MWh
54,Dietlikon,2019,51372,MWh
54,Dietlikon,2020,51130,MWh
54,Dietlikon,2021,57759,MWh
54,Dietlikon,2022,53071,MWh
54,Dietlikon,2023,45697,MWh
54,Dietlikon,2024,45917,MWh
55,Eglisau,2004,0,MWh
55,Eglisau,2005,0,MWh
55,Eglisau,2006,0,MWh
55,Eglisau,2007,0,MWh
55,Eglisau,2008,0,MWh
55,Eglisau,2009,0,MWh
55,Eglisau,2010,0,MWh
55,Eglisau,2011,0,MWh
55,Eglisau,2012,0,MWh
55,Eglisau,2013,0,MWh
55,Eglisau,2014,0,MWh
55,Eglisau,2015,0,MWh
55,Eglisau,2016,0,MWh
55,Eglisau,2017,0,MWh
55,Eglisau,2018,0,MWh
55,Eglisau,2019,0,MWh
55,Eglisau,2020,0,MWh
55,Eglisau,2021,0,MWh
55,Eglisau,2022,0,MWh
55,Eglisau,2023,0,MWh
55,Eglisau,2024,0,MWh
56,Embrach,2004,0,MWh
56,Embrach,2005,0,MWh
56,Embrach,2006,0,MWh
56,Embrach,2007,0,MWh
56,Embrach,2008,0,MWh
56,Embrach,2009,0,MWh
56,Embrach,2010,0,MWh
56,Embrach,2011,0,MWh
56,Embrach,2012,0,MWh
56,Embrach,2013,0,MWh
56,Embrach,2014,0,MWh
56,Embrach,2015,0,MWh
56,Embrach,2016,0,MWh
56,Embrach,2017,0,MWh
56,Embrach,2018,0,MWh
56,Embrach,2019,0,MWh
56,Embrach,2020,0,MWh
56,Embrach,2021,0,MWh
56,Embrach,2022,0,MWh
56,Embrach,2023,0,MWh
56,Embrach,2024,0,MWh
57,Freienstein-Teufen,2004,0,MWh
57,Freienstein-Teufen,2005,0,MWh
57,Freienstein-Teufen,2006,0,MWh
57,Freienstein-Teufen,2007,0,MWh
57,Freienstein-Teufen,2008,0,MWh
57,Freienstein-Teufen,2009,0,MWh
57,Freienstein-Teufen,2010,0,MWh
57,Freienstein-Teufen,2011,0,MWh
57,Freienstein-Teufen,2012,0,MWh
57,Freienstein-Teufen,2013,0,MWh
57,Freienstein-Teufen,2014,0,MWh
57,Freienstein-Teufen,2015,0,MWh
57,Freienstein-Teufen,2016,0,MWh
57,Freienstein-Teufen,2017,0,MWh
57,Freienstein-Teufen,2018,0,MWh
57,Freienstein-Teufen,2019,0,MWh
57,Freienstein-Teufen,2020,0,MWh
57,Freienstein-Teufen,2021,0,MWh
57,Freienstein-Teufen,2022,0,MWh
57,Freienstein-Teufen,2023,0,MWh
57,Freienstein-Teufen,2024,0,MWh
58,Glattfelden,2004,0,MWh
58,Glattfelden,2005,0,MWh
58,Glattfelden,2006,0,MWh
58,Glattfelden,2007,0,MWh
58,Glattfelden,2008,0,MWh
58,Glattfelden,2009,0,MWh
58,Glattfelden,2010,0,MWh
58,Glattfelden,2011,0,MWh
58,Glattfelden,2012,0,MWh
58,Glattfelden,2013,0,MWh
58,Glattfelden,2014,0,MWh
58,Glattfelden,2015,0,MWh
58,Glattfelden,2016,0,MWh
58,Glattfelden,2017,0,MWh
58,Glattfelden,2018,0,MWh
58,Glattfelden,2019,0,MWh
58,Glattfelden,2020,0,MWh
58,Glattfelden,2021,0,MWh
58,Glattfelden,2022,0,MWh
58,Glattfelden,2023,0,MWh
58,Glattfelden,2024,0,MWh
59,Hochfelden,2004,0,MWh
59,Hochfelden,2005,0,MWh
59,Hochfelden,2006,0,MWh
59,Hochfelden,2007,0,MWh
59,Hochfelden,2008,0,MWh
59,Hochfelden,2009,0,MWh
59,Hochfelden,2010,0,MWh
59,Hochfelden,2011,0,MWh
59,Hochfelden,2012,0,MWh
59,Hochfelden,2013,0,MWh
59,Hochfelden,2014,0,MWh
59,Hochfelden,2015,0,MWh
59,Hochfelden,2016,0,MWh
59,Hochfelden,2017,0,MWh
59,Hochfelden,2018,0,MWh
59,Hochfelden,2019,0,MWh
59,Hochfelden,2020,0,MWh
59,Hochfelden,2021,0,MWh
59,Hochfelden,2022,0,MWh
59,Hochfelden,2023,0,MWh
59,Hochfelden,2024,0,MWh
60,Höri,2004,0,MWh
60,Höri,2005,0,MWh
60,Höri,2006,0,MWh
60,Höri,2007,0,MWh
60,Höri,2008,0,MWh
60,Höri,2009,0,MWh
60,Höri,2010,0,MWh
60,Höri,2011,0,MWh
60,Höri,2012,0,MWh
60,Höri,2013,0,MWh
60,Höri,2014,0,MWh
60,Höri,2015,0,MWh
60,Höri,2016,0,MWh
60,Höri,2017,0,MWh
60,Höri,2018,0,MWh
60,Höri,2019,0,MWh
60,Höri,2020,0,MWh
60,Höri,2021,0,MWh
60,Höri,2022,0,MWh
60,Höri,2023,0,MWh
60,Höri,2024,0,MWh
61,Hüntwangen,2004,0,MWh
61,Hüntwangen,2005,0,MWh
61,Hüntwangen,2006,0,MWh
61,Hüntwangen,2007,0,MWh
61,Hüntwangen,2008,0,MWh
61,Hüntwangen,2009,0,MWh
61,Hüntwangen,2010,0,MWh
61,Hüntwangen,2011,0,MWh
61,Hüntwangen,2012,0,MWh
61,Hüntwangen,2013,0,MWh
61,Hüntwangen,2014,0,MWh
61,Hüntwangen,2015,0,MWh
61,Hüntwangen,2016,0,MWh
61,Hüntwangen,2017,0,MWh
61,Hüntwangen,2018,0,MWh
61,Hüntwangen,2019,0,MWh
61,Hüntwangen,2020,0,MWh
61,Hüntwangen,2021,0,MWh
61,Hüntwangen,2022,0,MWh
61,Hüntwangen,2023,0,MWh
61,Hüntwangen,2024,0,MWh
62,Kloten,2004,175445,MWh
62,Kloten,2005,159687,MWh
62,Kloten,2006,120356,MWh
62,Kloten,2007,91728,MWh
62,Kloten,2008,160181,MWh
62,Kloten,2009,163224,MWh
62,Kloten,2010,168731,MWh
62,Kloten,2011,131963,MWh
62,Kloten,2012,136910,MWh
62,Kloten,2013,25867,MWh
62,Kloten,2014,27454,MWh
62,Kloten,2015,28229,MWh
62,Kloten,2016,30353,MWh
62,Kloten,2017,35232,MWh
62,Kloten,2018,41610,MWh
62,Kloten,2019,45405,MWh
62,Kloten,2020,46954,MWh
62,Kloten,2021,53538,MWh
62,Kloten,2022,55117,MWh
62,Kloten,2023,47679,MWh
62,Kloten,2024,49675,MWh
63,Lufingen,2004,0,MWh
63,Lufingen,2005,0,MWh
63,Lufingen,2006,0,MWh
63,Lufingen,2007,0,MWh
63,Lufingen,2008,0,MWh
63,Lufingen,2009,0,MWh
63,Lufingen,2010,0,MWh
63,Lufingen,2011,0,MWh
63,Lufingen,2012,0,MWh
63,Lufingen,2013,0,MWh
63,Lufingen,2014,0,MWh
63,Lufingen,2015,0,MWh
63,Lufingen,2016,0,MWh
63,Lufingen,2017,0,MWh
63,Lufingen,2018,0,MWh
63,Lufingen,2019,0,MWh
63,Lufingen,2020,0,MWh
63,Lufingen,2021,0,MWh
63,Lufingen,2022,0,MWh
63,Lufingen,2023,0,MWh
63,Lufingen,2024,0,MWh
64,Nürensdorf,2004,0,MWh
64,Nürensdorf,2005,0,MWh
64,Nürensdorf,2006,0,MWh
64,Nürensdorf,2007,0,MWh
64,Nürensdorf,2008,0,MWh
64,Nürensdorf,2009,0,MWh
64,Nürensdorf,2010,0,MWh
64,Nürensdorf,2011,0,MWh
64,Nürensdorf,2012,0,MWh
64,Nürensdorf,2013,0,MWh
64,Nürensdorf,2014,0,MWh
64,Nürensdorf,2015,0,MWh
64,Nürensdorf,2016,0,MWh
64,Nürensdorf,2017,0,MWh
64,Nürensdorf,2018,0,MWh
64,Nürensdorf,2019,0,MWh
64,Nürensdorf,2020,0,MWh
64,Nürensdorf,2021,0,MWh
64,Nürensdorf,2022,0,MWh
64,Nürensdorf,2023,0,MWh
64,Nürensdorf,2024,0,MWh
65,Oberembrach,2004,0,MWh
65,Oberembrach,2005,0,MWh
65,Oberembrach,2006,0,MWh
65,Oberembrach,2007,0,MWh
65,Oberembrach,2008,0,MWh
65,Oberembrach,2009,0,MWh
65,Oberembrach,2010,0,MWh
65,Oberembrach,2011,0,MWh
65,Oberembrach,2012,0,MWh
65,Oberembrach,2013,0,MWh
65,Oberembrach,2014,0,MWh
65,Oberembrach,2015,0,MWh
65,Oberembrach,2016,0,MWh
65,Oberembrach,2017,0,MWh
65,Oberembrach,2018,0,MWh
65,Oberembrach,2019,0,MWh
65,Oberembrach,2020,0,MWh
65,Oberembrach,2021,0,MWh
65,Oberembrach,2022,0,MWh
65,Oberembrach,2023,0,MWh
65,Oberembrach,2024,0,MWh
66,Opfikon,2004,99343,MWh
66,Opfikon,2005,97912,MWh
66,Opfikon,2006,94777,MWh
66,Opfikon,2007,72442,MWh
66,Opfikon,2008,79088,MWh
66,Opfikon,2009,79723,MWh
66,Opfikon,2010,75932,MWh
66,Opfikon,2011,74549,MWh
66,Opfikon,2012,76632,MWh
66,Opfikon,2013,79026,MWh
66,Opfikon,2014,70654,MWh
66,Opfikon,2015,68531,MWh
66,Opfikon,2016,71997,MWh
66,Opfikon,2017,73387,MWh
66,Opfikon,2018,77818,MWh
66,Opfikon,2019,75813,MWh
66,Opfikon,2020,76137,MWh
66,Opfikon,2021,87071,MWh
66,Opfikon,2022,87215,MWh
66,Opfikon,2023,69065,MWh
66,Opfikon,2024,72413,MWh
67,Rafz,2004,0,MWh
67,Rafz,2005,0,MWh
67,Rafz,2006,0,MWh
67,Rafz,2007,0,MWh
67,Rafz,2008,0,MWh
67,Rafz,2009,0,MWh
67,Rafz,2010,0,MWh
67,Rafz,2011,0,MWh
67,Rafz,2012,0,MWh
67,Rafz,2013,0,MWh
67,Rafz,2014,0,MWh
67,Rafz,2015,39837,MWh
67,Rafz,2016,10370,MWh
67,Rafz,2017,0,MWh
67,Rafz,2018,0,MWh
67,Rafz,2019,0,MWh
67,Rafz,2020,0,MWh
67,Rafz,2021,0,MWh
67,Rafz,2022,0,MWh
67,Rafz,2023,0,MWh
67,Rafz,2024,0,MWh
68,Rorbas,2004,0,MWh
68,Rorbas,2005,0,MWh
68,Rorbas,2006,0,MWh
68,Rorbas,2007,0,MWh
68,Rorbas,2008,0,MWh
68,Rorbas,2009,0,MWh
68,Rorbas,2010,0,MWh
68,Rorbas,2011,0,MWh
68,Rorbas,2012,0,MWh
68,Rorbas,2013,0,MWh
68,Rorbas,2014,0,MWh
68,Rorbas,2015,0,MWh
68,Rorbas,2016,0,MWh
68,Rorbas,2017,0,MWh
68,Rorbas,2018,0,MWh
68,Rorbas,2019,0,MWh
68,Rorbas,2020,0,MWh
68,Rorbas,2021,0,MWh
68,Rorbas,2022,0,MWh
68,Rorbas,2023,0,MWh
68,Rorbas,2024,0,MWh
69,Wallisellen,2004,0,MWh
69,Wallisellen,2005,0,MWh
69,Wallisellen,2006,0,MWh
69,Wallisellen,2007,57913,MWh
69,Wallisellen,2008,118436,MWh
69,Wallisellen,2009,123361,MWh
69,Wallisellen,2010,122548,MWh
69,Wallisellen,2011,106000,MWh
69,Wallisellen,2012,109972,MWh
69,Wallisellen,2013,105772,MWh
69,Wallisellen,2014,90411,MWh
69,Wallisellen,2015,93368,MWh
69,Wallisellen,2016,104819,MWh
69,Wallisellen,2017,103826,MWh
69,Wallisellen,2018,96934,MWh
69,Wallisellen,2019,98432,MWh
69,Wallisellen,2020,95685,MWh
69,Wallisellen,2021,107314,MWh
69,Wallisellen,2022,93051,MWh
69,Wallisellen,2023,78542,MWh
69,Wallisellen,2024,84011,MWh
70,Wasterkingen,2004,0,MWh
70,Wasterkingen,2005,0,MWh
70,Wasterkingen,2006,0,MWh
70,Wasterkingen,2007,0,MWh
70,Wasterkingen,2008,0,MWh
70,Wasterkingen,2009,0,MWh
70,Wasterkingen,2010,0,MWh
70,Wasterkingen,2011,0,MWh
70,Wasterkingen,2012,0,MWh
70,Wasterkingen,2013,0,MWh
70,Wasterkingen,2014,0,MWh
70,Wasterkingen,2015,0,MWh
70,Wasterkingen,2016,0,MWh
70,Wasterkingen,2017,0,MWh
70,Wasterkingen,2018,0,MWh
70,Wasterkingen,2019,0,MWh
70,Wasterkingen,2020,0,MWh
70,Wasterkingen,2021,0,MWh
70,Wasterkingen,2022,0,MWh
70,Wasterkingen,2023,0,MWh
70,Wasterkingen,2024,0,MWh
71,Wil,2004,0,MWh
71,Wil,2005,0,MWh
71,Wil,2006,0,MWh
71,Wil,2007,0,MWh
71,Wil,2008,0,MWh
71,Wil,2009,0,MWh
71,Wil,2010,0,MWh
71,Wil,2011,0,MWh
71,Wil,2012,0,MWh
71,Wil,2013,0,MWh
71,Wil,2014,0,MWh
71,Wil,2015,0,MWh
71,Wil,2016,0,MWh
71,Wil,2017,0,MWh
71,Wil,2018,0,MWh
71,Wil,2019,0,MWh
71,Wil,2020,0,MWh
71,Wil,2021,0,MWh
71,Wil,2022,0,MWh
71,Wil,2023,0,MWh
71,Wil,2024,0,MWh
72,Winkel,2004,0,MWh
72,Winkel,2005,0,MWh
72,Winkel,2006,1164,MWh
72,Winkel,2007,1342,MWh
72,Winkel,2008,1846,MWh
72,Winkel,2009,1825,MWh
72,Winkel,2010,2744,MWh
72,Winkel,2011,2631,MWh
72,Winkel,2012,2762,MWh
72,Winkel,2013,3171,MWh
72,Winkel,2014,2905,MWh
72,Winkel,2015,2564,MWh
72,Winkel,2016,2858,MWh
72,Winkel,2017,3168,MWh
72,Winkel,2018,2655,MWh
72,Winkel,2019,3655,MWh
72,Winkel,2020,3541,MWh
72,Winkel,2021,4069,MWh
72,Winkel,2022,3421,MWh
72,Winkel,2023,2766,MWh
72,Winkel,2024,2766,MWh
81,Bachs,2004,0,MWh
81,Bachs,2005,0,MWh
81,Bachs,2006,0,MWh
81,Bachs,2007,0,MWh
81,Bachs,2008,0,MWh
81,Bachs,2009,0,MWh
81,Bachs,2010,0,MWh
81,Bachs,2011,0,MWh
81,Bachs,2012,0,MWh
81,Bachs,2013,0,MWh
81,Bachs,2014,0,MWh
81,Bachs,2015,0,MWh
81,Bachs,2016,0,MWh
81,Bachs,2017,0,MWh
81,Bachs,2018,0,MWh
81,Bachs,2019,0,MWh
81,Bachs,2020,0,MWh
81,Bachs,2021,0,MWh
81,Bachs,2022,0,MWh
81,Bachs,2023,0,MWh
81,Bachs,2024,0,MWh
82,Boppelsen,2004,0,MWh
82,Boppelsen,2005,0,MWh
82,Boppelsen,2006,0,MWh
82,Boppelsen,2007,0,MWh
82,Boppelsen,2008,0,MWh
82,Boppelsen,2009,0,MWh
82,Boppelsen,2010,0,MWh
82,Boppelsen,2011,0,MWh
82,Boppelsen,2012,0,MWh
82,Boppelsen,2013,0,MWh
82,Boppelsen,2014,0,MWh
82,Boppelsen,2015,0,MWh
82,Boppelsen,2016,0,MWh
82,Boppelsen,2017,0,MWh
82,Boppelsen,2018,0,MWh
82,Boppelsen,2019,0,MWh
82,Boppelsen,2020,0,MWh
82,Boppelsen,2021,0,MWh
82,Boppelsen,2022,0,MWh
82,Boppelsen,2023,0,MWh
82,Boppelsen,2024,0,MWh
83,Buchs,2004,6854,MWh
83,Buchs,2005,8935,MWh
83,Buchs,2006,16059,MWh
83,Buchs,2007,11182,MWh
83,Buchs,2008,13117,MWh
83,Buchs,2009,12438,MWh
83,Buchs,2010,14369,MWh
83,Buchs,2011,13842,MWh
83,Buchs,2012,14498,MWh
83,Buchs,2013,17232,MWh
83,Buchs,2014,15411,MWh
83,Buchs,2015,15302,MWh
83,Buchs,2016,11366,MWh
83,Buchs,2017,19312,MWh
83,Buchs,2018,18959,MWh
83,Buchs,2019,19740,MWh
83,Buchs,2020,20742,MWh
83,Buchs,2021,25348,MWh
83,Buchs,2022,25101,MWh
83,Buchs,2023,20985,MWh
83,Buchs,2024,18035,MWh
84,Dällikon,2004,10185,MWh
84,Dällikon,2005,9558,MWh
84,Dällikon,2006,9431,MWh
84,Dällikon,2007,7820,MWh
84,Dällikon,2008,8745,MWh
84,Dällikon,2009,8356,MWh
84,Dällikon,2010,8925,MWh
84,Dällikon,2011,9388,MWh
84,Dällikon,2012,10820,MWh
84,Dällikon,2013,11729,MWh
84,Dällikon,2014,11696,MWh
84,Dällikon,2015,11697,MWh
84,Dällikon,2016,12398,MWh
84,Dällikon,2017,13044,MWh
84,Dällikon,2018,13583,MWh
84,Dällikon,2019,13452,MWh
84,Dällikon,2020,11696,MWh
84,Dällikon,2021,14212,MWh
84,Dällikon,2022,12836,MWh
84,Dällikon,2023,10688,MWh
84,Dällikon,2024,11113,MWh
85,Dänikon,2004,0,MWh
85,Dänikon,2005,0,MWh
85,Dänikon,2006,0,MWh
85,Dänikon,2007,0,MWh
85,Dänikon,2008,0,MWh
85,Dänikon,2009,0,MWh
85,Dänikon,2010,0,MWh
85,Dänikon,2011,0,MWh
85,Dänikon,2012,0,MWh
85,Dänikon,2013,0,MWh
85,Dänikon,2014,0,MWh
85,Dänikon,2015,0,MWh
85,Dänikon,2016,0,MWh
85,Dänikon,2017,0,MWh
85,Dänikon,2018,0,MWh
85,Dänikon,2019,0,MWh
85,Dänikon,2020,0,MWh
85,Dänikon,2021,0,MWh
85,Dänikon,2022,0,MWh
85,Dänikon,2023,0,MWh
85,Dänikon,2024,0,MWh
86,Dielsdorf,2004,0,MWh
86,Dielsdorf,2005,0,MWh
86,Dielsdorf,2006,0,MWh
86,Dielsdorf,2007,0,MWh
86,Dielsdorf,2008,5791,MWh
86,Dielsdorf,2009,3897,MWh
86,Dielsdorf,2010,8426,MWh
86,Dielsdorf,2011,10467,MWh
86,Dielsdorf,2012,11874,MWh
86,Dielsdorf,2013,13679,MWh
86,Dielsdorf,2014,12700,MWh
86,Dielsdorf,2015,12167,MWh
86,Dielsdorf,2016,13151,MWh
86,Dielsdorf,2017,14830,MWh
86,Dielsdorf,2018,13680,MWh
86,Dielsdorf,2019,13336,MWh
86,Dielsdorf,2020,13299,MWh
86,Dielsdorf,2021,14531,MWh
86,Dielsdorf,2022,14079,MWh
86,Dielsdorf,2023,10497,MWh
86,Dielsdorf,2024,12234,MWh
87,Hüttikon,2004,0,MWh
87,Hüttikon,2005,0,MWh
87,Hüttikon,2006,0,MWh
87,Hüttikon,2007,0,MWh
87,Hüttikon,2008,0,MWh
87,Hüttikon,2009,0,MWh
87,Hüttikon,2010,0,MWh
87,Hüttikon,2011,0,MWh
87,Hüttikon,2012,0,MWh
87,Hüttikon,2013,0,MWh
87,Hüttikon,2014,0,MWh
87,Hüttikon,2015,0,MWh
87,Hüttikon,2016,0,MWh
87,Hüttikon,2017,0,MWh
87,Hüttikon,2018,0,MWh
87,Hüttikon,2019,0,MWh
87,Hüttikon,2020,0,MWh
87,Hüttikon,2021,0,MWh
87,Hüttikon,2022,0,MWh
87,Hüttikon,2023,0,MWh
87,Hüttikon,2024,0,MWh
88,Neerach,2004,0,MWh
88,Neerach,2005,0,MWh
88,Neerach,2006,0,MWh
88,Neerach,2007,0,MWh
88,Neerach,2008,0,MWh
88,Neerach,2009,0,MWh
88,Neerach,2010,0,MWh
88,Neerach,2011,0,MWh
88,Neerach,2012,0,MWh
88,Neerach,2013,0,MWh
88,Neerach,2014,0,MWh
88,Neerach,2015,0,MWh
88,Neerach,2016,0,MWh
88,Neerach,2017,0,MWh
88,Neerach,2018,0,MWh
88,Neerach,2019,0,MWh
88,Neerach,2020,0,MWh
88,Neerach,2021,0,MWh
88,Neerach,2022,0,MWh
88,Neerach,2023,0,MWh
88,Neerach,2024,0,MWh
89,Niederglatt,2004,0,MWh
89,Niederglatt,2005,0,MWh
89,Niederglatt,2006,0,MWh
89,Niederglatt,2007,0,MWh
89,Niederglatt,2008,0,MWh
89,Niederglatt,2009,0,MWh
89,Niederglatt,2010,0,MWh
89,Niederglatt,2011,0,MWh
89,Niederglatt,2012,0,MWh
89,Niederglatt,2013,0,MWh
89,Niederglatt,2014,0,MWh
89,Niederglatt,2015,0,MWh
89,Niederglatt,2016,0,MWh
89,Niederglatt,2017,0,MWh
89,Niederglatt,2018,0,MWh
89,Niederglatt,2019,0,MWh
89,Niederglatt,2020,0,MWh
89,Niederglatt,2021,0,MWh
89,Niederglatt,2022,0,MWh
89,Niederglatt,2023,0,MWh
89,Niederglatt,2024,0,MWh
90,Niederhasli,2004,0,MWh
90,Niederhasli,2005,0,MWh
90,Niederhasli,2006,0,MWh
90,Niederhasli,2007,0,MWh
90,Niederhasli,2008,0,MWh
90,Niederhasli,2009,0,MWh
90,Niederhasli,2010,0,MWh
90,Niederhasli,2011,0,MWh
90,Niederhasli,2012,0,MWh
90,Niederhasli,2013,95,MWh
90,Niederhasli,2014,5455,MWh
90,Niederhasli,2015,5870,MWh
90,Niederhasli,2016,6725,MWh
90,Niederhasli,2017,7683,MWh
90,Niederhasli,2018,9360,MWh
90,Niederhasli,2019,10673,MWh
90,Niederhasli,2020,10672,MWh
90,Niederhasli,2021,12197,MWh
90,Niederhasli,2022,10990,MWh
90,Niederhasli,2023,10015,MWh
90,Niederhasli,2024,9848,MWh
91,Niederweningen,2004,0,MWh
91,Niederweningen,2005,0,MWh
91,Niederweningen,2006,0,MWh
91,Niederweningen,2007,0,MWh
91,Niederweningen,2008,0,MWh
91,Niederweningen,2009,0,MWh
91,Niederweningen,2010,0,MWh
91,Niederweningen,2011,0,MWh
91,Niederweningen,2012,0,MWh
91,Niederweningen,2013,0,MWh
91,Niederweningen,2014,0,MWh
91,Niederweningen,2015,0,MWh
91,Niederweningen,2016,0,MWh
91,Niederweningen,2017,0,MWh
91,Niederweningen,2018,0,MWh
91,Niederweningen,2019,0,MWh
91,Niederweningen,2020,0,MWh
91,Niederweningen,2021,0,MWh
91,Niederweningen,2022,0,MWh
91,Niederweningen,2023,0,MWh
91,Niederweningen,2024,0,MWh
92,Oberglatt,2004,0,MWh
92,Oberglatt,2005,0,MWh
92,Oberglatt,2006,0,MWh
92,Oberglatt,2007,0,MWh
92,Oberglatt,2008,0,MWh
92,Oberglatt,2009,0,MWh
92,Oberglatt,2010,0,MWh
92,Oberglatt,2011,0,MWh
92,Oberglatt,2012,0,MWh
92,Oberglatt,2013,0,MWh
92,Oberglatt,2014,0,MWh
92,Oberglatt,2015,0,MWh
92,Oberglatt,2016,0,MWh
92,Oberglatt,2017,0,MWh
92,Oberglatt,2018,0,MWh
92,Oberglatt,2019,0,MWh
92,Oberglatt,2020,0,MWh
92,Oberglatt,2021,0,MWh
92,Oberglatt,2022,0,MWh
92,Oberglatt,2023,0,MWh
92,Oberglatt,2024,0,MWh
93,Oberweningen,2004,0,MWh
93,Oberweningen,2005,0,MWh
93,Oberweningen,2006,0,MWh
93,Oberweningen,2007,0,MWh
93,Oberweningen,2008,0,MWh
93,Oberweningen,2009,0,MWh
93,Oberweningen,2010,0,MWh
93,Oberweningen,2011,0,MWh
93,Oberweningen,2012,0,MWh
93,Oberweningen,2013,0,MWh
93,Oberweningen,2014,0,MWh
93,Oberweningen,2015,0,MWh
93,Oberweningen,2016,0,MWh
93,Oberweningen,2017,0,MWh
93,Oberweningen,2018,0,MWh
93,Oberweningen,2019,0,MWh
93,Oberweningen,2020,0,MWh
93,Oberweningen,2021,0,MWh
93,Oberweningen,2022,0,MWh
93,Oberweningen,2023,0,MWh
93,Oberweningen,2024,0,MWh
94,Otelfingen,2004,0,MWh
94,Otelfingen,2005,0,MWh
94,Otelfingen,2006,0,MWh
94,Otelfingen,2007,0,MWh
94,Otelfingen,2008,0,MWh
94,Otelfingen,2009,0,MWh
94,Otelfingen,2010,0,MWh
94,Otelfingen,2011,0,MWh
94,Otelfingen,2012,0,MWh
94,Otelfingen,2013,0,MWh
94,Otelfingen,2014,0,MWh
94,Otelfingen,2015,0,MWh
94,Otelfingen,2016,0,MWh
94,Otelfingen,2017,0,MWh
94,Otelfingen,2018,0,MWh
94,Otelfingen,2019,0,MWh
94,Otelfingen,2020,0,MWh
94,Otelfingen,2021,0,MWh
94,Otelfingen,2022,0,MWh
94,Otelfingen,2023,0,MWh
94,Otelfingen,2024,0,MWh
95,Regensberg,2004,0,MWh
95,Regensberg,2005,0,MWh
95,Regensberg,2006,0,MWh
95,Regensberg,2007,0,MWh
95,Regensberg,2008,0,MWh
95,Regensberg,2009,0,MWh
95,Regensberg,2010,0,MWh
95,Regensberg,2011,0,MWh
95,Regensberg,2012,0,MWh
95,Regensberg,2013,0,MWh
95,Regensberg,2014,0,MWh
95,Regensberg,2015,0,MWh
95,Regensberg,2016,0,MWh
95,Regensberg,2017,0,MWh
95,Regensberg,2018,0,MWh
95,Regensberg,2019,0,MWh
95,Regensberg,2020,0,MWh
95,Regensberg,2021,0,MWh
95,Regensberg,2022,0,MWh
95,Regensberg,2023,0,MWh
95,Regensberg,2024,0,MWh
96,Regensdorf,2004,72696,MWh
96,Regensdorf,2005,71106,MWh
96,Regensdorf,2006,76816,MWh
96,Regensdorf,2007,61042,MWh
96,Regensdorf,2008,71311,MWh
96,Regensdorf,2009,70176,MWh
96,Regensdorf,2010,71279,MWh
96,Regensdorf,2011,65982,MWh
96,Regensdorf,2012,67953,MWh
96,Regensdorf,2013,72260,MWh
96,Regensdorf,2014,64722,MWh
96,Regensdorf,2015,66416,MWh
96,Regensdorf,2016,68883,MWh
96,Regensdorf,2017,70532,MWh
96,Regensdorf,2018,70532,MWh
96,Regensdorf,2019,70034,MWh
96,Regensdorf,2020,77726,MWh
96,Regensdorf,2021,89586,MWh
96,Regensdorf,2022,87088,MWh
96,Regensdorf,2023,76013,MWh
96,Regensdorf,2024,77998,MWh
97,Rümlang,2004,21827,MWh
97,Rümlang,2005,22227,MWh
97,Rümlang,2006,22353,MWh
97,Rümlang,2007,19563,MWh
97,Rümlang,2008,24718,MWh
97,Rümlang,2009,26355,MWh
97,Rümlang,2010,28379,MWh
97,Rümlang,2011,27570,MWh
97,Rümlang,2012,29156,MWh
97,Rümlang,2013,34399,MWh
97,Rümlang,2014,29609,MWh
97,Rümlang,2015,31761,MWh
97,Rümlang,2016,32782,MWh
97,Rümlang,2017,33530,MWh
97,Rümlang,2018,33910,MWh
97,Rümlang,2019,34826,MWh
97,Rümlang,2020,32547,MWh
97,Rümlang,2021,38670,MWh
97,Rümlang,2022,35450,MWh
97,Rümlang,2023,28824,MWh
97,Rümlang,2024,26117,MWh
98,Schleinikon,2004,0,MWh
98,Schleinikon,2005,0,MWh
98,Schleinikon,2006,0,MWh
98,Schleinikon,2007,0,MWh
98,Schleinikon,2008,0,MWh
98,Schleinikon,2009,0,MWh
98,Schleinikon,2010,0,MWh
98,Schleinikon,2011,0,MWh
98,Schleinikon,2012,0,MWh
98,Schleinikon,2013,0,MWh
98,Schleinikon,2014,0,MWh
98,Schleinikon,2015,0,MWh
98,Schleinikon,2016,0,MWh
98,Schleinikon,2017,0,MWh
98,Schleinikon,2018,0,MWh
98,Schleinikon,2019,0,MWh
98,Schleinikon,2020,0,MWh
98,Schleinikon,2021,0,MWh
98,Schleinikon,2022,0,MWh
98,Schleinikon,2023,0,MWh
98,Schleinikon,2024,0,MWh
99,Schöfflisdorf,2004,0,MWh
99,Schöfflisdorf,2005,0,MWh
99,Schöfflisdorf,2006,0,MWh
99,Schöfflisdorf,2007,0,MWh
99,Schöfflisdorf,2008,0,MWh
99,Schöfflisdorf,2009,0,MWh
99,Schöfflisdorf,2010,0,MWh
99,Schöfflisdorf,2011,0,MWh
99,Schöfflisdorf,2012,0,MWh
99,Schöfflisdorf,2013,0,MWh
99,Schöfflisdorf,2014,0,MWh
99,Schöfflisdorf,2015,0,MWh
99,Schöfflisdorf,2016,0,MWh
99,Schöfflisdorf,2017,0,MWh
99,Schöfflisdorf,2018,0,MWh
99,Schöfflisdorf,2019,0,MWh
99,Schöfflisdorf,2020,0,MWh
99,Schöfflisdorf,2021,0,MWh
99,Schöfflisdorf,2022,0,MWh
99,Schöfflisdorf,2023,0,MWh
99,Schöfflisdorf,2024,0,MWh
100,Stadel,2004,0,MWh
100,Stadel,2005,0,MWh
100,Stadel,2006,0,MWh
100,Stadel,2007,0,MWh
100,Stadel,2008,0,MWh
100,Stadel,2009,0,MWh
100,Stadel,2010,0,MWh
100,Stadel,2011,0,MWh
100,Stadel,2012,0,MWh
100,Stadel,2013,0,MWh
100,Stadel,2014,0,MWh
100,Stadel,2015,0,MWh
100,Stadel,2016,0,MWh
100,Stadel,2017,0,MWh
100,Stadel,2018,0,MWh
100,Stadel,2019,0,MWh
100,Stadel,2020,0,MWh
100,Stadel,2021,0,MWh
100,Stadel,2022,0,MWh
100,Stadel,2023,0,MWh
100,Stadel,2024,0,MWh
101,Steinmaur,2004,0,MWh
101,Steinmaur,2005,0,MWh
101,Steinmaur,2006,0,MWh
101,Steinmaur,2007,0,MWh
101,Steinmaur,2008,0,MWh
101,Steinmaur,2009,0,MWh
101,Steinmaur,2010,0,MWh
101,Steinmaur,2011,0,MWh
101,Steinmaur,2012,2238,MWh
101,Steinmaur,2013,2405,MWh
101,Steinmaur,2014,2043,MWh
101,Steinmaur,2015,5086,MWh
101,Steinmaur,2016,2098,MWh
101,Steinmaur,2017,4258,MWh
101,Steinmaur,2018,5671,MWh
101,Steinmaur,2019,6159,MWh
101,Steinmaur,2020,5721,MWh
101,Steinmaur,2021,6054,MWh
101,Steinmaur,2022,5982,MWh
101,Steinmaur,2023,4525,MWh
101,Steinmaur,2024,4776,MWh
102,Weiach,2004,0,MWh
102,Weiach,2005,0,MWh
102,Weiach,2006,0,MWh
102,Weiach,2007,0,MWh
102,Weiach,2008,0,MWh
102,Weiach,2009,0,MWh
102,Weiach,2010,0,MWh
102,Weiach,2011,0,MWh
102,Weiach,2012,0,MWh
102,Weiach,2013,0,MWh
102,Weiach,2014,0,MWh
102,Weiach,2015,0,MWh
102,Weiach,2016,0,MWh
102,Weiach,2017,0,MWh
102,Weiach,2018,0,MWh
102,Weiach,2019,0,MWh
102,Weiach,2020,0,MWh
102,Weiach,2021,0,MWh
102,Weiach,2022,0,MWh
102,Weiach,2023,0,MWh
102,Weiach,2024,0,MWh
111,Bäretswil,2004,0,MWh
111,Bäretswil,2005,0,MWh
111,Bäretswil,2006,0,MWh
111,Bäretswil,2007,0,MWh
111,Bäretswil,2008,0,MWh
111,Bäretswil,2009,0,MWh
111,Bäretswil,2010,0,MWh
111,Bäretswil,2011,0,MWh
111,Bäretswil,2012,0,MWh
111,Bäretswil,2013,0,MWh
111,Bäretswil,2014,0,MWh
111,Bäretswil,2015,0,MWh
111,Bäretswil,2016,0,MWh
111,Bäretswil,2017,0,MWh
111,Bäretswil,2018,0,MWh
111,Bäretswil,2019,0,MWh
111,Bäretswil,2020,0,MWh
111,Bäretswil,2021,0,MWh
111,Bäretswil,2022,0,MWh
111,Bäretswil,2023,0,MWh
111,Bäretswil,2024,0,MWh
112,Bubikon,2004,0,MWh
112,Bubikon,2005,0,MWh
112,Bubikon,2006,0,MWh
112,Bubikon,2007,0,MWh
112,Bubikon,2008,17171,MWh
112,Bubikon,2009,15913,MWh
112,Bubikon,2010,18108,MWh
112,Bubikon,2011,18056,MWh
112,Bubikon,2012,21993,MWh
112,Bubikon,2013,22990,MWh
112,Bubikon,2014,18021,MWh
112,Bubikon,2015,19000,MWh
112,Bubikon,2016,20000,MWh
112,Bubikon,2017,21000,MWh
112,Bubikon,2018,20000,MWh
112,Bubikon,2019,20000,MWh
112,Bubikon,2020,19000,MWh
112,Bubikon,2021,22000,MWh
112,Bubikon,2022,19427,MWh
112,Bubikon,2023,18769,MWh
112,Bubikon,2024,19150,MWh
113,Dürnten,2004,0,MWh
113,Dürnten,2005,0,MWh
113,Dürnten,2006,0,MWh
113,Dürnten,2007,0,MWh
113,Dürnten,2008,19522,MWh
113,Dürnten,2009,20091,MWh
113,Dürnten,2010,20116,MWh
113,Dürnten,2011,20212,MWh
113,Dürnten,2012,23985,MWh
113,Dürnten,2013,26921,MWh
113,Dürnten,2014,20305,MWh
113,Dürnten,2015,20000,MWh
113,Dürnten,2016,21000,MWh
113,Dürnten,2017,23000,MWh
113,Dürnten,2018,22000,MWh
113,Dürnten,2019,22000,MWh
113,Dürnten,2020,21000,MWh
113,Dürnten,2021,25000,MWh
113,Dürnten,2022,21051,MWh
113,Dürnten,2023,19225,MWh
113,Dürnten,2024,20561,MWh
114,Fischenthal,2004,0,MWh
114,Fischenthal,2005,0,MWh
114,Fischenthal,2006,0,MWh
114,Fischenthal,2007,0,MWh
114,Fischenthal,2008,0,MWh
114,Fischenthal,2009,0,MWh
114,Fischenthal,2010,0,MWh
114,Fischenthal,2011,0,MWh
114,Fischenthal,2012,0,MWh
114,Fischenthal,2013,0,MWh
114,Fischenthal,2014,0,MWh
114,Fischenthal,2015,0,MWh
114,Fischenthal,2016,0,MWh
114,Fischenthal,2017,0,MWh
114,Fischenthal,2018,0,MWh
114,Fischenthal,2019,0,MWh
114,Fischenthal,2020,0,MWh
114,Fischenthal,2021,0,MWh
114,Fischenthal,2022,0,MWh
114,Fischenthal,2023,0,MWh
114,Fischenthal,2024,0,MWh
115,Gossau,2004,0,MWh
115,Gossau,2005,0,MWh
115,Gossau,2006,0,MWh
115,Gossau,2007,0,MWh
115,Gossau,2008,0,MWh
115,Gossau,2009,0,MWh
115,Gossau,2010,0,MWh
115,Gossau,2011,0,MWh
115,Gossau,2012,0,MWh
115,Gossau,2013,0,MWh
115,Gossau,2014,0,MWh
115,Gossau,2015,0,MWh
115,Gossau,2016,570,MWh
115,Gossau,2017,3696,MWh
115,Gossau,2018,6843,MWh
115,Gossau,2019,8615,MWh
115,Gossau,2020,10953,MWh
115,Gossau,2021,11420,MWh
115,Gossau,2022,12153,MWh
115,Gossau,2023,9972,MWh
115,Gossau,2024,11242,MWh
116,Grüningen,2004,0,MWh
116,Grüningen,2005,0,MWh
116,Grüningen,2006,0,MWh
116,Grüningen,2007,0,MWh
116,Grüningen,2008,0,MWh
116,Grüningen,2009,0,MWh
116,Grüningen,2010,0,MWh
116,Grüningen,2011,0,MWh
116,Grüningen,2012,0,MWh
116,Grüningen,2013,0,MWh
116,Grüningen,2014,0,MWh
116,Grüningen,2015,0,MWh
116,Grüningen,2016,0,MWh
116,Grüningen,2017,0,MWh
116,Grüningen,2018,0,MWh
116,Grüningen,2019,0,MWh
116,Grüningen,2020,0,MWh
116,Grüningen,2021,0,MWh
116,Grüningen,2022,0,MWh
116,Grüningen,2023,0,MWh
116,Grüningen,2024,0,MWh
117,Hinwil,2004,0,MWh
117,Hinwil,2005,0,MWh
117,Hinwil,2006,0,MWh
117,Hinwil,2007,0,MWh
117,Hinwil,2008,28624,MWh
117,Hinwil,2009,40342,MWh
117,Hinwil,2010,40003,MWh
117,Hinwil,2011,35091,MWh
117,Hinwil,2012,38719,MWh
117,Hinwil,2013,40895,MWh
117,Hinwil,2014,32925,MWh
117,Hinwil,2015,31000,MWh
117,Hinwil,2016,30000,MWh
117,Hinwil,2017,30000,MWh
117,Hinwil,2018,29000,MWh
117,Hinwil,2019,32000,MWh
117,Hinwil,2020,31000,MWh
117,Hinwil,2021,39000,MWh
117,Hinwil,2022,33409,MWh
117,Hinwil,2023,27447,MWh
117,Hinwil,2024,31157,MWh
118,Rüti,2004,0,MWh
118,Rüti,2005,0,MWh
118,Rüti,2006,0,MWh
118,Rüti,2007,0,MWh
118,Rüti,2008,53100,MWh
118,Rüti,2009,53560,MWh
118,Rüti,2010,55986,MWh
118,Rüti,2011,51465,MWh
118,Rüti,2012,63865,MWh
118,Rüti,2013,67570,MWh
118,Rüti,2014,52222,MWh
118,Rüti,2015,55000,MWh
118,Rüti,2016,61000,MWh
118,Rüti,2017,61000,MWh
118,Rüti,2018,58000,MWh
118,Rüti,2019,64000,MWh
118,Rüti,2020,63000,MWh
118,Rüti,2021,73000,MWh
118,Rüti,2022,59242,MWh
118,Rüti,2023,54699,MWh
118,Rüti,2024,58794,MWh
119,Seegräben,2004,0,MWh
119,Seegräben,2005,4256,MWh
119,Seegräben,2006,4471,MWh
119,Seegräben,2007,3788,MWh
119,Seegräben,2008,4574,MWh
119,Seegräben,2009,4985,MWh
119,Seegräben,2010,5111,MWh
119,Seegräben,2011,4949,MWh
119,Seegräben,2012,4241,MWh
119,Seegräben,2013,4564,MWh
119,Seegräben,2014,3988,MWh
119,Seegräben,2015,4103,MWh
119,Seegräben,2016,4243,MWh
119,Seegräben,2017,4281,MWh
119,Seegräben,2018,4072,MWh
119,Seegräben,2019,3649,MWh
119,Seegräben,2020,2418,MWh
119,Seegräben,2021,2067,MWh
119,Seegräben,2022,3092,MWh
119,Seegräben,2023,3025,MWh
119,Seegräben,2024,2702,MWh
120,Wald,2004,0,MWh
120,Wald,2005,0,MWh
120,Wald,2006,0,MWh
120,Wald,2007,0,MWh
120,Wald,2008,0,MWh
120,Wald,2009,0,MWh
120,Wald,2010,0,MWh
120,Wald,2011,0,MWh
120,Wald,2012,0,MWh
120,Wald,2013,0,MWh
120,Wald,2014,0,MWh
120,Wald,2015,0,MWh
120,Wald,2016,0,MWh
120,Wald,2017,0,MWh
120,Wald,2018,0,MWh
120,Wald,2019,0,MWh
120,Wald,2020,0,MWh
120,Wald,2021,0,MWh
120,Wald,2022,0,MWh
120,Wald,2023,0,MWh
120,Wald,2024,0,MWh
121,Wetzikon,2004,0,MWh
121,Wetzikon,2005,116565,MWh
121,Wetzikon,2006,127171,MWh
121,Wetzikon,2007,104660,MWh
121,Wetzikon,2008,122549,MWh
121,Wetzikon,2009,125937,MWh
121,Wetzikon,2010,129003,MWh
121,Wetzikon,2011,123936,MWh
121,Wetzikon,2012,128703,MWh
121,Wetzikon,2013,137144,MWh
121,Wetzikon,2014,119835,MWh
121,Wetzikon,2015,123299,MWh
121,Wetzikon,2016,127490,MWh
121,Wetzikon,2017,128654,MWh
121,Wetzikon,2018,122361,MWh
121,Wetzikon,2019,131350,MWh
121,Wetzikon,2020,128998,MWh
121,Wetzikon,2021,150828,MWh
121,Wetzikon,2022,118215,MWh
121,Wetzikon,2023,126602,MWh
121,Wetzikon,2024,111812,MWh
131,Adliswil,2004,82176,MWh
131,Adliswil,2005,78219,MWh
131,Adliswil,2006,82275,MWh
131,Adliswil,2007,67414,MWh
131,Adliswil,2008,77501,MWh
131,Adliswil,2009,81534,MWh
131,Adliswil,2010,72748,MWh
131,Adliswil,2011,84436,MWh
131,Adliswil,2012,80157,MWh
131,Adliswil,2013,88324,MWh
131,Adliswil,2014,80378,MWh
131,Adliswil,2015,79991,MWh
131,Adliswil,2016,83407,MWh
131,Adliswil,2017,86730,MWh
131,Adliswil,2018,83677,MWh
131,Adliswil,2019,84653,MWh
131,Adliswil,2020,83008,MWh
131,Adliswil,2021,93760,MWh
131,Adliswil,2022,94122,MWh
131,Adliswil,2023,76481,MWh
131,Adliswil,2024,74982,MWh
135,Kilchberg,2004,51675,MWh
135,Kilchberg,2005,59197,MWh
135,Kilchberg,2006,60069,MWh
135,Kilchberg,2007,51444,MWh
135,Kilchberg,2008,58167,MWh
135,Kilchberg,2009,57515,MWh
135,Kilchberg,2010,59796,MWh
135,Kilchberg,2011,54546,MWh
135,Kilchberg,2012,56108,MWh
135,Kilchberg,2013,60053,MWh
135,Kilchberg,2014,55110,MWh
135,Kilchberg,2015,56519,MWh
135,Kilchberg,2016,56896,MWh
135,Kilchberg,2017,58735,MWh
135,Kilchberg,2018,56299,MWh
135,Kilchberg,2019,58772,MWh
135,Kilchberg,2020,57130,MWh
135,Kilchberg,2021,61747,MWh
135,Kilchberg,2022,52441,MWh
135,Kilchberg,2023,45710,MWh
135,Kilchberg,2024,52519,MWh
136,Langnau a.A.,2004,0,MWh
136,Langnau a.A.,2005,0,MWh
136,Langnau a.A.,2006,26529,MWh
136,Langnau a.A.,2007,22847,MWh
136,Langnau a.A.,2008,25366,MWh
136,Langnau a.A.,2009,25366,MWh
136,Langnau a.A.,2010,26863,MWh
136,Langnau a.A.,2011,24517,MWh
136,Langnau a.A.,2012,28297,MWh
136,Langnau a.A.,2013,29274,MWh
136,Langnau a.A.,2014,26681,MWh
136,Langnau a.A.,2015,28203,MWh
136,Langnau a.A.,2016,28202,MWh
136,Langnau a.A.,2017,31318,MWh
136,Langnau a.A.,2018,28419,MWh
136,Langnau a.A.,2019,29914,MWh
136,Langnau a.A.,2020,30100,MWh
136,Langnau a.A.,2021,31590,MWh
136,Langnau a.A.,2022,27501,MWh
136,Langnau a.A.,2023,25828,MWh
136,Langnau a.A.,2024,26380,MWh
137,Oberrieden,2004,0,MWh
137,Oberrieden,2005,0,MWh
137,Oberrieden,2006,26798,MWh
137,Oberrieden,2007,23385,MWh
137,Oberrieden,2008,26529,MWh
137,Oberrieden,2009,24339,MWh
137,Oberrieden,2010,27489,MWh
137,Oberrieden,2011,22337,MWh
137,Oberrieden,2012,25367,MWh
137,Oberrieden,2013,27597,MWh
137,Oberrieden,2014,26737,MWh
137,Oberrieden,2015,25518,MWh
137,Oberrieden,2016,24728,MWh
137,Oberrieden,2017,24096,MWh
137,Oberrieden,2018,24607,MWh
137,Oberrieden,2019,25890,MWh
137,Oberrieden,2020,24706,MWh
137,Oberrieden,2021,26624,MWh
137,Oberrieden,2022,22416,MWh
137,Oberrieden,2023,21442,MWh
137,Oberrieden,2024,20917,MWh
138,Richterswil,2004,54763,MWh
138,Richterswil,2005,57691,MWh
138,Richterswil,2006,64299,MWh
138,Richterswil,2007,53338,MWh
138,Richterswil,2008,63796,MWh
138,Richterswil,2009,62581,MWh
138,Richterswil,2010,65857,MWh
138,Richterswil,2011,63954,MWh
138,Richterswil,2012,65956,MWh
138,Richterswil,2013,73980,MWh
138,Richterswil,2014,66622,MWh
138,Richterswil,2015,66083,MWh
138,Richterswil,2016,70107,MWh
138,Richterswil,2017,75456,MWh
138,Richterswil,2018,72842,MWh
138,Richterswil,2019,76841,MWh
138,Richterswil,2020,72785,MWh
138,Richterswil,2021,83561,MWh
138,Richterswil,2022,72355,MWh
138,Richterswil,2023,64800,MWh
138,Richterswil,2024,63680,MWh
139,Rüschlikon,2004,0,MWh
139,Rüschlikon,2005,0,MWh
139,Rüschlikon,2006,27971,MWh
139,Rüschlikon,2007,23094,MWh
139,Rüschlikon,2008,27112,MWh
139,Rüschlikon,2009,27533,MWh
139,Rüschlikon,2010,30053,MWh
139,Rüschlikon,2011,27927,MWh
139,Rüschlikon,2012,29853,MWh
139,Rüschlikon,2013,32887,MWh
139,Rüschlikon,2014,28532,MWh
139,Rüschlikon,2015,29036,MWh
139,Rüschlikon,2016,28830,MWh
139,Rüschlikon,2017,28437,MWh
139,Rüschlikon,2018,28996,MWh
139,Rüschlikon,2019,30411,MWh
139,Rüschlikon,2020,29385,MWh
139,Rüschlikon,2021,31730,MWh
139,Rüschlikon,2022,27198,MWh
139,Rüschlikon,2023,25335,MWh
139,Rüschlikon,2024,24798,MWh
141,Thalwil,2004,0,MWh
141,Thalwil,2005,0,MWh
141,Thalwil,2006,106041,MWh
141,Thalwil,2007,83732,MWh
141,Thalwil,2008,97632,MWh
141,Thalwil,2009,92602,MWh
141,Thalwil,2010,98976,MWh
141,Thalwil,2011,82254,MWh
141,Thalwil,2012,86367,MWh
141,Thalwil,2013,99422,MWh
141,Thalwil,2014,86564,MWh
141,Thalwil,2015,88126,MWh
141,Thalwil,2016,85234,MWh
141,Thalwil,2017,84544,MWh
141,Thalwil,2018,87200,MWh
141,Thalwil,2019,88625,MWh
141,Thalwil,2020,83927,MWh
141,Thalwil,2021,93930,MWh
141,Thalwil,2022,76995,MWh
141,Thalwil,2023,75880,MWh
141,Thalwil,2024,71927,MWh
151,Erlenbach,2004,27740,MWh
151,Erlenbach,2005,27677,MWh
151,Erlenbach,2006,29650,MWh
151,Erlenbach,2007,23921,MWh
151,Erlenbach,2008,28313,MWh
151,Erlenbach,2009,27643,MWh
151,Erlenbach,2010,15258,MWh
151,Erlenbach,2011,30567,MWh
151,Erlenbach,2012,28767,MWh
151,Erlenbach,2013,31525,MWh
151,Erlenbach,2014,29570,MWh
151,Erlenbach,2015,28612,MWh
151,Erlenbach,2016,28325,MWh
151,Erlenbach,2017,29695,MWh
151,Erlenbach,2018,31202,MWh
151,Erlenbach,2019,30133,MWh
151,Erlenbach,2020,29940,MWh
151,Erlenbach,2021,32133,MWh
151,Erlenbach,2022,41696,MWh
151,Erlenbach,2023,25725,MWh
151,Erlenbach,2024,24932,MWh
152,Herrliberg,2004,26460,MWh
152,Herrliberg,2005,26229,MWh
152,Herrliberg,2006,27630,MWh
152,Herrliberg,2007,22265,MWh
152,Herrliberg,2008,26401,MWh
152,Herrliberg,2009,27617,MWh
152,Herrliberg,2010,26602,MWh
152,Herrliberg,2011,26541,MWh
152,Herrliberg,2012,27212,MWh
152,Herrliberg,2013,29593,MWh
152,Herrliberg,2014,25934,MWh
152,Herrliberg,2015,24528,MWh
152,Herrliberg,2016,25718,MWh
152,Herrliberg,2017,26804,MWh
152,Herrliberg,2018,27078,MWh
152,Herrliberg,2019,27542,MWh
152,Herrliberg,2020,26186,MWh
152,Herrliberg,2021,29215,MWh
152,Herrliberg,2022,27393,MWh
152,Herrliberg,2023,23966,MWh
152,Herrliberg,2024,23425,MWh
153,Hombrechtikon,2004,950,MWh
153,Hombrechtikon,2005,982,MWh
153,Hombrechtikon,2006,1031,MWh
153,Hombrechtikon,2007,762,MWh
153,Hombrechtikon,2008,960,MWh
153,Hombrechtikon,2009,963,MWh
153,Hombrechtikon,2010,936,MWh
153,Hombrechtikon,2011,947,MWh
153,Hombrechtikon,2012,1007,MWh
153,Hombrechtikon,2013,1091,MWh
153,Hombrechtikon,2014,995,MWh
153,Hombrechtikon,2015,1014,MWh
153,Hombrechtikon,2016,977,MWh
153,Hombrechtikon,2017,1008,MWh
153,Hombrechtikon,2018,926,MWh
153,Hombrechtikon,2019,1108,MWh
153,Hombrechtikon,2020,1214,MWh
153,Hombrechtikon,2021,1381,MWh
153,Hombrechtikon,2022,1364,MWh
153,Hombrechtikon,2023,1146,MWh
153,Hombrechtikon,2024,1082,MWh
154,Küsnacht,2004,84156,MWh
154,Küsnacht,2005,85517,MWh
154,Küsnacht,2006,88116,MWh
154,Küsnacht,2007,72560,MWh
154,Küsnacht,2008,80890,MWh
154,Küsnacht,2009,80577,MWh
154,Küsnacht,2010,84571,MWh
154,Küsnacht,2011,78862,MWh
154,Küsnacht,2012,81941,MWh
154,Küsnacht,2013,89929,MWh
154,Küsnacht,2014,91774,MWh
154,Küsnacht,2015,80490,MWh
154,Küsnacht,2016,84218,MWh
154,Küsnacht,2017,89920,MWh
154,Küsnacht,2018,83220,MWh
154,Küsnacht,2019,87548,MWh
154,Küsnacht,2020,83359,MWh
154,Küsnacht,2021,96035,MWh
154,Küsnacht,2022,86345,MWh
154,Küsnacht,2023,83659,MWh
154,Küsnacht,2024,80856,MWh
155,Männedorf,2004,50516,MWh
155,Männedorf,2005,49824,MWh
155,Männedorf,2006,53007,MWh
155,Männedorf,2007,42941,MWh
155,Männedorf,2008,49554,MWh
155,Männedorf,2009,48598,MWh
155,Männedorf,2010,46728,MWh
155,Männedorf,2011,48171,MWh
155,Männedorf,2012,48850,MWh
155,Männedorf,2013,50761,MWh
155,Männedorf,2014,46245,MWh
155,Männedorf,2015,46387,MWh
155,Männedorf,2016,47615,MWh
155,Männedorf,2017,50905,MWh
155,Männedorf,2018,49448,MWh
155,Männedorf,2019,49975,MWh
155,Männedorf,2020,44835,MWh
155,Männedorf,2021,54306,MWh
155,Männedorf,2022,50817,MWh
155,Männedorf,2023,39340,MWh
155,Männedorf,2024,41482,MWh
156,Meilen,2004,79209,MWh
156,Meilen,2005,77389,MWh
156,Meilen,2006,82973,MWh
156,Meilen,2007,69081,MWh
156,Meilen,2008,76508,MWh
156,Meilen,2009,76972,MWh
156,Meilen,2010,68050,MWh
156,Meilen,2011,75610,MWh
156,Meilen,2012,73383,MWh
156,Meilen,2013,74971,MWh
156,Meilen,2014,68445,MWh
156,Meilen,2015,65840,MWh
156,Meilen,2016,67015,MWh
156,Meilen,2017,67649,MWh
156,Meilen,2018,68354,MWh
156,Meilen,2019,69375,MWh
156,Meilen,2020,70155,MWh
156,Meilen,2021,79197,MWh
156,Meilen,2022,79116,MWh
156,Meilen,2023,65937,MWh
156,Meilen,2024,61688,MWh
157,Oetwil a.S.,2004,0,MWh
157,Oetwil a.S.,2005,0,MWh
157,Oetwil a.S.,2006,0,MWh
157,Oetwil a.S.,2007,0,MWh
157,Oetwil a.S.,2008,0,MWh
157,Oetwil a.S.,2009,0,MWh
157,Oetwil a.S.,2010,0,MWh
157,Oetwil a.S.,2011,0,MWh
157,Oetwil a.S.,2012,0,MWh
157,Oetwil a.S.,2013,0,MWh
157,Oetwil a.S.,2014,0,MWh
157,Oetwil a.S.,2015,0,MWh
157,Oetwil a.S.,2016,0,MWh
157,Oetwil a.S.,2017,0,MWh
157,Oetwil a.S.,2018,0,MWh
157,Oetwil a.S.,2019,0,MWh
157,Oetwil a.S.,2020,0,MWh
157,Oetwil a.S.,2021,0,MWh
157,Oetwil a.S.,2022,0,MWh
157,Oetwil a.S.,2023,0,MWh
157,Oetwil a.S.,2024,0,MWh
158,Stäfa,2004,56721,MWh
158,Stäfa,2005,55834,MWh
158,Stäfa,2006,62017,MWh
158,Stäfa,2007,49598,MWh
158,Stäfa,2008,58912,MWh
158,Stäfa,2009,58519,MWh
158,Stäfa,2010,57336,MWh
158,Stäfa,2011,58664,MWh
158,Stäfa,2012,59202,MWh
158,Stäfa,2013,64398,MWh
158,Stäfa,2014,57833,MWh
158,Stäfa,2015,58282,MWh
158,Stäfa,2016,60116,MWh
158,Stäfa,2017,64266,MWh
158,Stäfa,2018,62767,MWh
158,Stäfa,2019,62639,MWh
158,Stäfa,2020,60322,MWh
158,Stäfa,2021,68761,MWh
158,Stäfa,2022,63710,MWh
158,Stäfa,2023,51682,MWh
158,Stäfa,2024,50580,MWh
159,Uetikon a.S.,2004,34649,MWh
159,Uetikon a.S.,2005,37000,MWh
159,Uetikon a.S.,2006,37275,MWh
159,Uetikon a.S.,2007,34411,MWh
159,Uetikon a.S.,2008,38986,MWh
159,Uetikon a.S.,2009,50656,MWh
159,Uetikon a.S.,2010,52256,MWh
159,Uetikon a.S.,2011,54445,MWh
159,Uetikon a.S.,2012,54084,MWh
159,Uetikon a.S.,2013,55819,MWh
159,Uetikon a.S.,2014,49875,MWh
159,Uetikon a.S.,2015,48458,MWh
159,Uetikon a.S.,2016,49411,MWh
159,Uetikon a.S.,2017,36542,MWh
159,Uetikon a.S.,2018,26059,MWh
159,Uetikon a.S.,2019,23179,MWh
159,Uetikon a.S.,2020,22007,MWh
159,Uetikon a.S.,2021,24019,MWh
159,Uetikon a.S.,2022,21827,MWh
159,Uetikon a.S.,2023,18983,MWh
159,Uetikon a.S.,2024,18353,MWh
160,Zumikon,2004,0,MWh
160,Zumikon,2005,0,MWh
160,Zumikon,2006,0,MWh
160,Zumikon,2007,0,MWh
160,Zumikon,2008,0,MWh
160,Zumikon,2009,0,MWh
160,Zumikon,2010,0,MWh
160,Zumikon,2011,0,MWh
160,Zumikon,2012,0,MWh
160,Zumikon,2013,0,MWh
160,Zumikon,2014,0,MWh
160,Zumikon,2015,0,MWh
160,Zumikon,2016,0,MWh
160,Zumikon,2017,0,MWh
160,Zumikon,2018,0,MWh
160,Zumikon,2019,0,MWh
160,Zumikon,2020,0,MWh
160,Zumikon,2021,0,MWh
160,Zumikon,2022,0,MWh
160,Zumikon,2023,0,MWh
160,Zumikon,2024,0,MWh
161,Zollikon,2004,68214,MWh
161,Zollikon,2005,67762,MWh
161,Zollikon,2006,72113,MWh
161,Zollikon,2007,60209,MWh
161,Zollikon,2008,68391,MWh
161,Zollikon,2009,67805,MWh
161,Zollikon,2010,67299,MWh
161,Zollikon,2011,66947,MWh
161,Zollikon,2012,70038,MWh
161,Zollikon,2013,76177,MWh
161,Zollikon,2014,57365,MWh
161,Zollikon,2015,68566,MWh
161,Zollikon,2016,71741,MWh
161,Zollikon,2017,76598,MWh
161,Zollikon,2018,70891,MWh
161,Zollikon,2019,74578,MWh
161,Zollikon,2020,71010,MWh
161,Zollikon,2021,81808,MWh
161,Zollikon,2022,73553,MWh
161,Zollikon,2023,71265,MWh
161,Zollikon,2024,68878,MWh
172,Fehraltorf,2004,0,MWh
172,Fehraltorf,2005,0,MWh
172,Fehraltorf,2006,0,MWh
172,Fehraltorf,2007,12618,MWh
172,Fehraltorf,2008,24455,MWh
172,Fehraltorf,2009,23427,MWh
172,Fehraltorf,2010,25354,MWh
172,Fehraltorf,2011,28141,MWh
172,Fehraltorf,2012,25432,MWh
172,Fehraltorf,2013,29353,MWh
172,Fehraltorf,2014,30238,MWh
172,Fehraltorf,2015,33434,MWh
172,Fehraltorf,2016,34499,MWh
172,Fehraltorf,2017,41417,MWh
172,Fehraltorf,2018,42730,MWh
172,Fehraltorf,2019,41673,MWh
172,Fehraltorf,2020,39593,MWh
172,Fehraltorf,2021,49422,MWh
172,Fehraltorf,2022,50253,MWh
172,Fehraltorf,2023,22575,MWh
172,Fehraltorf,2024,44811,MWh
173,Hittnau,2004,0,MWh
173,Hittnau,2005,0,MWh
173,Hittnau,2006,0,MWh
173,Hittnau,2007,0,MWh
173,Hittnau,2008,0,MWh
173,Hittnau,2009,0,MWh
173,Hittnau,2010,0,MWh
173,Hittnau,2011,0,MWh
173,Hittnau,2012,0,MWh
173,Hittnau,2013,0,MWh
173,Hittnau,2014,0,MWh
173,Hittnau,2015,0,MWh
173,Hittnau,2016,0,MWh
173,Hittnau,2017,0,MWh
173,Hittnau,2018,0,MWh
173,Hittnau,2019,0,MWh
173,Hittnau,2020,0,MWh
173,Hittnau,2021,0,MWh
173,Hittnau,2022,0,MWh
173,Hittnau,2023,0,MWh
173,Hittnau,2024,0,MWh
176,Lindau,2004,0,MWh
176,Lindau,2005,0,MWh
176,Lindau,2006,0,MWh
176,Lindau,2007,0,MWh
176,Lindau,2008,0,MWh
176,Lindau,2009,0,MWh
176,Lindau,2010,0,MWh
176,Lindau,2011,0,MWh
176,Lindau,2012,0,MWh
176,Lindau,2013,0,MWh
176,Lindau,2014,0,MWh
176,Lindau,2015,0,MWh
176,Lindau,2016,0,MWh
176,Lindau,2017,0,MWh
176,Lindau,2018,0,MWh
176,Lindau,2019,0,MWh
176,Lindau,2020,0,MWh
176,Lindau,2021,0,MWh
176,Lindau,2022,0,MWh
176,Lindau,2023,0,MWh
176,Lindau,2024,0,MWh
177,Pfäffikon,2004,0,MWh
177,Pfäffikon,2005,0,MWh
177,Pfäffikon,2006,0,MWh
177,Pfäffikon,2007,0,MWh
177,Pfäffikon,2008,1235,MWh
177,Pfäffikon,2009,9783,MWh
177,Pfäffikon,2010,12703,MWh
177,Pfäffikon,2011,11974,MWh
177,Pfäffikon,2012,16959,MWh
177,Pfäffikon,2013,21167,MWh
177,Pfäffikon,2014,16857,MWh
177,Pfäffikon,2015,19865,MWh
177,Pfäffikon,2016,23089,MWh
177,Pfäffikon,2017,28255,MWh
177,Pfäffikon,2018,26544,MWh
177,Pfäffikon,2019,28940,MWh
177,Pfäffikon,2020,27779,MWh
177,Pfäffikon,2021,32492,MWh
177,Pfäffikon,2022,24596,MWh
177,Pfäffikon,2023,24078,MWh
177,Pfäffikon,2024,25488,MWh
178,Russikon,2004,0,MWh
178,Russikon,2005,0,MWh
178,Russikon,2006,0,MWh
178,Russikon,2007,0,MWh
178,Russikon,2008,0,MWh
178,Russikon,2009,0,MWh
178,Russikon,2010,0,MWh
178,Russikon,2011,0,MWh
178,Russikon,2012,0,MWh
178,Russikon,2013,0,MWh
178,Russikon,2014,0,MWh
178,Russikon,2015,0,MWh
178,Russikon,2016,0,MWh
178,Russikon,2017,0,MWh
178,Russikon,2018,0,MWh
178,Russikon,2019,0,MWh
178,Russikon,2020,0,MWh
178,Russikon,2021,0,MWh
178,Russikon,2022,0,MWh
178,Russikon,2023,0,MWh
178,Russikon,2024,0,MWh
180,Weisslingen,2004,0,MWh
180,Weisslingen,2005,0,MWh
180,Weisslingen,2006,0,MWh
180,Weisslingen,2007,0,MWh
180,Weisslingen,2008,0,MWh
180,Weisslingen,2009,0,MWh
180,Weisslingen,2010,0,MWh
180,Weisslingen,2011,0,MWh
180,Weisslingen,2012,0,MWh
180,Weisslingen,2013,0,MWh
180,Weisslingen,2014,0,MWh
180,Weisslingen,2015,0,MWh
180,Weisslingen,2016,0,MWh
180,Weisslingen,2017,0,MWh
180,Weisslingen,2018,0,MWh
180,Weisslingen,2019,0,MWh
180,Weisslingen,2020,0,MWh
180,Weisslingen,2021,0,MWh
180,Weisslingen,2022,0,MWh
180,Weisslingen,2023,0,MWh
180,Weisslingen,2024,0,MWh
181,Wila,2004,0,MWh
181,Wila,2005,0,MWh
181,Wila,2006,0,MWh
181,Wila,2007,0,MWh
181,Wila,2008,0,MWh
181,Wila,2009,0,MWh
181,Wila,2010,0,MWh
181,Wila,2011,0,MWh
181,Wila,2012,0,MWh
181,Wila,2013,0,MWh
181,Wila,2014,0,MWh
181,Wila,2015,0,MWh
181,Wila,2016,0,MWh
181,Wila,2017,0,MWh
181,Wila,2018,0,MWh
181,Wila,2019,0,MWh
181,Wila,2020,0,MWh
181,Wila,2021,0,MWh
181,Wila,2022,0,MWh
181,Wila,2023,0,MWh
181,Wila,2024,0,MWh
182,Wildberg,2004,0,MWh
182,Wildberg,2005,0,MWh
182,Wildberg,2006,0,MWh
182,Wildberg,2007,0,MWh
182,Wildberg,2008,0,MWh
182,Wildberg,2009,0,MWh
182,Wildberg,2010,0,MWh
182,Wildberg,2011,0,MWh
182,Wildberg,2012,0,MWh
182,Wildberg,2013,0,MWh
182,Wildberg,2014,0,MWh
182,Wildberg,2015,0,MWh
182,Wildberg,2016,0,MWh
182,Wildberg,2017,0,MWh
182,Wildberg,2018,0,MWh
182,Wildberg,2019,0,MWh
182,Wildberg,2020,0,MWh
182,Wildberg,2021,0,MWh
182,Wildberg,2022,0,MWh
182,Wildberg,2023,0,MWh
182,Wildberg,2024,0,MWh
191,Dübendorf,2004,173108,MWh
191,Dübendorf,2005,173105,MWh
191,Dübendorf,2006,186581,MWh
191,Dübendorf,2007,164220,MWh
191,Dübendorf,2008,192013,MWh
191,Dübendorf,2009,207390,MWh
191,Dübendorf,2010,221434,MWh
191,Dübendorf,2011,208078,MWh
191,Dübendorf,2012,225748,MWh
191,Dübendorf,2013,238727,MWh
191,Dübendorf,2014,212190,MWh
191,Dübendorf,2015,213544,MWh
191,Dübendorf,2016,214041,MWh
191,Dübendorf,2017,230171,MWh
191,Dübendorf,2018,219517,MWh
191,Dübendorf,2019,225809,MWh
191,Dübendorf,2020,213997,MWh
191,Dübendorf,2021,208702,MWh
191,Dübendorf,2022,184835,MWh
191,Dübendorf,2023,113383,MWh
191,Dübendorf,2024,156651,MWh
192,Egg,2004,0,MWh
192,Egg,2005,0,MWh
192,Egg,2006,0,MWh
192,Egg,2007,0,MWh
192,Egg,2008,0,MWh
192,Egg,2009,0,MWh
192,Egg,2010,0,MWh
192,Egg,2011,0,MWh
192,Egg,2012,0,MWh
192,Egg,2013,0,MWh
192,Egg,2014,0,MWh
192,Egg,2015,0,MWh
192,Egg,2016,0,MWh
192,Egg,2017,0,MWh
192,Egg,2018,0,MWh
192,Egg,2019,0,MWh
192,Egg,2020,120,MWh
192,Egg,2021,1839,MWh
192,Egg,2022,3965,MWh
192,Egg,2023,4377,MWh
192,Egg,2024,4607,MWh
193,Fällanden,2004,35772,MWh
193,Fällanden,2005,35816,MWh
193,Fällanden,2006,36930,MWh
193,Fällanden,2007,30887,MWh
193,Fällanden,2008,37168,MWh
193,Fällanden,2009,38964,MWh
193,Fällanden,2010,39219,MWh
193,Fällanden,2011,37468,MWh
193,Fällanden,2012,36296,MWh
193,Fällanden,2013,39870,MWh
193,Fällanden,2014,36092,MWh
193,Fällanden,2015,37071,MWh
193,Fällanden,2016,38702,MWh
193,Fällanden,2017,42646,MWh
193,Fällanden,2018,40940,MWh
193,Fällanden,2019,42131,MWh
193,Fällanden,2020,42559,MWh
193,Fällanden,2021,48272,MWh
193,Fällanden,2022,44398,MWh
193,Fällanden,2023,38322,MWh
193,Fällanden,2024,38822,MWh
194,Greifensee,2004,23558,MWh
194,Greifensee,2005,24842,MWh
194,Greifensee,2006,24897,MWh
194,Greifensee,2007,19395,MWh
194,Greifensee,2008,22892,MWh
194,Greifensee,2009,15916,MWh
194,Greifensee,2010,16462,MWh
194,Greifensee,2011,15614,MWh
194,Greifensee,2012,18294,MWh
194,Greifensee,2013,17957,MWh
194,Greifensee,2014,15795,MWh
194,Greifensee,2015,11003,MWh
194,Greifensee,2016,13580,MWh
194,Greifensee,2017,18514,MWh
194,Greifensee,2018,15152,MWh
194,Greifensee,2019,16304,MWh
194,Greifensee,2020,13706,MWh
194,Greifensee,2021,16884,MWh
194,Greifensee,2022,10225,MWh
194,Greifensee,2023,4017,MWh
194,Greifensee,2024,14379,MWh
195,Maur,2004,8839,MWh
195,Maur,2005,8282,MWh
195,Maur,2006,8966,MWh
195,Maur,2007,7314,MWh
195,Maur,2008,8063,MWh
195,Maur,2009,8432,MWh
195,Maur,2010,8174,MWh
195,Maur,2011,8974,MWh
195,Maur,2012,9126,MWh
195,Maur,2013,11006,MWh
195,Maur,2014,9544,MWh
195,Maur,2015,10554,MWh
195,Maur,2016,11452,MWh
195,Maur,2017,13721,MWh
195,Maur,2018,11081,MWh
195,Maur,2019,11290,MWh
195,Maur,2020,13335,MWh
195,Maur,2021,13362,MWh
195,Maur,2022,14268,MWh
195,Maur,2023,12740,MWh
195,Maur,2024,12595,MWh
196,Mönchaltorf,2004,0,MWh
196,Mönchaltorf,2005,0,MWh
196,Mönchaltorf,2006,0,MWh
196,Mönchaltorf,2007,0,MWh
196,Mönchaltorf,2008,0,MWh
196,Mönchaltorf,2009,0,MWh
196,Mönchaltorf,2010,0,MWh
196,Mönchaltorf,2011,0,MWh
196,Mönchaltorf,2012,0,MWh
196,Mönchaltorf,2013,0,MWh
196,Mönchaltorf,2014,0,MWh
196,Mönchaltorf,2015,0,MWh
196,Mönchaltorf,2016,0,MWh
196,Mönchaltorf,2017,0,MWh
196,Mönchaltorf,2018,0,MWh
196,Mönchaltorf,2019,360,MWh
196,Mönchaltorf,2020,1506,MWh
196,Mönchaltorf,2021,2434,MWh
196,Mönchaltorf,2022,2451,MWh
196,Mönchaltorf,2023,2047,MWh
196,Mönchaltorf,2024,2210,MWh
197,Schwerzenbach,2004,21767,MWh
197,Schwerzenbach,2005,19934,MWh
197,Schwerzenbach,2006,24739,MWh
197,Schwerzenbach,2007,21907,MWh
197,Schwerzenbach,2008,30638,MWh
197,Schwerzenbach,2009,26287,MWh
197,Schwerzenbach,2010,26284,MWh
197,Schwerzenbach,2011,27822,MWh
197,Schwerzenbach,2012,31123,MWh
197,Schwerzenbach,2013,33856,MWh
197,Schwerzenbach,2014,31268,MWh
197,Schwerzenbach,2015,29943,MWh
197,Schwerzenbach,2016,29042,MWh
197,Schwerzenbach,2017,29656,MWh
197,Schwerzenbach,2018,30944,MWh
197,Schwerzenbach,2019,30455,MWh
197,Schwerzenbach,2020,32387,MWh
197,Schwerzenbach,2021,35493,MWh
197,Schwerzenbach,2022,33114,MWh
197,Schwerzenbach,2023,29176,MWh
197,Schwerzenbach,2024,27790,MWh
198,Uster,2004,199914,MWh
198,Uster,2005,200659,MWh
198,Uster,2006,216739,MWh
198,Uster,2007,171956,MWh
198,Uster,2008,205373,MWh
198,Uster,2009,198092,MWh
198,Uster,2010,212857,MWh
198,Uster,2011,195114,MWh
198,Uster,2012,205859,MWh
198,Uster,2013,223095,MWh
198,Uster,2014,199181,MWh
198,Uster,2015,203360,MWh
198,Uster,2016,206473,MWh
198,Uster,2017,226722,MWh
198,Uster,2018,215956,MWh
198,Uster,2019,229532,MWh
198,Uster,2020,215684,MWh
198,Uster,2021,246288,MWh
198,Uster,2022,208037,MWh
198,Uster,2023,181200,MWh
198,Uster,2024,180500,MWh
199,Volketswil,2004,104913,MWh
199,Volketswil,2005,102664,MWh
199,Volketswil,2006,109192,MWh
199,Volketswil,2007,95857,MWh
199,Volketswil,2008,110057,MWh
199,Volketswil,2009,108805,MWh
199,Volketswil,2010,111622,MWh
199,Volketswil,2011,110800,MWh
199,Volketswil,2012,121532,MWh
199,Volketswil,2013,128372,MWh
199,Volketswil,2014,121602,MWh
199,Volketswil,2015,114341,MWh
199,Volketswil,2016,116846,MWh
199,Volketswil,2017,124741,MWh
199,Volketswil,2018,124083,MWh
199,Volketswil,2019,129945,MWh
199,Volketswil,2020,123325,MWh
199,Volketswil,2021,127316,MWh
199,Volketswil,2022,131965,MWh
199,Volketswil,2023,105064,MWh
199,Volketswil,2024,112221,MWh
200,Wangen-Brüttisellen,2004,0,MWh
200,Wangen-Brüttisellen,2005,0,MWh
200,Wangen-Brüttisellen,2006,0,MWh
200,Wangen-Brüttisellen,2007,22186,MWh
200,Wangen-Brüttisellen,2008,25541,MWh
200,Wangen-Brüttisellen,2009,26584,MWh
200,Wangen-Brüttisellen,2010,26125,MWh
200,Wangen-Brüttisellen,2011,24540,MWh
200,Wangen-Brüttisellen,2012,25875,MWh
200,Wangen-Brüttisellen,2013,30367,MWh
200,Wangen-Brüttisellen,2014,20242,MWh
200,Wangen-Brüttisellen,2015,17360,MWh
200,Wangen-Brüttisellen,2016,31563,MWh
200,Wangen-Brüttisellen,2017,31641,MWh
200,Wangen-Brüttisellen,2018,30733,MWh
200,Wangen-Brüttisellen,2019,31391,MWh
200,Wangen-Brüttisellen,2020,31328,MWh
200,Wangen-Brüttisellen,2021,38405,MWh
200,Wangen-Brüttisellen,2022,34749,MWh
200,Wangen-Brüttisellen,2023,29533,MWh
200,Wangen-Brüttisellen,2024,30600,MWh
211,Altikon,2004,0,MWh
211,Altikon,2005,0,MWh
211,Altikon,2006,0,MWh
211,Altikon,2007,0,MWh
211,Altikon,2008,0,MWh
211,Altikon,2009,0,MWh
211,Altikon,2010,0,MWh
211,Altikon,2011,0,MWh
211,Altikon,2012,0,MWh
211,Altikon,2013,0,MWh
211,Altikon,2014,0,MWh
211,Altikon,2015,0,MWh
211,Altikon,2016,0,MWh
211,Altikon,2017,0,MWh
211,Altikon,2018,0,MWh
211,Altikon,2019,0,MWh
211,Altikon,2020,0,MWh
211,Altikon,2021,0,MWh
211,Altikon,2022,0,MWh
211,Altikon,2023,0,MWh
211,Altikon,2024,0,MWh
213,Brütten,2004,0,MWh
213,Brütten,2005,0,MWh
213,Brütten,2006,0,MWh
213,Brütten,2007,0,MWh
213,Brütten,2008,0,MWh
213,Brütten,2009,0,MWh
213,Brütten,2010,0,MWh
213,Brütten,2011,0,MWh
213,Brütten,2012,0,MWh
213,Brütten,2013,0,MWh
213,Brütten,2014,0,MWh
213,Brütten,2015,0,MWh
213,Brütten,2016,0,MWh
213,Brütten,2017,0,MWh
213,Brütten,2018,0,MWh
213,Brütten,2019,0,MWh
213,Brütten,2020,0,MWh
213,Brütten,2021,0,MWh
213,Brütten,2022,0,MWh
213,Brütten,2023,0,MWh
213,Brütten,2024,0,MWh
214,Dägerlen,2004,0,MWh
214,Dägerlen,2005,0,MWh
214,Dägerlen,2006,0,MWh
214,Dägerlen,2007,0,MWh
214,Dägerlen,2008,0,MWh
214,Dägerlen,2009,0,MWh
214,Dägerlen,2010,0,MWh
214,Dägerlen,2011,0,MWh
214,Dägerlen,2012,0,MWh
214,Dägerlen,2013,0,MWh
214,Dägerlen,2014,0,MWh
214,Dägerlen,2015,0,MWh
214,Dägerlen,2016,0,MWh
214,Dägerlen,2017,0,MWh
214,Dägerlen,2018,0,MWh
214,Dägerlen,2019,0,MWh
214,Dägerlen,2020,0,MWh
214,Dägerlen,2021,0,MWh
214,Dägerlen,2022,0,MWh
214,Dägerlen,2023,0,MWh
214,Dägerlen,2024,0,MWh
215,Dättlikon,2004,0,MWh
215,Dättlikon,2005,0,MWh
215,Dättlikon,2006,0,MWh
215,Dättlikon,2007,0,MWh
215,Dättlikon,2008,0,MWh
215,Dättlikon,2009,0,MWh
215,Dättlikon,2010,0,MWh
215,Dättlikon,2011,0,MWh
215,Dättlikon,2012,0,MWh
215,Dättlikon,2013,0,MWh
215,Dättlikon,2014,0,MWh
215,Dättlikon,2015,0,MWh
215,Dättlikon,2016,0,MWh
215,Dättlikon,2017,0,MWh
215,Dättlikon,2018,0,MWh
215,Dättlikon,2019,0,MWh
215,Dättlikon,2020,0,MWh
215,Dättlikon,2021,0,MWh
215,Dättlikon,2022,0,MWh
215,Dättlikon,2023,0,MWh
215,Dättlikon,2024,0,MWh
216,Dinhard,2004,0,MWh
216,Dinhard,2005,0,MWh
216,Dinhard,2006,0,MWh
216,Dinhard,2007,0,MWh
216,Dinhard,2008,0,MWh
216,Dinhard,2009,0,MWh
216,Dinhard,2010,0,MWh
216,Dinhard,2011,0,MWh
216,Dinhard,2012,0,MWh
216,Dinhard,2013,0,MWh
216,Dinhard,2014,0,MWh
216,Dinhard,2015,0,MWh
216,Dinhard,2016,0,MWh
216,Dinhard,2017,0,MWh
216,Dinhard,2018,0,MWh
216,Dinhard,2019,0,MWh
216,Dinhard,2020,0,MWh
216,Dinhard,2021,0,MWh
216,Dinhard,2022,0,MWh
216,Dinhard,2023,0,MWh
216,Dinhard,2024,0,MWh
218,Ellikon a.d.Th.,2004,0,MWh
218,Ellikon a.d.Th.,2005,0,MWh
218,Ellikon a.d.Th.,2006,0,MWh
218,Ellikon a.d.Th.,2007,0,MWh
218,Ellikon a.d.Th.,2008,0,MWh
218,Ellikon a.d.Th.,2009,0,MWh
218,Ellikon a.d.Th.,2010,0,MWh
218,Ellikon a.d.Th.,2011,0,MWh
218,Ellikon a.d.Th.,2012,0,MWh
218,Ellikon a.d.Th.,2013,0,MWh
218,Ellikon a.d.Th.,2014,0,MWh
218,Ellikon a.d.Th.,2015,0,MWh
218,Ellikon a.d.Th.,2016,0,MWh
218,Ellikon a.d.Th.,2017,0,MWh
218,Ellikon a.d.Th.,2018,0,MWh
218,Ellikon a.d.Th.,2019,0,MWh
218,Ellikon a.d.Th.,2020,0,MWh
218,Ellikon a.d.Th.,2021,0,MWh
218,Ellikon a.d.Th.,2022,0,MWh
218,Ellikon a.d.Th.,2023,0,MWh
218,Ellikon a.d.Th.,2024,0,MWh
219,Elsau,2004,0,MWh
219,Elsau,2005,0,MWh
219,Elsau,2006,0,MWh
219,Elsau,2007,0,MWh
219,Elsau,2008,0,MWh
219,Elsau,2009,0,MWh
219,Elsau,2010,0,MWh
219,Elsau,2011,0,MWh
219,Elsau,2012,0,MWh
219,Elsau,2013,0,MWh
219,Elsau,2014,0,MWh
219,Elsau,2015,0,MWh
219,Elsau,2016,0,MWh
219,Elsau,2017,0,MWh
219,Elsau,2018,0,MWh
219,Elsau,2019,0,MWh
219,Elsau,2020,0,MWh
219,Elsau,2021,0,MWh
219,Elsau,2022,0,MWh
219,Elsau,2023,0,MWh
219,Elsau,2024,0,MWh
220,Hagenbuch,2004,0,MWh
220,Hagenbuch,2005,0,MWh
220,Hagenbuch,2006,0,MWh
220,Hagenbuch,2007,0,MWh
220,Hagenbuch,2008,0,MWh
220,Hagenbuch,2009,0,MWh
220,Hagenbuch,2010,0,MWh
220,Hagenbuch,2011,0,MWh
220,Hagenbuch,2012,0,MWh
220,Hagenbuch,2013,0,MWh
220,Hagenbuch,2014,0,MWh
220,Hagenbuch,2015,0,MWh
220,Hagenbuch,2016,0,MWh
220,Hagenbuch,2017,0,MWh
220,Hagenbuch,2018,0,MWh
220,Hagenbuch,2019,0,MWh
220,Hagenbuch,2020,0,MWh
220,Hagenbuch,2021,0,MWh
220,Hagenbuch,2022,0,MWh
220,Hagenbuch,2023,0,MWh
220,Hagenbuch,2024,0,MWh
221,Hettlingen,2004,0,MWh
221,Hettlingen,2005,0,MWh
221,Hettlingen,2006,0,MWh
221,Hettlingen,2007,0,MWh
221,Hettlingen,2008,0,MWh
221,Hettlingen,2009,0,MWh
221,Hettlingen,2010,0,MWh
221,Hettlingen,2011,0,MWh
221,Hettlingen,2012,0,MWh
221,Hettlingen,2013,0,MWh
221,Hettlingen,2014,0,MWh
221,Hettlingen,2015,0,MWh
221,Hettlingen,2016,0,MWh
221,Hettlingen,2017,0,MWh
221,Hettlingen,2018,0,MWh
221,Hettlingen,2019,0,MWh
221,Hettlingen,2020,0,MWh
221,Hettlingen,2021,0,MWh
221,Hettlingen,2022,0,MWh
221,Hettlingen,2023,0,MWh
221,Hettlingen,2024,0,MWh
223,Neftenbach,2004,0,MWh
223,Neftenbach,2005,0,MWh
223,Neftenbach,2006,0,MWh
223,Neftenbach,2007,0,MWh
223,Neftenbach,2008,0,MWh
223,Neftenbach,2009,0,MWh
223,Neftenbach,2010,0,MWh
223,Neftenbach,2011,0,MWh
223,Neftenbach,2012,0,MWh
223,Neftenbach,2013,0,MWh
223,Neftenbach,2014,0,MWh
223,Neftenbach,2015,0,MWh
223,Neftenbach,2016,0,MWh
223,Neftenbach,2017,0,MWh
223,Neftenbach,2018,0,MWh
223,Neftenbach,2019,0,MWh
223,Neftenbach,2020,0,MWh
223,Neftenbach,2021,0,MWh
223,Neftenbach,2022,0,MWh
223,Neftenbach,2023,0,MWh
223,Neftenbach,2024,0,MWh
224,Pfungen,2004,5743,MWh
224,Pfungen,2005,6131,MWh
224,Pfungen,2006,6000,MWh
224,Pfungen,2007,5278,MWh
224,Pfungen,2008,6641,MWh
224,Pfungen,2009,7288,MWh
224,Pfungen,2010,7725,MWh
224,Pfungen,2011,6987,MWh
224,Pfungen,2012,8111,MWh
224,Pfungen,2013,8538,MWh
224,Pfungen,2014,8041,MWh
224,Pfungen,2015,9141,MWh
224,Pfungen,2016,10105,MWh
224,Pfungen,2017,10517,MWh
224,Pfungen,2018,10038,MWh
224,Pfungen,2019,10038,MWh
224,Pfungen,2020,10818,MWh
224,Pfungen,2021,12258,MWh
224,Pfungen,2022,10242,MWh
224,Pfungen,2023,6459,MWh
224,Pfungen,2024,10360,MWh
225,Rickenbach,2004,0,MWh
225,Rickenbach,2005,0,MWh
225,Rickenbach,2006,0,MWh
225,Rickenbach,2007,0,MWh
225,Rickenbach,2008,0,MWh
225,Rickenbach,2009,0,MWh
225,Rickenbach,2010,0,MWh
225,Rickenbach,2011,0,MWh
225,Rickenbach,2012,0,MWh
225,Rickenbach,2013,0,MWh
225,Rickenbach,2014,0,MWh
225,Rickenbach,2015,0,MWh
225,Rickenbach,2016,0,MWh
225,Rickenbach,2017,0,MWh
225,Rickenbach,2018,0,MWh
225,Rickenbach,2019,0,MWh
225,Rickenbach,2020,0,MWh
225,Rickenbach,2021,0,MWh
225,Rickenbach,2022,0,MWh
225,Rickenbach,2023,0,MWh
225,Rickenbach,2024,0,MWh
226,Schlatt,2004,0,MWh
226,Schlatt,2005,0,MWh
226,Schlatt,2006,0,MWh
226,Schlatt,2007,0,MWh
226,Schlatt,2008,0,MWh
226,Schlatt,2009,0,MWh
226,Schlatt,2010,0,MWh
226,Schlatt,2011,0,MWh
226,Schlatt,2012,0,MWh
226,Schlatt,2013,0,MWh
226,Schlatt,2014,0,MWh
226,Schlatt,2015,0,MWh
226,Schlatt,2016,0,MWh
226,Schlatt,2017,0,MWh
226,Schlatt,2018,0,MWh
226,Schlatt,2019,0,MWh
226,Schlatt,2020,0,MWh
226,Schlatt,2021,0,MWh
226,Schlatt,2022,0,MWh
226,Schlatt,2023,0,MWh
226,Schlatt,2024,0,MWh
227,Seuzach,2004,0,MWh
227,Seuzach,2005,0,MWh
227,Seuzach,2006,0,MWh
227,Seuzach,2007,0,MWh
227,Seuzach,2008,0,MWh
227,Seuzach,2009,0,MWh
227,Seuzach,2010,0,MWh
227,Seuzach,2011,0,MWh
227,Seuzach,2012,0,MWh
227,Seuzach,2013,0,MWh
227,Seuzach,2014,0,MWh
227,Seuzach,2015,0,MWh
227,Seuzach,2016,0,MWh
227,Seuzach,2017,0,MWh
227,Seuzach,2018,0,MWh
227,Seuzach,2019,0,MWh
227,Seuzach,2020,181,MWh
227,Seuzach,2021,1883,MWh
227,Seuzach,2022,3604,MWh
227,Seuzach,2023,2867,MWh
227,Seuzach,2024,3683,MWh
228,Turbenthal,2004,0,MWh
228,Turbenthal,2005,0,MWh
228,Turbenthal,2006,0,MWh
228,Turbenthal,2007,0,MWh
228,Turbenthal,2008,0,MWh
228,Turbenthal,2009,0,MWh
228,Turbenthal,2010,0,MWh
228,Turbenthal,2011,0,MWh
228,Turbenthal,2012,0,MWh
228,Turbenthal,2013,0,MWh
228,Turbenthal,2014,0,MWh
228,Turbenthal,2015,0,MWh
228,Turbenthal,2016,0,MWh
228,Turbenthal,2017,0,MWh
228,Turbenthal,2018,0,MWh
228,Turbenthal,2019,0,MWh
228,Turbenthal,2020,0,MWh
228,Turbenthal,2021,0,MWh
228,Turbenthal,2022,0,MWh
228,Turbenthal,2023,0,MWh
228,Turbenthal,2024,0,MWh
230,Winterthur,2004,439018,MWh
230,Winterthur,2005,456110,MWh
230,Winterthur,2006,449900,MWh
230,Winterthur,2007,385569,MWh
230,Winterthur,2008,426000,MWh
230,Winterthur,2009,488889,MWh
230,Winterthur,2010,523354,MWh
230,Winterthur,2011,475803,MWh
230,Winterthur,2012,478337,MWh
230,Winterthur,2013,505856,MWh
230,Winterthur,2014,466125,MWh
230,Winterthur,2015,446688,MWh
230,Winterthur,2016,447325,MWh
230,Winterthur,2017,454112,MWh
230,Winterthur,2018,421551,MWh
230,Winterthur,2019,433278,MWh
230,Winterthur,2020,431321,MWh
230,Winterthur,2021,486838,MWh
230,Winterthur,2022,392865,MWh
230,Winterthur,2023,347730,MWh
230,Winterthur,2024,345248,MWh
231,Zell,2004,0,MWh
231,Zell,2005,0,MWh
231,Zell,2006,0,MWh
231,Zell,2007,0,MWh
231,Zell,2008,0,MWh
231,Zell,2009,0,MWh
231,Zell,2010,0,MWh
231,Zell,2011,0,MWh
231,Zell,2012,0,MWh
231,Zell,2013,0,MWh
231,Zell,2014,0,MWh
231,Zell,2015,0,MWh
231,Zell,2016,0,MWh
231,Zell,2017,0,MWh
231,Zell,2018,0,MWh
231,Zell,2019,0,MWh
231,Zell,2020,0,MWh
231,Zell,2021,0,MWh
231,Zell,2022,0,MWh
231,Zell,2023,0,MWh
231,Zell,2024,0,MWh
241,Aesch,2004,0,MWh
241,Aesch,2005,0,MWh
241,Aesch,2006,0,MWh
241,Aesch,2007,0,MWh
241,Aesch,2008,0,MWh
241,Aesch,2009,0,MWh
241,Aesch,2010,0,MWh
241,Aesch,2011,0,MWh
241,Aesch,2012,0,MWh
241,Aesch,2013,0,MWh
241,Aesch,2014,0,MWh
241,Aesch,2015,0,MWh
241,Aesch,2016,0,MWh
241,Aesch,2017,0,MWh
241,Aesch,2018,0,MWh
241,Aesch,2019,0,MWh
241,Aesch,2020,0,MWh
241,Aesch,2021,0,MWh
241,Aesch,2022,0,MWh
241,Aesch,2023,0,MWh
241,Aesch,2024,0,MWh
242,Birmensdorf,2004,10162,MWh
242,Birmensdorf,2005,13160,MWh
242,Birmensdorf,2006,14971,MWh
242,Birmensdorf,2007,12622,MWh
242,Birmensdorf,2008,8863,MWh
242,Birmensdorf,2009,10807,MWh
242,Birmensdorf,2010,10351,MWh
242,Birmensdorf,2011,14415,MWh
242,Birmensdorf,2012,11549,MWh
242,Birmensdorf,2013,13283,MWh
242,Birmensdorf,2014,14130,MWh
242,Birmensdorf,2015,14144,MWh
242,Birmensdorf,2016,13799,MWh
242,Birmensdorf,2017,18128,MWh
242,Birmensdorf,2018,20491,MWh
242,Birmensdorf,2019,15354,MWh
242,Birmensdorf,2020,18055,MWh
242,Birmensdorf,2021,8784,MWh
242,Birmensdorf,2022,16203,MWh
242,Birmensdorf,2023,11152,MWh
242,Birmensdorf,2024,13198,MWh
243,Dietikon,2004,81157,MWh
243,Dietikon,2005,78677,MWh
243,Dietikon,2006,83587,MWh
243,Dietikon,2007,68858,MWh
243,Dietikon,2008,80536,MWh
243,Dietikon,2009,80374,MWh
243,Dietikon,2010,83661,MWh
243,Dietikon,2011,77674,MWh
243,Dietikon,2012,80103,MWh
243,Dietikon,2013,87502,MWh
243,Dietikon,2014,78190,MWh
243,Dietikon,2015,78496,MWh
243,Dietikon,2016,80581,MWh
243,Dietikon,2017,87711,MWh
243,Dietikon,2018,82639,MWh
243,Dietikon,2019,81545,MWh
243,Dietikon,2020,78774,MWh
243,Dietikon,2021,89576,MWh
243,Dietikon,2022,90046,MWh
243,Dietikon,2023,67531,MWh
243,Dietikon,2024,71738,MWh
244,Geroldswil,2004,15053,MWh
244,Geroldswil,2005,14869,MWh
244,Geroldswil,2006,15419,MWh
244,Geroldswil,2007,11877,MWh
244,Geroldswil,2008,14029,MWh
244,Geroldswil,2009,13555,MWh
244,Geroldswil,2010,12778,MWh
244,Geroldswil,2011,13574,MWh
244,Geroldswil,2012,14365,MWh
244,Geroldswil,2013,16047,MWh
244,Geroldswil,2014,14534,MWh
244,Geroldswil,2015,14311,MWh
244,Geroldswil,2016,14541,MWh
244,Geroldswil,2017,24168,MWh
244,Geroldswil,2018,17218,MWh
244,Geroldswil,2019,11955,MWh
244,Geroldswil,2020,11250,MWh
244,Geroldswil,2021,11808,MWh
244,Geroldswil,2022,12061,MWh
244,Geroldswil,2023,7416,MWh
244,Geroldswil,2024,7207,MWh
245,Oberengstringen,2004,19416,MWh
245,Oberengstringen,2005,19998,MWh
245,Oberengstringen,2006,22226,MWh
245,Oberengstringen,2007,22333,MWh
245,Oberengstringen,2008,25602,MWh
245,Oberengstringen,2009,26007,MWh
245,Oberengstringen,2010,23307,MWh
245,Oberengstringen,2011,25834,MWh
245,Oberengstringen,2012,27431,MWh
245,Oberengstringen,2013,29145,MWh
245,Oberengstringen,2014,27133,MWh
245,Oberengstringen,2015,25949,MWh
245,Oberengstringen,2016,28318,MWh
245,Oberengstringen,2017,29744,MWh
245,Oberengstringen,2018,29952,MWh
245,Oberengstringen,2019,30365,MWh
245,Oberengstringen,2020,28724,MWh
245,Oberengstringen,2021,29877,MWh
245,Oberengstringen,2022,24113,MWh
245,Oberengstringen,2023,13181,MWh
245,Oberengstringen,2024,12547,MWh
246,Oetwil a.d.L,2004,0,MWh
246,Oetwil a.d.L,2005,0,MWh
246,Oetwil a.d.L,2006,0,MWh
246,Oetwil a.d.L,2007,0,MWh
246,Oetwil a.d.L,2008,0,MWh
246,Oetwil a.d.L,2009,0,MWh
246,Oetwil a.d.L,2010,0,MWh
246,Oetwil a.d.L,2011,0,MWh
246,Oetwil a.d.L,2012,0,MWh
246,Oetwil a.d.L,2013,0,MWh
246,Oetwil a.d.L,2014,0,MWh
246,Oetwil a.d.L,2015,0,MWh
246,Oetwil a.d.L,2016,0,MWh
246,Oetwil a.d.L,2017,0,MWh
246,Oetwil a.d.L,2018,0,MWh
246,Oetwil a.d.L,2019,0,MWh
246,Oetwil a.d.L,2020,0,MWh
246,Oetwil a.d.L,2021,0,MWh
246,Oetwil a.d.L,2022,0,MWh
246,Oetwil a.d.L,2023,0,MWh
246,Oetwil a.d.L,2024,0,MWh
247,Schlieren,2004,126421,MWh
247,Schlieren,2005,121230,MWh
247,Schlieren,2006,121000,MWh
247,Schlieren,2007,112080,MWh
247,Schlieren,2008,118570,MWh
247,Schlieren,2009,120026,MWh
247,Schlieren,2010,116972,MWh
247,Schlieren,2011,97716,MWh
247,Schlieren,2012,107428,MWh
247,Schlieren,2013,114668,MWh
247,Schlieren,2014,95594,MWh
247,Schlieren,2015,109208,MWh
247,Schlieren,2016,115837,MWh
247,Schlieren,2017,117099,MWh
247,Schlieren,2018,110545,MWh
247,Schlieren,2019,116667,MWh
247,Schlieren,2020,109515,MWh
247,Schlieren,2021,125572,MWh
247,Schlieren,2022,108501,MWh
247,Schlieren,2023,109674,MWh
247,Schlieren,2024,99775,MWh
248,Uitikon,2004,0,MWh
248,Uitikon,2005,0,MWh
248,Uitikon,2006,0,MWh
248,Uitikon,2007,0,MWh
248,Uitikon,2008,0,MWh
248,Uitikon,2009,0,MWh
248,Uitikon,2010,0,MWh
248,Uitikon,2011,0,MWh
248,Uitikon,2012,0,MWh
248,Uitikon,2013,0,MWh
248,Uitikon,2014,0,MWh
248,Uitikon,2015,0,MWh
248,Uitikon,2016,0,MWh
248,Uitikon,2017,0,MWh
248,Uitikon,2018,0,MWh
248,Uitikon,2019,0,MWh
248,Uitikon,2020,0,MWh
248,Uitikon,2021,0,MWh
248,Uitikon,2022,0,MWh
248,Uitikon,2023,0,MWh
248,Uitikon,2024,0,MWh
249,Unterengstringen,2004,6304,MWh
249,Unterengstringen,2005,6047,MWh
249,Unterengstringen,2006,6556,MWh
249,Unterengstringen,2007,5245,MWh
249,Unterengstringen,2008,6107,MWh
249,Unterengstringen,2009,6750,MWh
249,Unterengstringen,2010,5805,MWh
249,Unterengstringen,2011,6816,MWh
249,Unterengstringen,2012,6621,MWh
249,Unterengstringen,2013,7271,MWh
249,Unterengstringen,2014,6529,MWh
249,Unterengstringen,2015,7143,MWh
249,Unterengstringen,2016,8604,MWh
249,Unterengstringen,2017,17464,MWh
249,Unterengstringen,2018,17911,MWh
249,Unterengstringen,2019,16677,MWh
249,Unterengstringen,2020,15913,MWh
249,Unterengstringen,2021,12873,MWh
249,Unterengstringen,2022,14681,MWh
249,Unterengstringen,2023,9261,MWh
249,Unterengstringen,2024,11506,MWh
250,Urdorf,2004,45914,MWh
250,Urdorf,2005,45378,MWh
250,Urdorf,2006,46911,MWh
250,Urdorf,2007,39081,MWh
250,Urdorf,2008,45863,MWh
250,Urdorf,2009,46278,MWh
250,Urdorf,2010,42389,MWh
250,Urdorf,2011,45937,MWh
250,Urdorf,2012,44001,MWh
250,Urdorf,2013,47890,MWh
250,Urdorf,2014,44820,MWh
250,Urdorf,2015,45085,MWh
250,Urdorf,2016,45548,MWh
250,Urdorf,2017,47248,MWh
250,Urdorf,2018,47307,MWh
250,Urdorf,2019,48222,MWh
250,Urdorf,2020,46768,MWh
250,Urdorf,2021,54034,MWh
250,Urdorf,2022,53940,MWh
250,Urdorf,2023,43124,MWh
250,Urdorf,2024,41066,MWh
251,Weiningen,2004,13363,MWh
251,Weiningen,2005,11818,MWh
251,Weiningen,2006,12686,MWh
251,Weiningen,2007,10655,MWh
251,Weiningen,2008,13059,MWh
251,Weiningen,2009,18291,MWh
251,Weiningen,2010,12973,MWh
251,Weiningen,2011,14372,MWh
251,Weiningen,2012,14490,MWh
251,Weiningen,2013,15723,MWh
251,Weiningen,2014,14800,MWh
251,Weiningen,2015,14223,MWh
251,Weiningen,2016,16084,MWh
251,Weiningen,2017,17435,MWh
251,Weiningen,2018,16137,MWh
251,Weiningen,2019,14878,MWh
251,Weiningen,2020,14539,MWh
251,Weiningen,2021,14607,MWh
251,Weiningen,2022,15083,MWh
251,Weiningen,2023,10295,MWh
251,Weiningen,2024,9316,MWh
261,Zürich,2004,2555124,MWh
261,Zürich,2005,2436271,MWh
261,Zürich,2006,2510265,MWh
261,Zürich,2007,2382972,MWh
261,Zürich,2008,2755379,MWh
261,Zürich,2009,2691408,MWh
261,Zürich,2010,2656636,MWh
261,Zürich,2011,2444751,MWh
261,Zürich,2012,2467982,MWh
261,Zürich,2013,2749579,MWh
261,Zürich,2014,2307406,MWh
261,Zürich,2015,2184358,MWh
261,Zürich,2016,2268543,MWh
261,Zürich,2017,2332824,MWh
261,Zürich,2018,2268400,MWh
261,Zürich,2019,2287332,MWh
261,Zürich,2020,2165611,MWh
261,Zürich,2021,2514507,MWh
261,Zürich,2022,2397974,MWh
261,Zürich,2023,1875841,MWh
261,Zürich,2024,1965872,MWh
291,Andelfingen,2004,0,MWh
291,Andelfingen,2005,0,MWh
291,Andelfingen,2006,0,MWh
291,Andelfingen,2007,0,MWh
291,Andelfingen,2008,0,MWh
291,Andelfingen,2009,0,MWh
291,Andelfingen,2010,0,MWh
291,Andelfingen,2011,0,MWh
291,Andelfingen,2012,0,MWh
291,Andelfingen,2013,0,MWh
291,Andelfingen,2014,0,MWh
291,Andelfingen,2015,0,MWh
291,Andelfingen,2016,0,MWh
291,Andelfingen,2017,0,MWh
291,Andelfingen,2018,0,MWh
291,Andelfingen,2019,0,MWh
291,Andelfingen,2020,0,MWh
291,Andelfingen,2021,0,MWh
291,Andelfingen,2022,0,MWh
291,Andelfingen,2023,0,MWh
291,Andelfingen,2024,0,MWh
292,Stammheim,2004,0,MWh
292,Stammheim,2005,0,MWh
292,Stammheim,2006,0,MWh
292,Stammheim,2007,0,MWh
292,Stammheim,2008,0,MWh
292,Stammheim,2009,0,MWh
292,Stammheim,2010,0,MWh
292,Stammheim,2011,0,MWh
292,Stammheim,2012,0,MWh
292,Stammheim,2013,0,MWh
292,Stammheim,2014,0,MWh
292,Stammheim,2015,0,MWh
292,Stammheim,2016,0,MWh
292,Stammheim,2017,0,MWh
292,Stammheim,2018,0,MWh
292,Stammheim,2019,0,MWh
292,Stammheim,2020,0,MWh
292,Stammheim,2021,0,MWh
292,Stammheim,2022,0,MWh
292,Stammheim,2023,0,MWh
292,Stammheim,2024,0,MWh
293,Wädenswil,2004,136603,MWh
293,Wädenswil,2005,135247,MWh
293,Wädenswil,2006,148000,MWh
293,Wädenswil,2007,121000,MWh
293,Wädenswil,2008,140960,MWh
293,Wädenswil,2009,136107,MWh
293,Wädenswil,2010,144370,MWh
293,Wädenswil,2011,140589,MWh
293,Wädenswil,2012,132191,MWh
293,Wädenswil,2013,144822,MWh
293,Wädenswil,2014,130449,MWh
293,Wädenswil,2015,129800,MWh
293,Wädenswil,2016,136426,MWh
293,Wädenswil,2017,143009,MWh
293,Wädenswil,2018,138308,MWh
293,Wädenswil,2019,134299,MWh
293,Wädenswil,2020,127448,MWh
293,Wädenswil,2021,142563,MWh
293,Wädenswil,2022,127064,MWh
293,Wädenswil,2023,114245,MWh
293,Wädenswil,2024,113030,MWh
294,Elgg,2004,0,MWh
294,Elgg,2005,0,MWh
294,Elgg,2006,0,MWh
294,Elgg,2007,0,MWh
294,Elgg,2008,0,MWh
294,Elgg,2009,0,MWh
294,Elgg,2010,0,MWh
294,Elgg,2011,0,MWh
294,Elgg,2012,0,MWh
294,Elgg,2013,0,MWh
294,Elgg,2014,0,MWh
294,Elgg,2015,0,MWh
294,Elgg,2016,0,MWh
294,Elgg,2017,0,MWh
294,Elgg,2018,0,MWh
294,Elgg,2019,0,MWh
294,Elgg,2020,0,MWh
294,Elgg,2021,0,MWh
294,Elgg,2022,0,MWh
294,Elgg,2023,0,MWh
294,Elgg,2024,0,MWh
295,Horgen,2004,96146,MWh
295,Horgen,2005,91353,MWh
295,Horgen,2006,95293,MWh
295,Horgen,2007,74018,MWh
295,Horgen,2008,86514,MWh
295,Horgen,2009,77343,MWh
295,Horgen,2010,78587,MWh
295,Horgen,2011,74676,MWh
295,Horgen,2012,47622,MWh
295,Horgen,2013,81011,MWh
295,Horgen,2014,71085,MWh
295,Horgen,2015,76215,MWh
295,Horgen,2016,79954,MWh
295,Horgen,2017,84728,MWh
295,Horgen,2018,82506,MWh
295,Horgen,2019,84413,MWh
295,Horgen,2020,76118,MWh
295,Horgen,2021,84470,MWh
295,Horgen,2022,79605,MWh
295,Horgen,2023,69419,MWh
295,Horgen,2024,65392,MWh
296,Illnau-Effretikon,2004,37474,MWh
296,Illnau-Effretikon,2005,36710,MWh
296,Illnau-Effretikon,2006,39174,MWh
296,Illnau-Effretikon,2007,27913,MWh
296,Illnau-Effretikon,2008,36172,MWh
296,Illnau-Effretikon,2009,34226,MWh
296,Illnau-Effretikon,2010,33906,MWh
296,Illnau-Effretikon,2011,36288,MWh
296,Illnau-Effretikon,2012,36538,MWh
296,Illnau-Effretikon,2013,45487,MWh
296,Illnau-Effretikon,2014,42067,MWh
296,Illnau-Effretikon,2015,42284,MWh
296,Illnau-Effretikon,2016,43440,MWh
296,Illnau-Effretikon,2017,48020,MWh
296,Illnau-Effretikon,2018,51138,MWh
296,Illnau-Effretikon,2019,59277,MWh
296,Illnau-Effretikon,2020,57393,MWh
296,Illnau-Effretikon,2021,65001,MWh
296,Illnau-Effretikon,2022,61301,MWh
296,Illnau-Effretikon,2023,51058,MWh
296,Illnau-Effretikon,2024,49742,MWh
297,Bauma,2004,0,MWh
297,Bauma,2005,0,MWh
297,Bauma,2006,0,MWh
297,Bauma,2007,0,MWh
297,Bauma,2008,0,MWh
297,Bauma,2009,0,MWh
297,Bauma,2010,0,MWh
297,Bauma,2011,0,MWh
297,Bauma,2012,0,MWh
297,Bauma,2013,0,MWh
297,Bauma,2014,0,MWh
297,Bauma,2015,0,MWh
297,Bauma,2016,0,MWh
297,Bauma,2017,0,MWh
297,Bauma,2018,0,MWh
297,Bauma,2019,0,MWh
297,Bauma,2020,0,MWh
297,Bauma,2021,0,MWh
297,Bauma,2022,0,MWh
297,Bauma,2023,0,MWh
297,Bauma,2024,0,MWh
298,Wiesendangen,2004,5200,MWh
298,Wiesendangen,2005,5863,MWh
298,Wiesendangen,2006,5600,MWh
298,Wiesendangen,2007,4964,MWh
298,Wiesendangen,2008,5720,MWh
298,Wiesendangen,2009,6137,MWh
298,Wiesendangen,2010,7002,MWh
298,Wiesendangen,2011,6261,MWh
298,Wiesendangen,2012,7076,MWh
298,Wiesendangen,2013,7553,MWh
298,Wiesendangen,2014,6483,MWh
298,Wiesendangen,2015,7110,MWh
298,Wiesendangen,2016,7431,MWh
298,Wiesendangen,2017,7461,MWh
298,Wiesendangen,2018,4131,MWh
298,Wiesendangen,2019,8142,MWh
298,Wiesendangen,2020,8004,MWh
298,Wiesendangen,2021,8926,MWh
298,Wiesendangen,2022,8774,MWh
298,Wiesendangen,2023,7204,MWh
298,Wiesendangen,2024,7152,MWh
