jahr;bfsnr;ort;anlage;rubrik;thema;subthema;wert;einheit
2001;117;Hinwil;KEZO Hinwil;Wärme;KVA;Wärme;19567;MWh
2001;261;Zürich;ERZ Josefstrasse;Wärme;KVA;Wärme;108341;MWh
2001;261;Zürich;ERZ Hagenholz;Wärme;KVA;Wärme;302611;MWh
2001;230;Winterthur;KVA Winterthur;Wärme;KVA;Wärme;88370;MWh
2001;243;Dietikon;KV Limeco;Wärme;KVA;Wärme;18262;MWh
2001;295;Horgen;KVA Horgen;Wärme;KVA;Wärme;47321;MWh
2002;117;Hinwil;KEZO Hinwil;Wärme;KVA;Wärme;17400;MWh
2002;261;Zürich;ERZ Josefstrasse;Wärme;KVA;Wärme;107002;MWh
2002;261;Zürich;ERZ Hagenholz;Wärme;KVA;Wärme;325711;MWh
2002;230;Winterthur;KVA Winterthur;Wärme;KVA;Wärme;91484;MWh
2002;243;Dietikon;KV Limeco;Wärme;KVA;Wärme;18048;MWh
2002;295;Horgen;KVA Horgen;Wärme;KVA;Wärme;66262;MWh
2003;117;Hinwil;KEZO Hinwil;Wärme;KVA;Wärme;20020;MWh
2003;261;Zürich;ERZ Josefstrasse;Wärme;KVA;Wärme;90029;MWh
2003;261;Zürich;ERZ Hagenholz;Wärme;KVA;Wärme;309934;MWh
2003;230;Winterthur;KVA Winterthur;Wärme;KVA;Wärme;97919;MWh
2003;243;Dietikon;KV Limeco;Wärme;KVA;Wärme;19824;MWh
2003;295;Horgen;KVA Horgen;Wärme;KVA;Wärme;47839;MWh
2004;117;Hinwil;KEZO Hinwil;Wärme;KVA;Wärme;18481;MWh
2004;261;Zürich;ERZ Josefstrasse;Wärme;KVA;Wärme;102480;MWh
2004;261;Zürich;ERZ Hagenholz;Wärme;KVA;Wärme;299146;MWh
2004;230;Winterthur;KVA Winterthur;Wärme;KVA;Wärme;100642;MWh
2004;243;Dietikon;KV Limeco;Wärme;KVA;Wärme;19734;MWh
2004;295;Horgen;KVA Horgen;Wärme;KVA;Wärme;48040;MWh
2005;117;Hinwil;KEZO Hinwil;Wärme;KVA;Wärme;20274;MWh
2005;261;Zürich;ERZ Josefstrasse;Wärme;KVA;Wärme;93207;MWh
2005;261;Zürich;ERZ Hagenholz;Wärme;KVA;Wärme;313901;MWh
2005;230;Winterthur;KVA Winterthur;Wärme;KVA;Wärme;96593;MWh
2005;243;Dietikon;KV Limeco;Wärme;KVA;Wärme;21123;MWh
2005;295;Horgen;KVA Horgen;Wärme;KVA;Wärme;48142;MWh
2006;117;Hinwil;KEZO Hinwil;Wärme;KVA;Wärme;21631;MWh
2006;261;Zürich;ERZ Josefstrasse;Wärme;KVA;Wärme;100546;MWh
2006;261;Zürich;ERZ Hagenholz;Wärme;KVA;Wärme;338864;MWh
2006;230;Winterthur;KVA Winterthur;Wärme;KVA;Wärme;97933;MWh
2006;243;Dietikon;KV Limeco;Wärme;KVA;Wärme;20642;MWh
2006;295;Horgen;KVA Horgen;Wärme;KVA;Wärme;48432;MWh
2007;117;Hinwil;KEZO Hinwil;Wärme;KVA;Wärme;19436;MWh
2007;261;Zürich;ERZ Josefstrasse;Wärme;KVA;Wärme;92510;MWh
2007;261;Zürich;ERZ Hagenholz;Wärme;KVA;Wärme;318597;MWh
2007;230;Winterthur;KVA Winterthur;Wärme;KVA;Wärme;86362;MWh
2007;243;Dietikon;KV Limeco;Wärme;KVA;Wärme;21018;MWh
2007;295;Horgen;KVA Horgen;Wärme;KVA;Wärme;40753;MWh
2008;117;Hinwil;KEZO Hinwil;Wärme;KVA;Wärme;20481;MWh
2008;261;Zürich;ERZ Josefstrasse;Wärme;KVA;Wärme;84752;MWh
2008;261;Zürich;ERZ Hagenholz;Wärme;KVA;Wärme;306620;MWh
2008;230;Winterthur;KVA Winterthur;Wärme;KVA;Wärme;102384;MWh
2008;243;Dietikon;KV Limeco;Wärme;KVA;Wärme;23400;MWh
2008;295;Horgen;KVA Horgen;Wärme;KVA;Wärme;45637;MWh
2009;117;Hinwil;KEZO Hinwil;Wärme;KVA;Wärme;26223;MWh
2009;261;Zürich;ERZ Josefstrasse;Wärme;KVA;Wärme;88726;MWh
2009;261;Zürich;ERZ Hagenholz;Wärme;KVA;Wärme;327514;MWh
2009;230;Winterthur;KVA Winterthur;Wärme;KVA;Wärme;99183;MWh
2009;243;Dietikon;KV Limeco;Wärme;KVA;Wärme;24079;MWh
2009;295;Horgen;KVA Horgen;Wärme;KVA;Wärme;44671;MWh
2010;117;Hinwil;KEZO Hinwil;Wärme;KVA;Wärme;40754;MWh
2010;261;Zürich;ERZ Josefstrasse;Wärme;KVA;Wärme;102068;MWh
2010;261;Zürich;ERZ Hagenholz;Wärme;KVA;Wärme;366260;MWh
2010;230;Winterthur;KVA Winterthur;Wärme;KVA;Wärme;120744;MWh
2010;243;Dietikon;KV Limeco;Wärme;KVA;Wärme;25243;MWh
2010;295;Horgen;KVA Horgen;Wärme;KVA;Wärme;47848;MWh
2011;117;Hinwil;KEZO Hinwil;Wärme;KVA;Wärme;42403;MWh
2011;261;Zürich;ERZ Josefstrasse;Wärme;KVA;Wärme;83633;MWh
2011;261;Zürich;ERZ Hagenholz;Wärme;KVA;Wärme;399874;MWh
2011;230;Winterthur;KVA Winterthur;Wärme;KVA;Wärme;113433;MWh
2011;243;Dietikon;KV Limeco;Wärme;KVA;Wärme;22208;MWh
2011;295;Horgen;KVA Horgen;Wärme;KVA;Wärme;42007;MWh
2012;117;Hinwil;KEZO Hinwil;Wärme;KVA;Wärme;38819;MWh
2012;261;Zürich;ERZ Josefstrasse;Wärme;KVA;Wärme;89026;MWh
2012;261;Zürich;ERZ Hagenholz;Wärme;KVA;Wärme;423164;MWh
2012;230;Winterthur;KVA Winterthur;Wärme;KVA;Wärme;117348;MWh
2012;243;Dietikon;KV Limeco;Wärme;KVA;Wärme;23271;MWh
2012;295;Horgen;KVA Horgen;Wärme;KVA;Wärme;46939;MWh
2013;117;Hinwil;KEZO Hinwil;Wärme;KVA;Wärme;41225;MWh
2013;261;Zürich;ERZ Josefstrasse;Wärme;KVA;Wärme;92895;MWh
2013;261;Zürich;ERZ Hagenholz;Wärme;KVA;Wärme;403736;MWh
2013;230;Winterthur;KVA Winterthur;Wärme;KVA;Wärme;141284;MWh
2013;243;Dietikon;KV Limeco;Wärme;KVA;Wärme;23930;MWh
2013;295;Horgen;KVA Horgen;Wärme;KVA;Wärme;48427;MWh
2014;117;Hinwil;KEZO Hinwil;Wärme;KVA;Wärme;37415;MWh
2014;261;Zürich;ERZ Josefstrasse;Wärme;KVA;Wärme;88274;MWh
2014;261;Zürich;ERZ Hagenholz;Wärme;KVA;Wärme;420710;MWh
2014;230;Winterthur;KVA Winterthur;Wärme;KVA;Wärme;116568;MWh
2014;243;Dietikon;KV Limeco;Wärme;KVA;Wärme;23335;MWh
2014;295;Horgen;KVA Horgen;Wärme;KVA;Wärme;39440;MWh
2015;117;Hinwil;KEZO Hinwil;Wärme;KVA;Wärme;56583;MWh
2015;261;Zürich;ERZ Josefstrasse;Wärme;KVA;Wärme;104237;MWh
2015;261;Zürich;ERZ Hagenholz;Wärme;KVA;Wärme;434965;MWh
2015;230;Winterthur;KVA Winterthur;Wärme;KVA;Wärme;147438;MWh
2015;243;Dietikon;KV Limeco;Wärme;KVA;Wärme;25912;MWh
2015;295;Horgen;KVA Horgen;Wärme;KVA;Wärme;38171;MWh
2016;117;Hinwil;KEZO Hinwil;Wärme;KVA;Wärme;62015;MWh
2016;261;Zürich;ERZ Josefstrasse;Wärme;KVA;Wärme;102088;MWh
2016;261;Zürich;ERZ Hagenholz;Wärme;KVA;Wärme;427667;MWh
2016;230;Winterthur;KVA Winterthur;Wärme;KVA;Wärme;175288;MWh
2016;243;Dietikon;KV Limeco;Wärme;KVA;Wärme;26752;MWh
2016;295;Horgen;KVA Horgen;Wärme;KVA;Wärme;37169;MWh
2017;117;Hinwil;KEZO Hinwil;Wärme;KVA;Wärme;57644;MWh
2017;261;Zürich;ERZ Josefstrasse;Wärme;KVA;Wärme;111946;MWh
2017;261;Zürich;ERZ Hagenholz;Wärme;KVA;Wärme;420738;MWh
2017;230;Winterthur;KVA Winterthur;Wärme;KVA;Wärme;171022;MWh
2017;243;Dietikon;KV Limeco;Wärme;KVA;Wärme;25520;MWh
2017;295;Horgen;KVA Horgen;Wärme;KVA;Wärme;40791;MWh
2018;117;Hinwil;KEZO Hinwil;Wärme;KVA;Wärme;60391;MWh
2018;261;Zürich;ERZ Josefstrasse;Wärme;KVA;Wärme;111272;MWh
2018;261;Zürich;ERZ Hagenholz;Wärme;KVA;Wärme;419217;MWh
2018;230;Winterthur;KVA Winterthur;Wärme;KVA;Wärme;167119;MWh
2018;243;Dietikon;KV Limeco;Wärme;KVA;Wärme;33148;MWh
2018;295;Horgen;KVA Horgen;Wärme;KVA;Wärme;38623;MWh
2019;117;Hinwil;KEZO Hinwil;Wärme;KVA;Wärme;59127;MWh
2019;261;Zürich;ERZ Josefstrasse;Wärme;KVA;Wärme;103598;MWh
2019;261;Zürich;ERZ Hagenholz;Wärme;KVA;Wärme;450052;MWh
2019;230;Winterthur;KVA Winterthur;Wärme;KVA;Wärme;182824;MWh
2019;243;Dietikon;KV Limeco;Wärme;KVA;Wärme;65334;MWh
2019;295;Horgen;KVA Horgen;Wärme;KVA;Wärme;41384;MWh
2020;117;Hinwil;KEZO Hinwil;Wärme;KVA;Wärme;57258;MWh
2020;261;Zürich;ERZ Josefstrasse;Wärme;KVA;Wärme;105065;MWh
2020;261;Zürich;ERZ Hagenholz;Wärme;KVA;Wärme;444768;MWh
2020;230;Winterthur;KVA Winterthur;Wärme;KVA;Wärme;184727;MWh
2020;243;Dietikon;KV Limeco;Wärme;KVA;Wärme;74540;MWh
2020;295;Horgen;KVA Horgen;Wärme;KVA;Wärme;43756;MWh
2021;117;Hinwil;KEZO Hinwil;Wärme;KVA;Wärme;61870;MWh
2021;261;Zürich;ERZ Hagenholz;Wärme;KVA;Wärme;474162;MWh
2021;230;Winterthur;KVA Winterthur;Wärme;KVA;Wärme;201812;MWh
2021;243;Dietikon;KV Limeco;Wärme;KVA;Wärme;99029;MWh
2021;295;Horgen;KVA Horgen;Wärme;KVA;Wärme;46222;MWh
2022;117;Hinwil;KEZO Hinwil;Wärme;KVA;Wärme;49212;MWh
2022;261;Zürich;ERZ Hagenholz;Wärme;KVA;Wärme;417981;MWh
2022;230;Winterthur;KVA Winterthur;Wärme;KVA;Wärme;178347;MWh
2022;243;Dietikon;KV Limeco;Wärme;KVA;Wärme;102086;MWh
2022;295;Horgen;KVA Horgen;Wärme;KVA;Wärme;43344;MWh
2001;117;Hinwil;KEZO Hinwil;Strom;KVA;Stromproduktion;89180;MWh
2001;261;Zürich;ERZ Josefstrasse;Strom;KVA;Stromproduktion;47727;MWh
2001;261;Zürich;ERZ Hagenholz;Strom;KVA;Stromproduktion;32227;MWh
2001;230;Winterthur;KVA Winterthur;Strom;KVA;Stromproduktion;76145;MWh
2001;243;Dietikon;KV Limeco;Strom;KVA;Stromproduktion;57062;MWh
2001;295;Horgen;KVA Horgen;Strom;KVA;Stromproduktion;19868;MWh
2002;117;Hinwil;KEZO Hinwil;Strom;KVA;Stromproduktion;99354;MWh
2002;261;Zürich;ERZ Josefstrasse;Strom;KVA;Stromproduktion;56993;MWh
2002;261;Zürich;ERZ Hagenholz;Strom;KVA;Stromproduktion;32728;MWh
2002;230;Winterthur;KVA Winterthur;Strom;KVA;Stromproduktion;76678;MWh
2002;243;Dietikon;KV Limeco;Strom;KVA;Stromproduktion;57291;MWh
2002;295;Horgen;KVA Horgen;Strom;KVA;Stromproduktion;19882;MWh
2003;117;Hinwil;KEZO Hinwil;Strom;KVA;Stromproduktion;102929;MWh
2003;261;Zürich;ERZ Josefstrasse;Strom;KVA;Stromproduktion;41964;MWh
2003;261;Zürich;ERZ Hagenholz;Strom;KVA;Stromproduktion;30459;MWh
2003;230;Winterthur;KVA Winterthur;Strom;KVA;Stromproduktion;67135;MWh
2003;243;Dietikon;KV Limeco;Strom;KVA;Stromproduktion;60361;MWh
2003;295;Horgen;KVA Horgen;Strom;KVA;Stromproduktion;18832;MWh
2004;117;Hinwil;KEZO Hinwil;Strom;KVA;Stromproduktion;98698;MWh
2004;261;Zürich;ERZ Josefstrasse;Strom;KVA;Stromproduktion;38301;MWh
2004;261;Zürich;ERZ Hagenholz;Strom;KVA;Stromproduktion;29384;MWh
2004;230;Winterthur;KVA Winterthur;Strom;KVA;Stromproduktion;86385;MWh
2004;243;Dietikon;KV Limeco;Strom;KVA;Stromproduktion;54381;MWh
2004;295;Horgen;KVA Horgen;Strom;KVA;Stromproduktion;20789;MWh
2005;117;Hinwil;KEZO Hinwil;Strom;KVA;Stromproduktion;113238;MWh
2005;261;Zürich;ERZ Josefstrasse;Strom;KVA;Stromproduktion;57936;MWh
2005;261;Zürich;ERZ Hagenholz;Strom;KVA;Stromproduktion;33656;MWh
2005;230;Winterthur;KVA Winterthur;Strom;KVA;Stromproduktion;85701;MWh
2005;243;Dietikon;KV Limeco;Strom;KVA;Stromproduktion;53480;MWh
2005;295;Horgen;KVA Horgen;Strom;KVA;Stromproduktion;20056;MWh
2006;117;Hinwil;KEZO Hinwil;Strom;KVA;Stromproduktion;115549;MWh
2006;261;Zürich;ERZ Josefstrasse;Strom;KVA;Stromproduktion;70439;MWh
2006;261;Zürich;ERZ Hagenholz;Strom;KVA;Stromproduktion;58131;MWh
2006;230;Winterthur;KVA Winterthur;Strom;KVA;Stromproduktion;92731;MWh
2006;243;Dietikon;KV Limeco;Strom;KVA;Stromproduktion;66022;MWh
2006;295;Horgen;KVA Horgen;Strom;KVA;Stromproduktion;20852;MWh
2007;117;Hinwil;KEZO Hinwil;Strom;KVA;Stromproduktion;113455;MWh
2007;261;Zürich;ERZ Josefstrasse;Strom;KVA;Stromproduktion;67023;MWh
2007;261;Zürich;ERZ Hagenholz;Strom;KVA;Stromproduktion;72399;MWh
2007;230;Winterthur;KVA Winterthur;Strom;KVA;Stromproduktion;76887;MWh
2007;243;Dietikon;KV Limeco;Strom;KVA;Stromproduktion;60113;MWh
2007;295;Horgen;KVA Horgen;Strom;KVA;Stromproduktion;23664;MWh
2008;117;Hinwil;KEZO Hinwil;Strom;KVA;Stromproduktion;114516;MWh
2008;261;Zürich;ERZ Josefstrasse;Strom;KVA;Stromproduktion;71693;MWh
2008;261;Zürich;ERZ Hagenholz;Strom;KVA;Stromproduktion;65714;MWh
2008;230;Winterthur;KVA Winterthur;Strom;KVA;Stromproduktion;91320;MWh
2008;243;Dietikon;KV Limeco;Strom;KVA;Stromproduktion;61190;MWh
2008;295;Horgen;KVA Horgen;Strom;KVA;Stromproduktion;26904;MWh
2009;117;Hinwil;KEZO Hinwil;Strom;KVA;Stromproduktion;116704;MWh
2009;261;Zürich;ERZ Josefstrasse;Strom;KVA;Stromproduktion;63071;MWh
2009;261;Zürich;ERZ Hagenholz;Strom;KVA;Stromproduktion;89798;MWh
2009;230;Winterthur;KVA Winterthur;Strom;KVA;Stromproduktion;57558;MWh
2009;243;Dietikon;KV Limeco;Strom;KVA;Stromproduktion;64593;MWh
2009;295;Horgen;KVA Horgen;Strom;KVA;Stromproduktion;27449;MWh
2010;117;Hinwil;KEZO Hinwil;Strom;KVA;Stromproduktion;113113;MWh
2010;261;Zürich;ERZ Josefstrasse;Strom;KVA;Stromproduktion;69873;MWh
2010;261;Zürich;ERZ Hagenholz;Strom;KVA;Stromproduktion;92073;MWh
2010;230;Winterthur;KVA Winterthur;Strom;KVA;Stromproduktion;43219;MWh
2010;243;Dietikon;KV Limeco;Strom;KVA;Stromproduktion;62151;MWh
2010;295;Horgen;KVA Horgen;Strom;KVA;Stromproduktion;27322;MWh
2011;117;Hinwil;KEZO Hinwil;Strom;KVA;Stromproduktion;123308;MWh
2011;261;Zürich;ERZ Josefstrasse;Strom;KVA;Stromproduktion;45906;MWh
2011;261;Zürich;ERZ Hagenholz;Strom;KVA;Stromproduktion;119349;MWh
2011;230;Winterthur;KVA Winterthur;Strom;KVA;Stromproduktion;42931;MWh
2011;243;Dietikon;KV Limeco;Strom;KVA;Stromproduktion;65698;MWh
2011;295;Horgen;KVA Horgen;Strom;KVA;Stromproduktion;28656;MWh
2012;117;Hinwil;KEZO Hinwil;Strom;KVA;Stromproduktion;123522;MWh
2012;261;Zürich;ERZ Josefstrasse;Strom;KVA;Stromproduktion;46132;MWh
2012;261;Zürich;ERZ Hagenholz;Strom;KVA;Stromproduktion;107491;MWh
2012;230;Winterthur;KVA Winterthur;Strom;KVA;Stromproduktion;82586;MWh
2012;243;Dietikon;KV Limeco;Strom;KVA;Stromproduktion;63989;MWh
2012;295;Horgen;KVA Horgen;Strom;KVA;Stromproduktion;28207;MWh
2013;117;Hinwil;KEZO Hinwil;Strom;KVA;Stromproduktion;123695;MWh
2013;261;Zürich;ERZ Josefstrasse;Strom;KVA;Stromproduktion;45033;MWh
2013;261;Zürich;ERZ Hagenholz;Strom;KVA;Stromproduktion;121099;MWh
2013;230;Winterthur;KVA Winterthur;Strom;KVA;Stromproduktion;117761;MWh
2013;243;Dietikon;KV Limeco;Strom;KVA;Stromproduktion;64016;MWh
2013;295;Horgen;KVA Horgen;Strom;KVA;Stromproduktion;28003;MWh
2014;117;Hinwil;KEZO Hinwil;Strom;KVA;Stromproduktion;123913;MWh
2014;261;Zürich;ERZ Josefstrasse;Strom;KVA;Stromproduktion;48488;MWh
2014;261;Zürich;ERZ Hagenholz;Strom;KVA;Stromproduktion;125473;MWh
2014;230;Winterthur;KVA Winterthur;Strom;KVA;Stromproduktion;109741;MWh
2014;243;Dietikon;KV Limeco;Strom;KVA;Stromproduktion;66782;MWh
2014;295;Horgen;KVA Horgen;Strom;KVA;Stromproduktion;29549;MWh
2015;117;Hinwil;KEZO Hinwil;Strom;KVA;Stromproduktion;113394;MWh
2015;261;Zürich;ERZ Josefstrasse;Strom;KVA;Stromproduktion;46374;MWh
2015;261;Zürich;ERZ Hagenholz;Strom;KVA;Stromproduktion;116769;MWh
2015;230;Winterthur;KVA Winterthur;Strom;KVA;Stromproduktion;134087;MWh
2015;243;Dietikon;KV Limeco;Strom;KVA;Stromproduktion;65232;MWh
2015;295;Horgen;KVA Horgen;Strom;KVA;Stromproduktion;13753;MWh
2016;117;Hinwil;KEZO Hinwil;Strom;KVA;Stromproduktion;132140;MWh
2016;261;Zürich;ERZ Josefstrasse;Strom;KVA;Stromproduktion;44748;MWh
2016;261;Zürich;ERZ Hagenholz;Strom;KVA;Stromproduktion;127329;MWh
2016;230;Winterthur;KVA Winterthur;Strom;KVA;Stromproduktion;135626;MWh
2016;243;Dietikon;KV Limeco;Strom;KVA;Stromproduktion;70431;MWh
2016;295;Horgen;KVA Horgen;Strom;KVA;Stromproduktion;16466;MWh
2017;117;Hinwil;KEZO Hinwil;Strom;KVA;Stromproduktion;134428;MWh
2017;261;Zürich;ERZ Josefstrasse;Strom;KVA;Stromproduktion;45366;MWh
2017;261;Zürich;ERZ Hagenholz;Strom;KVA;Stromproduktion;127257;MWh
2017;230;Winterthur;KVA Winterthur;Strom;KVA;Stromproduktion;135682;MWh
2017;243;Dietikon;KV Limeco;Strom;KVA;Stromproduktion;67333;MWh
2017;295;Horgen;KVA Horgen;Strom;KVA;Stromproduktion;23074;MWh
2018;117;Hinwil;KEZO Hinwil;Strom;KVA;Stromproduktion;124558;MWh
2018;261;Zürich;ERZ Josefstrasse;Strom;KVA;Stromproduktion;45128;MWh
2018;261;Zürich;ERZ Hagenholz;Strom;KVA;Stromproduktion;127429;MWh
2018;230;Winterthur;KVA Winterthur;Strom;KVA;Stromproduktion;120314;MWh
2018;243;Dietikon;KV Limeco;Strom;KVA;Stromproduktion;68160;MWh
2018;295;Horgen;KVA Horgen;Strom;KVA;Stromproduktion;22814;MWh
2019;117;Hinwil;KEZO Hinwil;Strom;KVA;Stromproduktion;130286;MWh
2019;261;Zürich;ERZ Josefstrasse;Strom;KVA;Stromproduktion;46658;MWh
2019;261;Zürich;ERZ Hagenholz;Strom;KVA;Stromproduktion;126508;MWh
2019;230;Winterthur;KVA Winterthur;Strom;KVA;Stromproduktion;135148;MWh
2019;243;Dietikon;KV Limeco;Strom;KVA;Stromproduktion;61841;MWh
2019;295;Horgen;KVA Horgen;Strom;KVA;Stromproduktion;22687;MWh
2020;117;Hinwil;KEZO Hinwil;Strom;KVA;Stromproduktion;133913;MWh
2020;261;Zürich;ERZ Josefstrasse;Strom;KVA;Stromproduktion;46118;MWh
2020;261;Zürich;ERZ Hagenholz;Strom;KVA;Stromproduktion;126866;MWh
2020;230;Winterthur;KVA Winterthur;Strom;KVA;Stromproduktion;132257;MWh
2020;243;Dietikon;KV Limeco;Strom;KVA;Stromproduktion;60361;MWh
2020;295;Horgen;KVA Horgen;Strom;KVA;Stromproduktion;23346;MWh
2021;117;Hinwil;KEZO Hinwil;Strom;KVA;Stromproduktion;133454;MWh
2021;261;Zürich;ERZ Hagenholz;Strom;KVA;Stromproduktion;96652;MWh
2021;230;Winterthur;KVA Winterthur;Strom;KVA;Stromproduktion;121499;MWh
2021;243;Dietikon;KV Limeco;Strom;KVA;Stromproduktion;57285;MWh
2021;295;Horgen;KVA Horgen;Strom;KVA;Stromproduktion;22090;MWh
2022;117;Hinwil;KEZO Hinwil;Strom;KVA;Stromproduktion;119469;MWh
2022;261;Zürich;ERZ Hagenholz;Strom;KVA;Stromproduktion;76373;MWh
2022;230;Winterthur;KVA Winterthur;Strom;KVA;Stromproduktion;114099;MWh
2022;243;Dietikon;KV Limeco;Strom;KVA;Stromproduktion;54806;MWh
2022;295;Horgen;KVA Horgen;Strom;KVA;Stromproduktion;22288;MWh
2009;;Hinwil;KEZO Hinwil;Strom;KVA;Stromabsatz;91431;MWh
2009;;Zürich;ERZ Josefstrasse;Strom;KVA;Stromabsatz;43439;MWh
2009;;Zürich;ERZ Hagenholz;Strom;KVA;Stromabsatz;73886;MWh
2009;;Winterthur;KVA Winterthur;Strom;KVA;Stromabsatz;41613;MWh
2009;;Dietikon;KV Limeco;Strom;KVA;Stromabsatz;50687;MWh
2009;;Horgen;KVA Horgen;Strom;KVA;Stromabsatz;18192;MWh
2010;;Hinwil;KEZO Hinwil;Strom;KVA;Stromabsatz;89089;MWh
2010;;Zürich;ERZ Josefstrasse;Strom;KVA;Stromabsatz;49904;MWh
2010;;Zürich;ERZ Hagenholz;Strom;KVA;Stromabsatz;68691;MWh
2010;;Winterthur;KVA Winterthur;Strom;KVA;Stromabsatz;31585;MWh
2010;;Dietikon;KV Limeco;Strom;KVA;Stromabsatz;47919;MWh
2010;;Horgen;KVA Horgen;Strom;KVA;Stromabsatz;18131;MWh
2011;;Hinwil;KEZO Hinwil;Strom;KVA;Stromabsatz;98781;MWh
2011;;Zürich;ERZ Josefstrasse;Strom;KVA;Stromabsatz;32098;MWh
2011;;Zürich;ERZ Hagenholz;Strom;KVA;Stromabsatz;92843;MWh
2011;;Winterthur;KVA Winterthur;Strom;KVA;Stromabsatz;30420;MWh
2011;;Dietikon;KV Limeco;Strom;KVA;Stromabsatz;48954;MWh
2011;;Horgen;KVA Horgen;Strom;KVA;Stromabsatz;19382;MWh
2012;;Hinwil;KEZO Hinwil;Strom;KVA;Stromabsatz;99645;MWh
2012;;Zürich;ERZ Josefstrasse;Strom;KVA;Stromabsatz;32328;MWh
2012;;Zürich;ERZ Hagenholz;Strom;KVA;Stromabsatz;82477;MWh
2012;;Winterthur;KVA Winterthur;Strom;KVA;Stromabsatz;64154;MWh
2012;;Dietikon;KV Limeco;Strom;KVA;Stromabsatz;48976;MWh
2012;;Horgen;KVA Horgen;Strom;KVA;Stromabsatz;19033;MWh
2013;;Hinwil;KEZO Hinwil;Strom;KVA;Stromabsatz;102441;MWh
2013;;Zürich;ERZ Josefstrasse;Strom;KVA;Stromabsatz;31413;MWh
2013;;Zürich;ERZ Hagenholz;Strom;KVA;Stromabsatz;96570;MWh
2013;;Winterthur;KVA Winterthur;Strom;KVA;Stromabsatz;89136;MWh
2013;;Dietikon;KV Limeco;Strom;KVA;Stromabsatz;50627;MWh
2013;;Horgen;KVA Horgen;Strom;KVA;Stromabsatz;18862;MWh
2014;;Hinwil;KEZO Hinwil;Strom;KVA;Stromabsatz;102341;MWh
2014;;Zürich;ERZ Josefstrasse;Strom;KVA;Stromabsatz;33837;MWh
2014;;Zürich;ERZ Hagenholz;Strom;KVA;Stromabsatz;101598;MWh
2014;;Winterthur;KVA Winterthur;Strom;KVA;Stromabsatz;89204;MWh
2014;;Dietikon;KV Limeco;Strom;KVA;Stromabsatz;53094;MWh
2014;;Horgen;KVA Horgen;Strom;KVA;Stromabsatz;20463;MWh
2015;;Hinwil;KEZO Hinwil;Strom;KVA;Stromabsatz;91368;MWh
2015;;Zürich;ERZ Josefstrasse;Strom;KVA;Stromabsatz;31909;MWh
2015;;Zürich;ERZ Hagenholz;Strom;KVA;Stromabsatz;95197;MWh
2015;;Winterthur;KVA Winterthur;Strom;KVA;Stromabsatz;109850;MWh
2015;;Dietikon;KV Limeco;Strom;KVA;Stromabsatz;51773;MWh
2015;;Horgen;KVA Horgen;Strom;KVA;Stromabsatz;8839;MWh
2016;;Hinwil;KEZO Hinwil;Strom;KVA;Stromabsatz;110190;MWh
2016;;Zürich;ERZ Josefstrasse;Strom;KVA;Stromabsatz;30677;MWh
2016;;Zürich;ERZ Hagenholz;Strom;KVA;Stromabsatz;104570;MWh
2016;;Winterthur;KVA Winterthur;Strom;KVA;Stromabsatz;108663;MWh
2016;;Dietikon;KV Limeco;Strom;KVA;Stromabsatz;55517;MWh
2016;;Horgen;KVA Horgen;Strom;KVA;Stromabsatz;12603;MWh
2017;;Hinwil;KEZO Hinwil;Strom;KVA;Stromabsatz;112274;MWh
2017;;Zürich;ERZ Josefstrasse;Strom;KVA;Stromabsatz;30757;MWh
2017;;Zürich;ERZ Hagenholz;Strom;KVA;Stromabsatz;104002;MWh
2017;;Winterthur;KVA Winterthur;Strom;KVA;Stromabsatz;108547;MWh
2017;;Dietikon;KV Limeco;Strom;KVA;Stromabsatz;53305;MWh
2017;;Horgen;KVA Horgen;Strom;KVA;Stromabsatz;18954;MWh
2018;;Hinwil;KEZO Hinwil;Strom;KVA;Stromabsatz;102184;MWh
2018;;Zürich;ERZ Josefstrasse;Strom;KVA;Stromabsatz;31213;MWh
2018;;Zürich;ERZ Hagenholz;Strom;KVA;Stromabsatz;104084;MWh
2018;;Winterthur;KVA Winterthur;Strom;KVA;Stromabsatz;96131;MWh
2018;;Dietikon;KV Limeco;Strom;KVA;Stromabsatz;54388;MWh
2018;;Horgen;KVA Horgen;Strom;KVA;Stromabsatz;18818;MWh
2019;;Hinwil;KEZO Hinwil;Strom;KVA;Stromabsatz;108743;MWh
2019;;Zürich;ERZ Josefstrasse;Strom;KVA;Stromabsatz;31655;MWh
2019;;Zürich;ERZ Hagenholz;Strom;KVA;Stromabsatz;103211;MWh
2019;;Winterthur;KVA Winterthur;Strom;KVA;Stromabsatz;108015;MWh
2019;;Dietikon;KV Limeco;Strom;KVA;Stromabsatz;42661;MWh
2019;;Horgen;KVA Horgen;Strom;KVA;Stromabsatz;18776;MWh
2020;;Hinwil;KEZO Hinwil;Strom;KVA;Stromabsatz;111906;MWh
2020;;Zürich;ERZ Josefstrasse;Strom;KVA;Stromabsatz;31175;MWh
2020;;Zürich;ERZ Hagenholz;Strom;KVA;Stromabsatz;103405;MWh
2020;;Winterthur;KVA Winterthur;Strom;KVA;Stromabsatz;105548;MWh
2020;;Dietikon;KV Limeco;Strom;KVA;Stromabsatz;46329;MWh
2020;;Horgen;KVA Horgen;Strom;KVA;Stromabsatz;19585;MWh
2021;;Hinwil;KEZO Hinwil;Strom;KVA;Stromabsatz;111731;MWh
2021;;Zürich;ERZ Hagenholz;Strom;KVA;Stromabsatz;72813;MWh
2021;;Winterthur;KVA Winterthur;Strom;KVA;Stromabsatz;93862;MWh
2021;;Dietikon;KV Limeco;Strom;KVA;Stromabsatz;44043;MWh
2021;;Horgen;KVA Horgen;Strom;KVA;Stromabsatz;18439;MWh
2022;;Hinwil;KEZO Hinwil;Strom;KVA;Stromabsatz;99304;MWh
2022;;Zürich;ERZ Hagenholz;Strom;KVA;Stromabsatz;54709;MWh
2022;;Winterthur;KVA Winterthur;Strom;KVA;Stromabsatz;87932;MWh
2022;;Dietikon;KV Limeco;Strom;KVA;Stromabsatz;41465;MWh
2022;;Horgen;KVA Horgen;Strom;KVA;Stromabsatz;18602;MWh
2001;117;Hinwil;KEZO Hinwil;Wärme;KVA;Dampfproduktion;543657;MWh
2001;261;Zürich;ERZ Josefstrasse;Wärme;KVA;Dampfproduktion;348952;MWh
2001;261;Zürich;ERZ Hagenholz;Wärme;KVA;Dampfproduktion;414963;MWh
2001;230;Winterthur;KVA Winterthur;Wärme;KVA;Dampfproduktion;409930;MWh
2001;243;Dietikon;KV Limeco;Wärme;KVA;Dampfproduktion;289683;MWh
2001;295;Horgen;KVA Horgen;Wärme;KVA;Dampfproduktion;158463;MWh
2002;117;Hinwil;KEZO Hinwil;Wärme;KVA;Dampfproduktion;678803;MWh
2002;261;Zürich;ERZ Josefstrasse;Wärme;KVA;Dampfproduktion;387818;MWh
2002;261;Zürich;ERZ Hagenholz;Wärme;KVA;Dampfproduktion;434313;MWh
2002;230;Winterthur;KVA Winterthur;Wärme;KVA;Dampfproduktion;413006;MWh
2002;243;Dietikon;KV Limeco;Wärme;KVA;Dampfproduktion;291514;MWh
2002;295;Horgen;KVA Horgen;Wärme;KVA;Dampfproduktion;158151;MWh
2003;117;Hinwil;KEZO Hinwil;Wärme;KVA;Dampfproduktion;581368;MWh
2003;261;Zürich;ERZ Josefstrasse;Wärme;KVA;Dampfproduktion;339049;MWh
2003;261;Zürich;ERZ Hagenholz;Wärme;KVA;Dampfproduktion;411965;MWh
2003;230;Winterthur;KVA Winterthur;Wärme;KVA;Dampfproduktion;403406;MWh
2003;243;Dietikon;KV Limeco;Wärme;KVA;Dampfproduktion;306616;MWh
2003;295;Horgen;KVA Horgen;Wärme;KVA;Dampfproduktion;143755;MWh
2004;117;Hinwil;KEZO Hinwil;Wärme;KVA;Dampfproduktion;416476;MWh
2004;261;Zürich;ERZ Josefstrasse;Wärme;KVA;Dampfproduktion;407261;MWh
2004;261;Zürich;ERZ Hagenholz;Wärme;KVA;Dampfproduktion;506703;MWh
2004;230;Winterthur;KVA Winterthur;Wärme;KVA;Dampfproduktion;456922;MWh
2004;243;Dietikon;KV Limeco;Wärme;KVA;Dampfproduktion;244093;MWh
2004;295;Horgen;KVA Horgen;Wärme;KVA;Dampfproduktion;166614;MWh
2005;117;Hinwil;KEZO Hinwil;Wärme;KVA;Dampfproduktion;498159;MWh
2005;261;Zürich;ERZ Josefstrasse;Wärme;KVA;Dampfproduktion;379240;MWh
2005;261;Zürich;ERZ Hagenholz;Wärme;KVA;Dampfproduktion;421394;MWh
2005;230;Winterthur;KVA Winterthur;Wärme;KVA;Dampfproduktion;476332;MWh
2005;243;Dietikon;KV Limeco;Wärme;KVA;Dampfproduktion;246028;MWh
2005;295;Horgen;KVA Horgen;Wärme;KVA;Dampfproduktion;165902;MWh
2006;117;Hinwil;KEZO Hinwil;Wärme;KVA;Dampfproduktion;495077;MWh
2006;261;Zürich;ERZ Josefstrasse;Wärme;KVA;Dampfproduktion;419257;MWh
2006;261;Zürich;ERZ Hagenholz;Wärme;KVA;Dampfproduktion;472177;MWh
2006;230;Winterthur;KVA Winterthur;Wärme;KVA;Dampfproduktion;501494;MWh
2006;243;Dietikon;KV Limeco;Wärme;KVA;Dampfproduktion;255219;MWh
2006;295;Horgen;KVA Horgen;Wärme;KVA;Dampfproduktion;171244;MWh
2007;117;Hinwil;KEZO Hinwil;Wärme;KVA;Dampfproduktion;490043;MWh
2007;261;Zürich;ERZ Josefstrasse;Wärme;KVA;Dampfproduktion;389540;MWh
2007;261;Zürich;ERZ Hagenholz;Wärme;KVA;Dampfproduktion;453647;MWh
2007;230;Winterthur;KVA Winterthur;Wärme;KVA;Dampfproduktion;520373;MWh
2007;243;Dietikon;KV Limeco;Wärme;KVA;Dampfproduktion;292734;MWh
2007;295;Horgen;KVA Horgen;Wärme;KVA;Dampfproduktion;144989;MWh
2008;117;Hinwil;KEZO Hinwil;Wärme;KVA;Dampfproduktion;535517;MWh
2008;261;Zürich;ERZ Josefstrasse;Wärme;KVA;Dampfproduktion;423061;MWh
2008;261;Zürich;ERZ Hagenholz;Wärme;KVA;Dampfproduktion;427800;MWh
2008;230;Winterthur;KVA Winterthur;Wärme;KVA;Dampfproduktion;529785;MWh
2008;243;Dietikon;KV Limeco;Wärme;KVA;Dampfproduktion;276784;MWh
2008;295;Horgen;KVA Horgen;Wärme;KVA;Dampfproduktion;158575;MWh
2009;117;Hinwil;KEZO Hinwil;Wärme;KVA;Dampfproduktion;494074;MWh
2009;261;Zürich;ERZ Josefstrasse;Wärme;KVA;Dampfproduktion;405863;MWh
2009;261;Zürich;ERZ Hagenholz;Wärme;KVA;Dampfproduktion;521262;MWh
2009;230;Winterthur;KVA Winterthur;Wärme;KVA;Dampfproduktion;361830;MWh
2009;243;Dietikon;KV Limeco;Wärme;KVA;Dampfproduktion;310222;MWh
2009;295;Horgen;KVA Horgen;Wärme;KVA;Dampfproduktion;171322;MWh
2010;117;Hinwil;KEZO Hinwil;Wärme;KVA;Dampfproduktion;528494;MWh
2010;261;Zürich;ERZ Josefstrasse;Wärme;KVA;Dampfproduktion;437746;MWh
2010;261;Zürich;ERZ Hagenholz;Wärme;KVA;Dampfproduktion;526151;MWh
2010;230;Winterthur;KVA Winterthur;Wärme;KVA;Dampfproduktion;299694;MWh
2010;243;Dietikon;KV Limeco;Wärme;KVA;Dampfproduktion;299673;MWh
2010;295;Horgen;KVA Horgen;Wärme;KVA;Dampfproduktion;170400;MWh
2011;117;Hinwil;KEZO Hinwil;Wärme;KVA;Dampfproduktion;580417;MWh
2011;261;Zürich;ERZ Josefstrasse;Wärme;KVA;Dampfproduktion;311369;MWh
2011;261;Zürich;ERZ Hagenholz;Wärme;KVA;Dampfproduktion;665753;MWh
2011;230;Winterthur;KVA Winterthur;Wärme;KVA;Dampfproduktion;306460;MWh
2011;243;Dietikon;KV Limeco;Wärme;KVA;Dampfproduktion;311303;MWh
2011;295;Horgen;KVA Horgen;Wärme;KVA;Dampfproduktion;173538;MWh
2012;117;Hinwil;KEZO Hinwil;Wärme;KVA;Dampfproduktion;597720;MWh
2012;261;Zürich;ERZ Josefstrasse;Wärme;KVA;Dampfproduktion;305354;MWh
2012;261;Zürich;ERZ Hagenholz;Wärme;KVA;Dampfproduktion;667648;MWh
2012;230;Winterthur;KVA Winterthur;Wärme;KVA;Dampfproduktion;438120;MWh
2012;243;Dietikon;KV Limeco;Wärme;KVA;Dampfproduktion;305300;MWh
2012;295;Horgen;KVA Horgen;Wärme;KVA;Dampfproduktion;174090;MWh
2013;117;Hinwil;KEZO Hinwil;Wärme;KVA;Dampfproduktion;505081;MWh
2013;261;Zürich;ERZ Josefstrasse;Wärme;KVA;Dampfproduktion;315139;MWh
2013;261;Zürich;ERZ Hagenholz;Wärme;KVA;Dampfproduktion;638196;MWh
2013;230;Winterthur;KVA Winterthur;Wärme;KVA;Dampfproduktion;498053;MWh
2013;243;Dietikon;KV Limeco;Wärme;KVA;Dampfproduktion;249074;MWh
2013;295;Horgen;KVA Horgen;Wärme;KVA;Dampfproduktion;177711;MWh
2014;117;Hinwil;KEZO Hinwil;Wärme;KVA;Dampfproduktion;503933;MWh
2014;261;Zürich;ERZ Josefstrasse;Wärme;KVA;Dampfproduktion;313726;MWh
2014;261;Zürich;ERZ Hagenholz;Wärme;KVA;Dampfproduktion;668643;MWh
2014;230;Winterthur;KVA Winterthur;Wärme;KVA;Dampfproduktion;456481;MWh
2014;243;Dietikon;KV Limeco;Wärme;KVA;Dampfproduktion;256914;MWh
2014;295;Horgen;KVA Horgen;Wärme;KVA;Dampfproduktion;176559;MWh
2015;117;Hinwil;KEZO Hinwil;Wärme;KVA;Dampfproduktion;511727;MWh
2015;261;Zürich;ERZ Josefstrasse;Wärme;KVA;Dampfproduktion;316219;MWh
2015;261;Zürich;ERZ Hagenholz;Wärme;KVA;Dampfproduktion;667942;MWh
2015;230;Winterthur;KVA Winterthur;Wärme;KVA;Dampfproduktion;551556;MWh
2015;243;Dietikon;KV Limeco;Wärme;KVA;Dampfproduktion;253079;MWh
2015;295;Horgen;KVA Horgen;Wärme;KVA;Dampfproduktion;103757;MWh
2016;117;Hinwil;KEZO Hinwil;Wärme;KVA;Dampfproduktion;525823;MWh
2016;261;Zürich;ERZ Josefstrasse;Wärme;KVA;Dampfproduktion;305652;MWh
2016;261;Zürich;ERZ Hagenholz;Wärme;KVA;Dampfproduktion;657858;MWh
2016;230;Winterthur;KVA Winterthur;Wärme;KVA;Dampfproduktion;564477;MWh
2016;243;Dietikon;KV Limeco;Wärme;KVA;Dampfproduktion;263753;MWh
2016;295;Horgen;KVA Horgen;Wärme;KVA;Dampfproduktion;100242;MWh
2017;117;Hinwil;KEZO Hinwil;Wärme;KVA;Dampfproduktion;536629;MWh
2017;261;Zürich;ERZ Josefstrasse;Wärme;KVA;Dampfproduktion;309460;MWh
2017;261;Zürich;ERZ Hagenholz;Wärme;KVA;Dampfproduktion;661582;MWh
2017;230;Winterthur;KVA Winterthur;Wärme;KVA;Dampfproduktion;576387;MWh
2017;243;Dietikon;KV Limeco;Wärme;KVA;Dampfproduktion;255822;MWh
2017;295;Horgen;KVA Horgen;Wärme;KVA;Dampfproduktion;106147;MWh
2018;117;Hinwil;KEZO Hinwil;Wärme;KVA;Dampfproduktion;523305;MWh
2018;261;Zürich;ERZ Josefstrasse;Wärme;KVA;Dampfproduktion;316599;MWh
2018;261;Zürich;ERZ Hagenholz;Wärme;KVA;Dampfproduktion;659458;MWh
2018;230;Winterthur;KVA Winterthur;Wärme;KVA;Dampfproduktion;578325;MWh
2018;243;Dietikon;KV Limeco;Wärme;KVA;Dampfproduktion;259505;MWh
2018;295;Horgen;KVA Horgen;Wärme;KVA;Dampfproduktion;107396;MWh
2019;117;Hinwil;KEZO Hinwil;Wärme;KVA;Dampfproduktion;520606;MWh
2019;261;Zürich;ERZ Josefstrasse;Wärme;KVA;Dampfproduktion;312476;MWh
2019;261;Zürich;ERZ Hagenholz;Wärme;KVA;Dampfproduktion;653151;MWh
2019;230;Winterthur;KVA Winterthur;Wärme;KVA;Dampfproduktion;576823;MWh
2019;243;Dietikon;KV Limeco;Wärme;KVA;Dampfproduktion;260429;MWh
2019;295;Horgen;KVA Horgen;Wärme;KVA;Dampfproduktion;105047;MWh
2020;117;Hinwil;KEZO Hinwil;Wärme;KVA;Dampfproduktion;531482;MWh
2020;261;Zürich;ERZ Josefstrasse;Wärme;KVA;Dampfproduktion;312663;MWh
2020;261;Zürich;ERZ Hagenholz;Wärme;KVA;Dampfproduktion;661975;MWh
2020;230;Winterthur;KVA Winterthur;Wärme;KVA;Dampfproduktion;573356;MWh
2020;243;Dietikon;KV Limeco;Wärme;KVA;Dampfproduktion;263593;MWh
2020;295;Horgen;KVA Horgen;Wärme;KVA;Dampfproduktion;108298;MWh
2021;117;Hinwil;KEZO Hinwil;Wärme;KVA;Dampfproduktion;527886;MWh
2021;261;Zürich;ERZ Hagenholz;Wärme;KVA;Dampfproduktion;654203;MWh
2021;230;Winterthur;KVA Winterthur;Wärme;KVA;Dampfproduktion;543275;MWh
2021;243;Dietikon;KV Limeco;Wärme;KVA;Dampfproduktion;248482;MWh
2021;295;Horgen;KVA Horgen;Wärme;KVA;Dampfproduktion;104637;MWh
2022;117;Hinwil;KEZO Hinwil;Wärme;KVA;Dampfproduktion;482614;MWh
2022;261;Zürich;ERZ Hagenholz;Wärme;KVA;Dampfproduktion;585034;MWh
2022;230;Winterthur;KVA Winterthur;Wärme;KVA;Dampfproduktion;514747;MWh
2022;243;Dietikon;KV Limeco;Wärme;KVA;Dampfproduktion;247719;MWh
2022;295;Horgen;KVA Horgen;Wärme;KVA;Dampfproduktion;104390;MWh
2005;117;Hinwil;KEZO Hinwil;Sonstiges;KVA;Abfallmenge;177958;t
2005;261;Zürich;ERZ Josefstrasse;Sonstiges;KVA;Abfallmenge;161717;t
2005;261;Zürich;ERZ Hagenholz;Sonstiges;KVA;Abfallmenge;165772;t
2005;230;Winterthur;KVA Winterthur;Sonstiges;KVA;Abfallmenge;165998;t
2005;243;Dietikon;KV Limeco;Sonstiges;KVA;Abfallmenge;83204;t
2005;295;Horgen;KVA Horgen;Sonstiges;KVA;Abfallmenge;61043;t
2006;117;Hinwil;KEZO Hinwil;Sonstiges;KVA;Abfallmenge;;t
2006;261;Zürich;ERZ Josefstrasse;Sonstiges;KVA;Abfallmenge;;t
2006;261;Zürich;ERZ Hagenholz;Sonstiges;KVA;Abfallmenge;;t
2006;230;Winterthur;KVA Winterthur;Sonstiges;KVA;Abfallmenge;;t
2006;243;Dietikon;KV Limeco;Sonstiges;KVA;Abfallmenge;;t
2006;295;Horgen;KVA Horgen;Sonstiges;KVA;Abfallmenge;;t
2007;117;Hinwil;KEZO Hinwil;Sonstiges;KVA;Abfallmenge;;t
2007;261;Zürich;ERZ Josefstrasse;Sonstiges;KVA;Abfallmenge;;t
2007;261;Zürich;ERZ Hagenholz;Sonstiges;KVA;Abfallmenge;;t
2007;230;Winterthur;KVA Winterthur;Sonstiges;KVA;Abfallmenge;;t
2007;243;Dietikon;KV Limeco;Sonstiges;KVA;Abfallmenge;;t
2007;295;Horgen;KVA Horgen;Sonstiges;KVA;Abfallmenge;;t
2008;117;Hinwil;KEZO Hinwil;Sonstiges;KVA;Abfallmenge;;t
2008;261;Zürich;ERZ Josefstrasse;Sonstiges;KVA;Abfallmenge;;t
2008;261;Zürich;ERZ Hagenholz;Sonstiges;KVA;Abfallmenge;;t
2008;230;Winterthur;KVA Winterthur;Sonstiges;KVA;Abfallmenge;;t
2008;243;Dietikon;KV Limeco;Sonstiges;KVA;Abfallmenge;;t
2008;295;Horgen;KVA Horgen;Sonstiges;KVA;Abfallmenge;;t
2009;117;Hinwil;KEZO Hinwil;Sonstiges;KVA;Abfallmenge;200617;t
2009;261;Zürich;ERZ Josefstrasse;Sonstiges;KVA;Abfallmenge;155319;t
2009;261;Zürich;ERZ Hagenholz;Sonstiges;KVA;Abfallmenge;219643;t
2009;230;Winterthur;KVA Winterthur;Sonstiges;KVA;Abfallmenge;124838;t
2009;243;Dietikon;KV Limeco;Sonstiges;KVA;Abfallmenge;88418;t
2009;295;Horgen;KVA Horgen;Sonstiges;KVA;Abfallmenge;70017;t
2010;117;Hinwil;KEZO Hinwil;Sonstiges;KVA;Abfallmenge;191217;t
2010;261;Zürich;ERZ Josefstrasse;Sonstiges;KVA;Abfallmenge;164455;t
2010;261;Zürich;ERZ Hagenholz;Sonstiges;KVA;Abfallmenge;209963;t
2010;230;Winterthur;KVA Winterthur;Sonstiges;KVA;Abfallmenge;104834;t
2010;243;Dietikon;KV Limeco;Sonstiges;KVA;Abfallmenge;87221;t
2010;295;Horgen;KVA Horgen;Sonstiges;KVA;Abfallmenge;71124;t
2011;117;Hinwil;KEZO Hinwil;Sonstiges;KVA;Abfallmenge;206757;t
2011;261;Zürich;ERZ Josefstrasse;Sonstiges;KVA;Abfallmenge;116928;t
2011;261;Zürich;ERZ Hagenholz;Sonstiges;KVA;Abfallmenge;272328;t
2011;230;Winterthur;KVA Winterthur;Sonstiges;KVA;Abfallmenge;104677;t
2011;243;Dietikon;KV Limeco;Sonstiges;KVA;Abfallmenge;88377;t
2011;295;Horgen;KVA Horgen;Sonstiges;KVA;Abfallmenge;70130;t
2012;117;Hinwil;KEZO Hinwil;Sonstiges;KVA;Abfallmenge;188302;t
2012;261;Zürich;ERZ Josefstrasse;Sonstiges;KVA;Abfallmenge;122000;t
2012;261;Zürich;ERZ Hagenholz;Sonstiges;KVA;Abfallmenge;268609;t
2012;230;Winterthur;KVA Winterthur;Sonstiges;KVA;Abfallmenge;147853;t
2012;243;Dietikon;KV Limeco;Sonstiges;KVA;Abfallmenge;85984;t
2012;295;Horgen;KVA Horgen;Sonstiges;KVA;Abfallmenge;69717;t
2013;117;Hinwil;KEZO Hinwil;Sonstiges;KVA;Abfallmenge;194044;t
2013;261;Zürich;ERZ Josefstrasse;Sonstiges;KVA;Abfallmenge;124736;t
2013;261;Zürich;ERZ Hagenholz;Sonstiges;KVA;Abfallmenge;258207;t
2013;230;Winterthur;KVA Winterthur;Sonstiges;KVA;Abfallmenge;172495;t
2013;243;Dietikon;KV Limeco;Sonstiges;KVA;Abfallmenge;84744;t
2013;295;Horgen;KVA Horgen;Sonstiges;KVA;Abfallmenge;68571;t
2014;117;Hinwil;KEZO Hinwil;Sonstiges;KVA;Abfallmenge;193163;t
2014;261;Zürich;ERZ Josefstrasse;Sonstiges;KVA;Abfallmenge;124053;t
2014;261;Zürich;ERZ Hagenholz;Sonstiges;KVA;Abfallmenge;265531;t
2014;230;Winterthur;KVA Winterthur;Sonstiges;KVA;Abfallmenge;164610;t
2014;243;Dietikon;KV Limeco;Sonstiges;KVA;Abfallmenge;86302;t
2014;295;Horgen;KVA Horgen;Sonstiges;KVA;Abfallmenge;68762;t
2015;117;Hinwil;KEZO Hinwil;Sonstiges;KVA;Abfallmenge;190950;t
2015;261;Zürich;ERZ Josefstrasse;Sonstiges;KVA;Abfallmenge;123438;t
2015;261;Zürich;ERZ Hagenholz;Sonstiges;KVA;Abfallmenge;254303;t
2015;230;Winterthur;KVA Winterthur;Sonstiges;KVA;Abfallmenge;195275;t
2015;243;Dietikon;KV Limeco;Sonstiges;KVA;Abfallmenge;85266;t
2015;295;Horgen;KVA Horgen;Sonstiges;KVA;Abfallmenge;38222;t
2016;117;Hinwil;KEZO Hinwil;Sonstiges;KVA;Abfallmenge;186184;t
2016;261;Zürich;ERZ Josefstrasse;Sonstiges;KVA;Abfallmenge;123937;t
2016;261;Zürich;ERZ Hagenholz;Sonstiges;KVA;Abfallmenge;250910;t
2016;230;Winterthur;KVA Winterthur;Sonstiges;KVA;Abfallmenge;201438;t
2016;243;Dietikon;KV Limeco;Sonstiges;KVA;Abfallmenge;95690;t
2016;295;Horgen;KVA Horgen;Sonstiges;KVA;Abfallmenge;39107;t
2017;117;Hinwil;KEZO Hinwil;Sonstiges;KVA;Abfallmenge;188524;t
2017;261;Zürich;ERZ Josefstrasse;Sonstiges;KVA;Abfallmenge;124806;t
2017;261;Zürich;ERZ Hagenholz;Sonstiges;KVA;Abfallmenge;240052;t
2017;230;Winterthur;KVA Winterthur;Sonstiges;KVA;Abfallmenge;200728;t
2017;243;Dietikon;KV Limeco;Sonstiges;KVA;Abfallmenge;91119;t
2017;295;Horgen;KVA Horgen;Sonstiges;KVA;Abfallmenge;40013;t
2018;117;Hinwil;KEZO Hinwil;Sonstiges;KVA;Abfallmenge;183769;t
2018;261;Zürich;ERZ Josefstrasse;Sonstiges;KVA;Abfallmenge;123856;t
2018;261;Zürich;ERZ Hagenholz;Sonstiges;KVA;Abfallmenge;250701;t
2018;230;Winterthur;KVA Winterthur;Sonstiges;KVA;Abfallmenge;197578;t
2018;243;Dietikon;KV Limeco;Sonstiges;KVA;Abfallmenge;92600;t
2018;295;Horgen;KVA Horgen;Sonstiges;KVA;Abfallmenge;36044;t
2019;117;Hinwil;KEZO Hinwil;Sonstiges;KVA;Abfallmenge;189609;t
2019;261;Zürich;ERZ Josefstrasse;Sonstiges;KVA;Abfallmenge;126957;t
2019;261;Zürich;ERZ Hagenholz;Sonstiges;KVA;Abfallmenge;244879;t
2019;230;Winterthur;KVA Winterthur;Sonstiges;KVA;Abfallmenge;201006;t
2019;243;Dietikon;KV Limeco;Sonstiges;KVA;Abfallmenge;94112;t
2019;295;Horgen;KVA Horgen;Sonstiges;KVA;Abfallmenge;34953;t
2020;117;Hinwil;KEZO Hinwil;Sonstiges;KVA;Abfallmenge;187332;t
2020;261;Zürich;ERZ Josefstrasse;Sonstiges;KVA;Abfallmenge;126127;t
2020;261;Zürich;ERZ Hagenholz;Sonstiges;KVA;Abfallmenge;250254;t
2020;230;Winterthur;KVA Winterthur;Sonstiges;KVA;Abfallmenge;194005;t
2020;243;Dietikon;KV Limeco;Sonstiges;KVA;Abfallmenge;93870;t
2020;295;Horgen;KVA Horgen;Sonstiges;KVA;Abfallmenge;36536;t
2021;117;Hinwil;KEZO Hinwil;Sonstiges;KVA;Abfallmenge;188334;t
2021;261;Zürich;ERZ Hagenholz;Sonstiges;KVA;Abfallmenge;259070;t
2021;230;Winterthur;KVA Winterthur;Sonstiges;KVA;Abfallmenge;190880;t
2021;243;Dietikon;KV Limeco;Sonstiges;KVA;Abfallmenge;95354;t
2021;295;Horgen;KVA Horgen;Sonstiges;KVA;Abfallmenge;39747;t
2022;117;Hinwil;KEZO Hinwil;Sonstiges;KVA;Abfallmenge;170166;t
2022;261;Zürich;ERZ Hagenholz;Sonstiges;KVA;Abfallmenge;242742;t
2022;230;Winterthur;KVA Winterthur;Sonstiges;KVA;Abfallmenge;185807;t
2022;243;Dietikon;KV Limeco;Sonstiges;KVA;Abfallmenge;95047;t
2022;295;Horgen;KVA Horgen;Sonstiges;KVA;Abfallmenge;38541;t
2012;117;Hinwil;KEZO Hinwil;Wärme;KVA;Heizwert Hu;188302;Hu
2012;261;Zürich;ERZ Josefstrasse;Wärme;KVA;Heizwert Hu;122000;Hu
2012;261;Zürich;ERZ Hagenholz;Wärme;KVA;Heizwert Hu;268609;Hu
2012;230;Winterthur;KVA Winterthur;Wärme;KVA;Heizwert Hu;147853;Hu
2012;243;Dietikon;KV Limeco;Wärme;KVA;Heizwert Hu;85984;Hu
2012;295;Horgen;KVA Horgen;Wärme;KVA;Heizwert Hu;69717;Hu
2013;117;Hinwil;KEZO Hinwil;Wärme;KVA;Heizwert Hu;194044;Hu
2013;261;Zürich;ERZ Josefstrasse;Wärme;KVA;Heizwert Hu;124736;Hu
2013;261;Zürich;ERZ Hagenholz;Wärme;KVA;Heizwert Hu;258207;Hu
2013;230;Winterthur;KVA Winterthur;Wärme;KVA;Heizwert Hu;172495;Hu
2013;243;Dietikon;KV Limeco;Wärme;KVA;Heizwert Hu;84744;Hu
2013;295;Horgen;KVA Horgen;Wärme;KVA;Heizwert Hu;68571;Hu
2014;117;Hinwil;KEZO Hinwil;Wärme;KVA;Heizwert Hu;193163;Hu
2014;261;Zürich;ERZ Josefstrasse;Wärme;KVA;Heizwert Hu;124053;Hu
2014;261;Zürich;ERZ Hagenholz;Wärme;KVA;Heizwert Hu;265531;Hu
2014;230;Winterthur;KVA Winterthur;Wärme;KVA;Heizwert Hu;164610;Hu
2014;243;Dietikon;KV Limeco;Wärme;KVA;Heizwert Hu;86302;Hu
2014;295;Horgen;KVA Horgen;Wärme;KVA;Heizwert Hu;68762;Hu
2015;117;Hinwil;KEZO Hinwil;Wärme;KVA;Heizwert Hu;190950;Hu
2015;261;Zürich;ERZ Josefstrasse;Wärme;KVA;Heizwert Hu;123438;Hu
2015;261;Zürich;ERZ Hagenholz;Wärme;KVA;Heizwert Hu;254303;Hu
2015;230;Winterthur;KVA Winterthur;Wärme;KVA;Heizwert Hu;195275;Hu
2015;243;Dietikon;KV Limeco;Wärme;KVA;Heizwert Hu;85266;Hu
2015;295;Horgen;KVA Horgen;Wärme;KVA;Heizwert Hu;38222;Hu
2016;117;Hinwil;KEZO Hinwil;Wärme;KVA;Heizwert Hu;186184;Hu
2016;261;Zürich;ERZ Josefstrasse;Wärme;KVA;Heizwert Hu;123937;Hu
2016;261;Zürich;ERZ Hagenholz;Wärme;KVA;Heizwert Hu;250910;Hu
2016;230;Winterthur;KVA Winterthur;Wärme;KVA;Heizwert Hu;201438;Hu
2016;243;Dietikon;KV Limeco;Wärme;KVA;Heizwert Hu;95690;Hu
2016;295;Horgen;KVA Horgen;Wärme;KVA;Heizwert Hu;39107;Hu
2017;117;Hinwil;KEZO Hinwil;Wärme;KVA;Heizwert Hu;188524;Hu
2017;261;Zürich;ERZ Josefstrasse;Wärme;KVA;Heizwert Hu;124806;Hu
2017;261;Zürich;ERZ Hagenholz;Wärme;KVA;Heizwert Hu;240052;Hu
2017;230;Winterthur;KVA Winterthur;Wärme;KVA;Heizwert Hu;200728;Hu
2017;243;Dietikon;KV Limeco;Wärme;KVA;Heizwert Hu;91119;Hu
2017;295;Horgen;KVA Horgen;Wärme;KVA;Heizwert Hu;40013;Hu
2018;117;Hinwil;KEZO Hinwil;Wärme;KVA;Heizwert Hu;183769;Hu
2018;261;Zürich;ERZ Josefstrasse;Wärme;KVA;Heizwert Hu;123856;Hu
2018;261;Zürich;ERZ Hagenholz;Wärme;KVA;Heizwert Hu;250701;Hu
2018;230;Winterthur;KVA Winterthur;Wärme;KVA;Heizwert Hu;197578;Hu
2018;243;Dietikon;KV Limeco;Wärme;KVA;Heizwert Hu;92600;Hu
2018;295;Horgen;KVA Horgen;Wärme;KVA;Heizwert Hu;36044;Hu
2019;117;Hinwil;KEZO Hinwil;Wärme;KVA;Heizwert Hu;189609;Hu
2019;261;Zürich;ERZ Josefstrasse;Wärme;KVA;Heizwert Hu;126957;Hu
2019;261;Zürich;ERZ Hagenholz;Wärme;KVA;Heizwert Hu;244879;Hu
2019;230;Winterthur;KVA Winterthur;Wärme;KVA;Heizwert Hu;201006;Hu
2019;243;Dietikon;KV Limeco;Wärme;KVA;Heizwert Hu;94112;Hu
2019;295;Horgen;KVA Horgen;Wärme;KVA;Heizwert Hu;34953;Hu
2020;117;Hinwil;KEZO Hinwil;Wärme;KVA;Heizwert Hu;187332;Hu
2020;261;Zürich;ERZ Josefstrasse;Wärme;KVA;Heizwert Hu;126127;Hu
2020;261;Zürich;ERZ Hagenholz;Wärme;KVA;Heizwert Hu;250254;Hu
2020;230;Winterthur;KVA Winterthur;Wärme;KVA;Heizwert Hu;194005;Hu
2020;243;Dietikon;KV Limeco;Wärme;KVA;Heizwert Hu;93870;Hu
2020;295;Horgen;KVA Horgen;Wärme;KVA;Heizwert Hu;36536;Hu
2021;117;Hinwil;KEZO Hinwil;Wärme;KVA;Heizwert Hu;188334;Hu
2021;261;Zürich;ERZ Hagenholz;Wärme;KVA;Heizwert Hu;259070;Hu
2021;230;Winterthur;KVA Winterthur;Wärme;KVA;Heizwert Hu;190880;Hu
2021;243;Dietikon;KV Limeco;Wärme;KVA;Heizwert Hu;95354;Hu
2021;295;Horgen;KVA Horgen;Wärme;KVA;Heizwert Hu;39747;Hu
2022;117;Hinwil;KEZO Hinwil;Wärme;KVA;Heizwert Hu;170166;Hu
2022;261;Zürich;ERZ Hagenholz;Wärme;KVA;Heizwert Hu;242742;Hu
2022;230;Winterthur;KVA Winterthur;Wärme;KVA;Heizwert Hu;185807;Hu
2022;243;Dietikon;KV Limeco;Wärme;KVA;Heizwert Hu;95047;Hu
2022;295;Horgen;KVA Horgen;Wärme;KVA;Heizwert Hu;38541;Hu
