"jahr";"ort";"rubrik";"thema";"subthema";"wert";"einheit"
1990;"Schweiz";"Umweltwärme";"LuftWasserWP";"Anzahl";22852.170245273614;"Anzahl"
1990;"Schweiz";"Umweltwärme";"LuftLuftWP";"Anzahl";0;"Anzahl"
1990;"Schweiz";"Umweltwärme";"SoleWasserWP";"Anzahl";9112.557695305819;"Anzahl"
1990;"Schweiz";"Umweltwärme";"WasserWasserWP";"Anzahl";2898.6615130836585;"Anzahl"
1990;"Schweiz";"Umweltwärme";"LuftWasserWP";"Energie";325.6662050573254;"GWh"
1990;"Schweiz";"Umweltwärme";"LuftLuftWP";"Energie";0;"GWh"
1990;"Schweiz";"Umweltwärme";"SoleWasserWP";"Energie";254.71471776965222;"GWh"
1990;"Schweiz";"Umweltwärme";"WasserWasserWP";"Energie";266.5348760517884;"GWh"
1990;"Kanton";"Umweltwärme";"SoleWasserWP";"Anzahl";678;"Anzahl"
1990;"Kanton";"Umweltwärme";"SoleWasserWP";"Kälte";57.24;"MWh"
1990;"Kanton";"Umweltwärme";"SoleWasserWP";"Kälte";31.8;"kW"
1990;"Kanton";"Umweltwärme";"SoleWasserWP";"Wärme";11408.94;"MWh"
1990;"Kanton";"Umweltwärme";"SoleWasserWP";"Wärme";6338.3;"kW"
1990;"Kanton";"Umweltwärme";"LuftWP";"Anzahl (GP)";875.7779349113565;"Anzahl"
1990;"Kanton";"Umweltwärme";"LuftWP";"Wärme (GP)";8187.231983552582;"kW"
1990;"Kanton";"Umweltwärme";"LuftWP";"Kälte (GP)";41.0763102215061;"kW"
1990;"Kanton";"Umweltwärme";"LuftWP";"Wärme (GP)";14737.017570394648;"MWh"
1990;"Kanton";"Umweltwärme";"LuftWP";"Kälte (GP)";73.93735839871098;"MWh"
1990;"Kanton";"Umweltwärme";"LuftWP";"Anzahl (BFE)";1700.2659345879222;"Anzahl"
1990;"Kanton";"Umweltwärme";"LuftWP";"Wärme (BFE)";15894.9787215319;"kW"
1990;"Kanton";"Umweltwärme";"LuftWP";"Kälte (BFE)";79.74698631253086;"kW"
1990;"Kanton";"Umweltwärme";"LuftWP";"Wärme (BFE)";28610.96169875742;"MWh"
1990;"Kanton";"Umweltwärme";"LuftWP";"Kälte (BFE)";143.54457536255555;"MWh"
1991;"Schweiz";"Umweltwärme";"LuftWasserWP";"Anzahl";23982.160899863775;"Anzahl"
1991;"Schweiz";"Umweltwärme";"LuftLuftWP";"Anzahl";0;"Anzahl"
1991;"Schweiz";"Umweltwärme";"SoleWasserWP";"Anzahl";9754.061594071405;"Anzahl"
1991;"Schweiz";"Umweltwärme";"WasserWasserWP";"Anzahl";3107.8292379518384;"Anzahl"
1991;"Schweiz";"Umweltwärme";"LuftWasserWP";"Energie";345.22967990168405;"GWh"
1991;"Schweiz";"Umweltwärme";"LuftLuftWP";"Energie";0;"GWh"
1991;"Schweiz";"Umweltwärme";"SoleWasserWP";"Energie";270.6226097135727;"GWh"
1991;"Schweiz";"Umweltwärme";"WasserWasserWP";"Energie";274.1781305765453;"GWh"
1991;"Kanton";"Umweltwärme";"SoleWasserWP";"Anzahl";850;"Anzahl"
1991;"Kanton";"Umweltwärme";"SoleWasserWP";"Kälte";74.52;"MWh"
1991;"Kanton";"Umweltwärme";"SoleWasserWP";"Kälte";41.4;"kW"
1991;"Kanton";"Umweltwärme";"SoleWasserWP";"Wärme";14650.380000000001;"MWh"
1991;"Kanton";"Umweltwärme";"SoleWasserWP";"Wärme";8139.1;"kW"
1991;"Kanton";"Umweltwärme";"LuftWP";"Anzahl (GP)";1097.9516883106976;"Anzahl"
1991;"Kanton";"Umweltwärme";"LuftWP";"Wärme (GP)";10513.339513328941;"kW"
1991;"Kanton";"Umweltwärme";"LuftWP";"Kälte (GP)";53.476705760073976;"kW"
1991;"Kanton";"Umweltwärme";"LuftWP";"Wärme (GP)";18924.011123992095;"MWh"
1991;"Kanton";"Umweltwärme";"LuftWP";"Kälte (GP)";96.25807036813316;"MWh"
1991;"Kanton";"Umweltwärme";"LuftWP";"Anzahl (BFE)";2089.8818987645386;"Anzahl"
1991;"Kanton";"Umweltwärme";"LuftWP";"Wärme (BFE)";20011.47972027583;"kW"
1991;"Kanton";"Umweltwärme";"LuftWP";"Kälte (BFE)";101.78954189276693;"kW"
1991;"Kanton";"Umweltwärme";"LuftWP";"Wärme (BFE)";36020.6634964965;"MWh"
1991;"Kanton";"Umweltwärme";"LuftWP";"Kälte (BFE)";183.22117540698048;"MWh"
1992;"Schweiz";"Umweltwärme";"LuftWasserWP";"Anzahl";24876.4614059532;"Anzahl"
1992;"Schweiz";"Umweltwärme";"LuftLuftWP";"Anzahl";0;"Anzahl"
1992;"Schweiz";"Umweltwärme";"SoleWasserWP";"Anzahl";10319.02979213185;"Anzahl"
1992;"Schweiz";"Umweltwärme";"WasserWasserWP";"Anzahl";3290.655940797779;"Anzahl"
1992;"Schweiz";"Umweltwärme";"LuftWasserWP";"Energie";364.92811346552867;"GWh"
1992;"Schweiz";"Umweltwärme";"LuftLuftWP";"Energie";0;"GWh"
1992;"Schweiz";"Umweltwärme";"SoleWasserWP";"Energie";282.8856494377144;"GWh"
1992;"Schweiz";"Umweltwärme";"WasserWasserWP";"Energie";278.99088389136756;"GWh"
1992;"Kanton";"Umweltwärme";"SoleWasserWP";"Anzahl";979;"Anzahl"
1992;"Kanton";"Umweltwärme";"SoleWasserWP";"Kälte";79.02;"MWh"
1992;"Kanton";"Umweltwärme";"SoleWasserWP";"Kälte";43.9;"kW"
1992;"Kanton";"Umweltwärme";"SoleWasserWP";"Wärme";17434.08;"MWh"
1992;"Kanton";"Umweltwärme";"SoleWasserWP";"Wärme";9685.6;"kW"
1992;"Kanton";"Umweltwärme";"LuftWP";"Anzahl (GP)";1264.5820033602035;"Anzahl"
1992;"Kanton";"Umweltwärme";"LuftWP";"Wärme (GP)";12510.96573212011;"kW"
1992;"Kanton";"Umweltwärme";"LuftWP";"Kälte (GP)";56.70597543157603;"kW"
1992;"Kanton";"Umweltwärme";"LuftWP";"Wärme (GP)";22519.738317816198;"MWh"
1992;"Kanton";"Umweltwärme";"LuftWP";"Kälte (GP)";102.07075577683685;"MWh"
1992;"Kanton";"Umweltwärme";"LuftWP";"Anzahl (BFE)";2360.110999485425;"Anzahl"
1992;"Kanton";"Umweltwärme";"LuftWP";"Wärme (BFE)";23349.429107881548;"kW"
1992;"Kanton";"Umweltwärme";"LuftWP";"Kälte (BFE)";105.83133082472949;"kW"
1992;"Kanton";"Umweltwärme";"LuftWP";"Wärme (BFE)";42028.97239418679;"MWh"
1992;"Kanton";"Umweltwärme";"LuftWP";"Kälte (BFE)";190.49639548451307;"MWh"
1993;"Schweiz";"Umweltwärme";"LuftWasserWP";"Anzahl";25827.414934285025;"Anzahl"
1993;"Schweiz";"Umweltwärme";"LuftLuftWP";"Anzahl";0;"Anzahl"
1993;"Schweiz";"Umweltwärme";"SoleWasserWP";"Anzahl";10795.170535659161;"Anzahl"
1993;"Schweiz";"Umweltwärme";"WasserWasserWP";"Anzahl";3497.1482035862027;"Anzahl"
1993;"Schweiz";"Umweltwärme";"LuftWasserWP";"Energie";381.14814975818274;"GWh"
1993;"Schweiz";"Umweltwärme";"LuftLuftWP";"Energie";0;"GWh"
1993;"Schweiz";"Umweltwärme";"SoleWasserWP";"Energie";294.40727892796133;"GWh"
1993;"Schweiz";"Umweltwärme";"WasserWasserWP";"Energie";282.41825110800164;"GWh"
1993;"Kanton";"Umweltwärme";"SoleWasserWP";"Anzahl";1143;"Anzahl"
1993;"Kanton";"Umweltwärme";"SoleWasserWP";"Kälte";79.02;"MWh"
1993;"Kanton";"Umweltwärme";"SoleWasserWP";"Kälte";43.9;"kW"
1993;"Kanton";"Umweltwärme";"SoleWasserWP";"Wärme";20465.46;"MWh"
1993;"Kanton";"Umweltwärme";"SoleWasserWP";"Wärme";11369.7;"kW"
1993;"Kanton";"Umweltwärme";"LuftWP";"Anzahl (GP)";1476.422093810738;"Anzahl"
1993;"Kanton";"Umweltwärme";"LuftWP";"Wärme (GP)";14686.330953630753;"kW"
1993;"Kanton";"Umweltwärme";"LuftWP";"Kälte (GP)";56.70597543157603;"kW"
1993;"Kanton";"Umweltwärme";"LuftWP";"Wärme (GP)";26435.395716535353;"MWh"
1993;"Kanton";"Umweltwärme";"LuftWP";"Kälte (GP)";102.07075577683685;"MWh"
1993;"Kanton";"Umweltwärme";"LuftWP";"Anzahl (BFE)";2734.624262986247;"Anzahl"
1993;"Kanton";"Umweltwärme";"LuftWP";"Wärme (BFE)";27201.975050634064;"kW"
1993;"Kanton";"Umweltwärme";"LuftWP";"Kälte (BFE)";105.03062567375;"kW"
1993;"Kanton";"Umweltwärme";"LuftWP";"Wärme (BFE)";48963.55509114131;"MWh"
1993;"Kanton";"Umweltwärme";"LuftWP";"Kälte (BFE)";189.05512621274997;"MWh"
1994;"Schweiz";"Umweltwärme";"LuftWasserWP";"Anzahl";27760.613496855854;"Anzahl"
1994;"Schweiz";"Umweltwärme";"LuftLuftWP";"Anzahl";0;"Anzahl"
1994;"Schweiz";"Umweltwärme";"SoleWasserWP";"Anzahl";11675.215365337463;"Anzahl"
1994;"Schweiz";"Umweltwärme";"WasserWasserWP";"Anzahl";3638.5245133784833;"Anzahl"
1994;"Schweiz";"Umweltwärme";"LuftWasserWP";"Energie";404.6076380560452;"GWh"
1994;"Schweiz";"Umweltwärme";"LuftLuftWP";"Energie";0;"GWh"
1994;"Schweiz";"Umweltwärme";"SoleWasserWP";"Energie";310.5398039866827;"GWh"
1994;"Schweiz";"Umweltwärme";"WasserWasserWP";"Energie";284.2608089867598;"GWh"
1994;"Kanton";"Umweltwärme";"SoleWasserWP";"Anzahl";1364;"Anzahl"
1994;"Kanton";"Umweltwärme";"SoleWasserWP";"Kälte";126.18;"MWh"
1994;"Kanton";"Umweltwärme";"SoleWasserWP";"Kälte";70.1;"kW"
1994;"Kanton";"Umweltwärme";"SoleWasserWP";"Wärme";24337.08;"MWh"
1994;"Kanton";"Umweltwärme";"SoleWasserWP";"Wärme";13520.6;"kW"
1994;"Kanton";"Umweltwärme";"LuftWP";"Anzahl (GP)";1761.8895327715195;"Anzahl"
1994;"Kanton";"Umweltwärme";"LuftWP";"Wärme (GP)";17464.66540820426;"kW"
1994;"Kanton";"Umweltwärme";"LuftWP";"Kälte (GP)";90.54872158891753;"kW"
1994;"Kanton";"Umweltwärme";"LuftWP";"Wärme (GP)";31436.397734767666;"MWh"
1994;"Kanton";"Umweltwärme";"LuftWP";"Kälte (GP)";162.98769886005158;"MWh"
1994;"Kanton";"Umweltwärme";"LuftWP";"Anzahl (BFE)";3243.2358311890475;"Anzahl"
1994;"Kanton";"Umweltwärme";"LuftWP";"Wärme (BFE)";32148.456289717476;"kW"
1994;"Kanton";"Umweltwärme";"LuftWP";"Kälte (BFE)";166.679495429877;"kW"
1994;"Kanton";"Umweltwärme";"LuftWP";"Wärme (BFE)";57867.22132149146;"MWh"
1994;"Kanton";"Umweltwärme";"LuftWP";"Kälte (BFE)";300.0230917737786;"MWh"
1995;"Schweiz";"Umweltwärme";"LuftWasserWP";"Anzahl";29580.099316552532;"Anzahl"
1995;"Schweiz";"Umweltwärme";"LuftLuftWP";"Anzahl";20;"Anzahl"
1995;"Schweiz";"Umweltwärme";"SoleWasserWP";"Anzahl";12493.857694406272;"Anzahl"
1995;"Schweiz";"Umweltwärme";"WasserWasserWP";"Anzahl";3848.4265790182744;"Anzahl"
1995;"Schweiz";"Umweltwärme";"LuftWasserWP";"Energie";430.0196849499279;"GWh"
1995;"Schweiz";"Umweltwärme";"LuftLuftWP";"Energie";0.011314285714285716;"GWh"
1995;"Schweiz";"Umweltwärme";"SoleWasserWP";"Energie";328.5344239448103;"GWh"
1995;"Schweiz";"Umweltwärme";"WasserWasserWP";"Energie";284.44087641660644;"GWh"
1995;"Kanton";"Umweltwärme";"SoleWasserWP";"Anzahl";1632;"Anzahl"
1995;"Kanton";"Umweltwärme";"SoleWasserWP";"Kälte";126.18;"MWh"
1995;"Kanton";"Umweltwärme";"SoleWasserWP";"Kälte";70.1;"kW"
1995;"Kanton";"Umweltwärme";"SoleWasserWP";"Wärme";29081.7;"MWh"
1995;"Kanton";"Umweltwärme";"SoleWasserWP";"Wärme";16156.5;"kW"
1995;"Kanton";"Umweltwärme";"LuftWP";"Anzahl (GP)";2108.0672415565396;"Anzahl"
1995;"Kanton";"Umweltwärme";"LuftWP";"Wärme (GP)";20869.47817904916;"kW"
1995;"Kanton";"Umweltwärme";"LuftWP";"Kälte (GP)";90.54872158891753;"kW"
1995;"Kanton";"Umweltwärme";"LuftWP";"Wärme (GP)";37565.060722288494;"MWh"
1995;"Kanton";"Umweltwärme";"LuftWP";"Kälte (GP)";162.98769886005158;"MWh"
1995;"Kanton";"Umweltwärme";"LuftWP";"Anzahl (BFE)";3866.48889928063;"Anzahl"
1995;"Kanton";"Umweltwärme";"LuftWP";"Wärme (BFE)";38277.52935124234;"kW"
1995;"Kanton";"Umweltwärme";"LuftWP";"Kälte (BFE)";166.07896558797313;"kW"
1995;"Kanton";"Umweltwärme";"LuftWP";"Wärme (BFE)";68899.55283223621;"MWh"
1995;"Kanton";"Umweltwärme";"LuftWP";"Kälte (BFE)";298.9421380583517;"MWh"
1996;"Schweiz";"Umweltwärme";"LuftWasserWP";"Anzahl";31072.886839421324;"Anzahl"
1996;"Schweiz";"Umweltwärme";"LuftLuftWP";"Anzahl";70;"Anzahl"
1996;"Schweiz";"Umweltwärme";"SoleWasserWP";"Anzahl";13662.772010694764;"Anzahl"
1996;"Schweiz";"Umweltwärme";"WasserWasserWP";"Anzahl";4050.2714514077065;"Anzahl"
1996;"Schweiz";"Umweltwärme";"LuftWasserWP";"Energie";448.66957284707655;"GWh"
1996;"Schweiz";"Umweltwärme";"LuftLuftWP";"Energie";0.05139492656875834;"GWh"
1996;"Schweiz";"Umweltwärme";"SoleWasserWP";"Energie";347.97232595604;"GWh"
1996;"Schweiz";"Umweltwärme";"WasserWasserWP";"Energie";287.08302139033435;"GWh"
1996;"Kanton";"Umweltwärme";"SoleWasserWP";"Anzahl";1967;"Anzahl"
1996;"Kanton";"Umweltwärme";"SoleWasserWP";"Kälte";126.18;"MWh"
1996;"Kanton";"Umweltwärme";"SoleWasserWP";"Kälte";70.1;"kW"
1996;"Kanton";"Umweltwärme";"SoleWasserWP";"Wärme";34160.58;"MWh"
1996;"Kanton";"Umweltwärme";"SoleWasserWP";"Wärme";18978.1;"kW"
1996;"Kanton";"Umweltwärme";"LuftWP";"Anzahl (GP)";2540.7893775378143;"Anzahl"
1996;"Kanton";"Umweltwärme";"LuftWP";"Wärme (GP)";24514.161101093236;"kW"
1996;"Kanton";"Umweltwärme";"LuftWP";"Kälte (GP)";90.54872158891753;"kW"
1996;"Kanton";"Umweltwärme";"LuftWP";"Wärme (GP)";44125.489981967825;"MWh"
1996;"Kanton";"Umweltwärme";"LuftWP";"Kälte (GP)";162.98769886005158;"MWh"
1996;"Kanton";"Umweltwärme";"LuftWP";"Anzahl (BFE)";4483.574662974027;"Anzahl"
1996;"Kanton";"Umweltwärme";"LuftWP";"Wärme (BFE)";43258.6315767094;"kW"
1996;"Kanton";"Umweltwärme";"LuftWP";"Kälte (BFE)";159.78575692652734;"kW"
1996;"Kanton";"Umweltwärme";"LuftWP";"Wärme (BFE)";77865.53683807692;"MWh"
1996;"Kanton";"Umweltwärme";"LuftWP";"Kälte (BFE)";287.6143624677493;"MWh"
1997;"Schweiz";"Umweltwärme";"LuftWasserWP";"Anzahl";32856.5381770246;"Anzahl"
1997;"Schweiz";"Umweltwärme";"LuftLuftWP";"Anzahl";202;"Anzahl"
1997;"Schweiz";"Umweltwärme";"SoleWasserWP";"Anzahl";15208.820289498248;"Anzahl"
1997;"Schweiz";"Umweltwärme";"WasserWasserWP";"Anzahl";4218.276505993645;"Anzahl"
1997;"Schweiz";"Umweltwärme";"LuftWasserWP";"Energie";467.3161634505229;"GWh"
1997;"Schweiz";"Umweltwärme";"LuftLuftWP";"Energie";0.15732678629610125;"GWh"
1997;"Schweiz";"Umweltwärme";"SoleWasserWP";"Energie";373.1237218715802;"GWh"
1997;"Schweiz";"Umweltwärme";"WasserWasserWP";"Energie";290.01235423579;"GWh"
1997;"Kanton";"Umweltwärme";"SoleWasserWP";"Anzahl";2195;"Anzahl"
1997;"Kanton";"Umweltwärme";"SoleWasserWP";"Kälte";154.08;"MWh"
1997;"Kanton";"Umweltwärme";"SoleWasserWP";"Kälte";85.6;"kW"
1997;"Kanton";"Umweltwärme";"SoleWasserWP";"Wärme";38602.98;"MWh"
1997;"Kanton";"Umweltwärme";"SoleWasserWP";"Wärme";21446.1;"kW"
1997;"Kanton";"Umweltwärme";"LuftWP";"Anzahl (GP)";2835.2987715788017;"Anzahl"
1997;"Kanton";"Umweltwärme";"LuftWP";"Wärme (GP)";27702.09612080006;"kW"
1997;"Kanton";"Umweltwärme";"LuftWP";"Kälte (GP)";110.57019355223025;"kW"
1997;"Kanton";"Umweltwärme";"LuftWP";"Wärme (GP)";49863.773017440115;"MWh"
1997;"Kanton";"Umweltwärme";"LuftWP";"Kälte (GP)";199.0263483940145;"MWh"
1997;"Kanton";"Umweltwärme";"LuftWP";"Anzahl (BFE)";4771.14529051766;"Anzahl"
1997;"Kanton";"Umweltwärme";"LuftWP";"Wärme (BFE)";46616.15444873385;"kW"
1997;"Kanton";"Umweltwärme";"LuftWP";"Kälte (BFE)";186.06379811768187;"kW"
1997;"Kanton";"Umweltwärme";"LuftWP";"Wärme (BFE)";83909.07800772093;"MWh"
1997;"Kanton";"Umweltwärme";"LuftWP";"Kälte (BFE)";334.9148366118274;"MWh"
1998;"Schweiz";"Umweltwärme";"LuftWasserWP";"Anzahl";35021.88752171186;"Anzahl"
1998;"Schweiz";"Umweltwärme";"LuftLuftWP";"Anzahl";472;"Anzahl"
1998;"Schweiz";"Umweltwärme";"SoleWasserWP";"Anzahl";17203.193761469305;"Anzahl"
1998;"Schweiz";"Umweltwärme";"WasserWasserWP";"Anzahl";4356.244659561871;"Anzahl"
1998;"Schweiz";"Umweltwärme";"LuftWasserWP";"Energie";496.00758612791907;"GWh"
1998;"Schweiz";"Umweltwärme";"LuftLuftWP";"Energie";0.39474093953190587;"GWh"
1998;"Schweiz";"Umweltwärme";"SoleWasserWP";"Energie";405.98656596349167;"GWh"
1998;"Schweiz";"Umweltwärme";"WasserWasserWP";"Energie";288.26832950712094;"GWh"
1998;"Kanton";"Umweltwärme";"SoleWasserWP";"Anzahl";2664;"Anzahl"
1998;"Kanton";"Umweltwärme";"SoleWasserWP";"Kälte";1084.86;"MWh"
1998;"Kanton";"Umweltwärme";"SoleWasserWP";"Kälte";602.7;"kW"
1998;"Kanton";"Umweltwärme";"SoleWasserWP";"Wärme";47703.96;"MWh"
1998;"Kanton";"Umweltwärme";"SoleWasserWP";"Wärme";26502.2;"kW"
1998;"Kanton";"Umweltwärme";"LuftWP";"Anzahl (GP)";3441.1097619525867;"Anzahl"
1998;"Kanton";"Umweltwärme";"LuftWP";"Wärme (GP)";34233.100275232675;"kW"
1998;"Kanton";"Umweltwärme";"LuftWP";"Kälte (GP)";778.5123324057147;"kW"
1998;"Kanton";"Umweltwärme";"LuftWP";"Wärme (GP)";61619.580495418806;"MWh"
1998;"Kanton";"Umweltwärme";"LuftWP";"Kälte (GP)";1401.3221983302863;"MWh"
1998;"Kanton";"Umweltwärme";"LuftWP";"Anzahl (BFE)";5496.404776281756;"Anzahl"
1998;"Kanton";"Umweltwärme";"LuftWP";"Wärme (BFE)";54679.736734975355;"kW"
1998;"Kanton";"Umweltwärme";"LuftWP";"Kälte (BFE)";1243.4996841835641;"kW"
1998;"Kanton";"Umweltwärme";"LuftWP";"Wärme (BFE)";98423.52612295563;"MWh"
1998;"Kanton";"Umweltwärme";"LuftWP";"Kälte (BFE)";2238.299431530415;"MWh"
1999;"Schweiz";"Umweltwärme";"LuftWasserWP";"Anzahl";37001.95841331304;"Anzahl"
1999;"Schweiz";"Umweltwärme";"LuftLuftWP";"Anzahl";810.9770132926133;"Anzahl"
1999;"Schweiz";"Umweltwärme";"SoleWasserWP";"Anzahl";19291.853772872888;"Anzahl"
1999;"Schweiz";"Umweltwärme";"WasserWasserWP";"Anzahl";4387.7253463311645;"Anzahl"
1999;"Schweiz";"Umweltwärme";"LuftWasserWP";"Energie";523.8761913362862;"GWh"
1999;"Schweiz";"Umweltwärme";"LuftLuftWP";"Energie";0.7590965842718044;"GWh"
1999;"Schweiz";"Umweltwärme";"SoleWasserWP";"Energie";444.59928196952205;"GWh"
1999;"Schweiz";"Umweltwärme";"WasserWasserWP";"Energie";286.69758088657534;"GWh"
1999;"Kanton";"Umweltwärme";"SoleWasserWP";"Anzahl";3237;"Anzahl"
1999;"Kanton";"Umweltwärme";"SoleWasserWP";"Kälte";1624.5;"MWh"
1999;"Kanton";"Umweltwärme";"SoleWasserWP";"Kälte";902.5;"kW"
1999;"Kanton";"Umweltwärme";"SoleWasserWP";"Wärme";58619.7;"MWh"
1999;"Kanton";"Umweltwärme";"SoleWasserWP";"Wärme";32566.5;"kW"
1999;"Kanton";"Umweltwärme";"LuftWP";"Anzahl (GP)";4181.258370660857;"Anzahl"
1999;"Kanton";"Umweltwärme";"LuftWP";"Wärme (GP)";42066.40430278863;"kW"
1999;"Kanton";"Umweltwärme";"LuftWP";"Kälte (GP)";1165.7663514122407;"kW"
1999;"Kanton";"Umweltwärme";"LuftWP";"Wärme (GP)";75719.52774501953;"MWh"
1999;"Kanton";"Umweltwärme";"LuftWP";"Kälte (GP)";2098.3794325420336;"MWh"
1999;"Kanton";"Umweltwärme";"LuftWP";"Anzahl (BFE)";6344.671352839877;"Anzahl"
1999;"Kanton";"Umweltwärme";"LuftWP";"Wärme (BFE)";63831.86271617543;"kW"
1999;"Kanton";"Umweltwärme";"LuftWP";"Kälte (BFE)";1768.9421983126317;"kW"
1999;"Kanton";"Umweltwärme";"LuftWP";"Wärme (BFE)";114897.35288911576;"MWh"
1999;"Kanton";"Umweltwärme";"LuftWP";"Kälte (BFE)";3184.095956962737;"MWh"
2000;"Schweiz";"Umweltwärme";"LuftWasserWP";"Anzahl";39430.16297927614;"Anzahl"
2000;"Schweiz";"Umweltwärme";"LuftLuftWP";"Anzahl";1131.8272721088995;"Anzahl"
2000;"Schweiz";"Umweltwärme";"SoleWasserWP";"Anzahl";21585.54382486122;"Anzahl"
2000;"Schweiz";"Umweltwärme";"WasserWasserWP";"Anzahl";4474.789593464867;"Anzahl"
2000;"Schweiz";"Umweltwärme";"LuftWasserWP";"Energie";545.9312936324407;"GWh"
2000;"Schweiz";"Umweltwärme";"LuftLuftWP";"Energie";1.1590678824361247;"GWh"
2000;"Schweiz";"Umweltwärme";"SoleWasserWP";"Energie";482.31275823105017;"GWh"
2000;"Schweiz";"Umweltwärme";"WasserWasserWP";"Energie";283.3829520239836;"GWh"
2000;"Kanton";"Umweltwärme";"SoleWasserWP";"Anzahl";3738;"Anzahl"
2000;"Kanton";"Umweltwärme";"SoleWasserWP";"Kälte";1797.66;"MWh"
2000;"Kanton";"Umweltwärme";"SoleWasserWP";"Kälte";998.7;"kW"
2000;"Kanton";"Umweltwärme";"SoleWasserWP";"Wärme";69286.23;"MWh"
2000;"Kanton";"Umweltwärme";"SoleWasserWP";"Wärme";38492.35;"kW"
2000;"Kanton";"Umweltwärme";"LuftWP";"Anzahl (GP)";4828.404012829868;"Anzahl"
2000;"Kanton";"Umweltwärme";"LuftWP";"Wärme (GP)";49720.871375936804;"kW"
2000;"Kanton";"Umweltwärme";"LuftWP";"Kälte (GP)";1290.0286483716397;"kW"
2000;"Kanton";"Umweltwärme";"LuftWP";"Wärme (GP)";89497.56847668624;"MWh"
2000;"Kanton";"Umweltwärme";"LuftWP";"Kälte (GP)";2322.0515670689515;"MWh"
2000;"Kanton";"Umweltwärme";"LuftWP";"Anzahl (BFE)";7024.178811054444;"Anzahl"
2000;"Kanton";"Umweltwärme";"LuftWP";"Wärme (BFE)";72332.03564946269;"kW"
2000;"Kanton";"Umweltwärme";"LuftWP";"Kälte (BFE)";1876.6846919743375;"kW"
2000;"Kanton";"Umweltwärme";"LuftWP";"Wärme (BFE)";130197.66416903284;"MWh"
2000;"Kanton";"Umweltwärme";"LuftWP";"Kälte (BFE)";3378.0324455538075;"MWh"
2001;"Schweiz";"Umweltwärme";"LuftWasserWP";"Anzahl";41809.91609942202;"Anzahl"
2001;"Schweiz";"Umweltwärme";"LuftLuftWP";"Anzahl";1433.2565127212124;"Anzahl"
2001;"Schweiz";"Umweltwärme";"SoleWasserWP";"Anzahl";24128.91165614136;"Anzahl"
2001;"Schweiz";"Umweltwärme";"WasserWasserWP";"Anzahl";4564.263162732903;"Anzahl"
2001;"Schweiz";"Umweltwärme";"LuftWasserWP";"Energie";568.4559784443619;"GWh"
2001;"Schweiz";"Umweltwärme";"LuftLuftWP";"Energie";1.5413796015966061;"GWh"
2001;"Schweiz";"Umweltwärme";"SoleWasserWP";"Energie";525.3715395977739;"GWh"
2001;"Schweiz";"Umweltwärme";"WasserWasserWP";"Energie";279.61967478081954;"GWh"
2001;"Kanton";"Umweltwärme";"SoleWasserWP";"Anzahl";4345;"Anzahl"
2001;"Kanton";"Umweltwärme";"SoleWasserWP";"Kälte";2184.66;"MWh"
2001;"Kanton";"Umweltwärme";"SoleWasserWP";"Kälte";1213.7;"kW"
2001;"Kanton";"Umweltwärme";"SoleWasserWP";"Wärme";82240.29;"MWh"
2001;"Kanton";"Umweltwärme";"SoleWasserWP";"Wärme";45689.05;"kW"
2001;"Kanton";"Umweltwärme";"LuftWP";"Anzahl (GP)";5612.470689070567;"Anzahl"
2001;"Kanton";"Umweltwärme";"LuftWP";"Wärme (GP)";59016.90539389633;"kW"
2001;"Kanton";"Umweltwärme";"LuftWP";"Kälte (GP)";1567.7458401208162;"kW"
2001;"Kanton";"Umweltwärme";"LuftWP";"Wärme (GP)";106230.42970901339;"MWh"
2001;"Kanton";"Umweltwärme";"LuftWP";"Kälte (GP)";2821.942512217469;"MWh"
2001;"Kanton";"Umweltwärme";"LuftWP";"Anzahl (BFE)";7786.989636225041;"Anzahl"
2001;"Kanton";"Umweltwärme";"LuftWP";"Wärme (BFE)";81882.66026213297;"kW"
2001;"Kanton";"Umweltwärme";"LuftWP";"Kälte (BFE)";2175.1597978104332;"kW"
2001;"Kanton";"Umweltwärme";"LuftWP";"Wärme (BFE)";147388.7884718393;"MWh"
2001;"Kanton";"Umweltwärme";"LuftWP";"Kälte (BFE)";3915.2876360587793;"MWh"
2002;"Schweiz";"Umweltwärme";"LuftWasserWP";"Anzahl";44281.010406992886;"Anzahl"
2002;"Schweiz";"Umweltwärme";"LuftLuftWP";"Anzahl";1509.5562997693335;"Anzahl"
2002;"Schweiz";"Umweltwärme";"SoleWasserWP";"Anzahl";26778.328372222528;"Anzahl"
2002;"Schweiz";"Umweltwärme";"WasserWasserWP";"Anzahl";4736.738501504204;"Anzahl"
2002;"Schweiz";"Umweltwärme";"LuftWasserWP";"Energie";592.7232643456731;"GWh"
2002;"Schweiz";"Umweltwärme";"LuftLuftWP";"Energie";1.812054106103559;"GWh"
2002;"Schweiz";"Umweltwärme";"SoleWasserWP";"Energie";572.9431637899065;"GWh"
2002;"Schweiz";"Umweltwärme";"WasserWasserWP";"Energie";275.48235608417065;"GWh"
2002;"Kanton";"Umweltwärme";"SoleWasserWP";"Anzahl";4918;"Anzahl"
2002;"Kanton";"Umweltwärme";"SoleWasserWP";"Kälte";2654.82;"MWh"
2002;"Kanton";"Umweltwärme";"SoleWasserWP";"Kälte";1474.9;"kW"
2002;"Kanton";"Umweltwärme";"SoleWasserWP";"Wärme";93775.59;"MWh"
2002;"Kanton";"Umweltwärme";"SoleWasserWP";"Wärme";52097.55;"kW"
2002;"Kanton";"Umweltwärme";"LuftWP";"Anzahl (GP)";6352.619297778837;"Anzahl"
2002;"Kanton";"Umweltwärme";"LuftWP";"Wärme (GP)";67294.8152698247;"kW"
2002;"Kanton";"Umweltwärme";"LuftWP";"Kälte (GP)";1905.1399353993506;"kW"
2002;"Kanton";"Umweltwärme";"LuftWP";"Wärme (GP)";121130.66748568443;"MWh"
2002;"Kanton";"Umweltwärme";"LuftWP";"Kälte (GP)";3429.2518837188313;"MWh"
2002;"Kanton";"Umweltwärme";"LuftWP";"Anzahl (BFE)";8409.711163952157;"Anzahl"
2002;"Kanton";"Umweltwärme";"LuftWP";"Wärme (BFE)";89086.08130328503;"kW"
2002;"Kanton";"Umweltwärme";"LuftWP";"Kälte (BFE)";2522.0583561840253;"kW"
2002;"Kanton";"Umweltwärme";"LuftWP";"Wärme (BFE)";160354.94634591302;"MWh"
2002;"Kanton";"Umweltwärme";"LuftWP";"Kälte (BFE)";4539.705041131246;"MWh"
2003;"Schweiz";"Umweltwärme";"LuftWasserWP";"Anzahl";47894.15192086876;"Anzahl"
2003;"Schweiz";"Umweltwärme";"LuftLuftWP";"Anzahl";1597.4487191571238;"Anzahl"
2003;"Schweiz";"Umweltwärme";"SoleWasserWP";"Anzahl";29311.8741541861;"Anzahl"
2003;"Schweiz";"Umweltwärme";"WasserWasserWP";"Anzahl";4858.771619233111;"Anzahl"
2003;"Schweiz";"Umweltwärme";"LuftWasserWP";"Energie";622.74290680309;"GWh"
2003;"Schweiz";"Umweltwärme";"LuftLuftWP";"Energie";2.3119136877318187;"GWh"
2003;"Schweiz";"Umweltwärme";"SoleWasserWP";"Energie";619.2924406138279;"GWh"
2003;"Schweiz";"Umweltwärme";"WasserWasserWP";"Energie";268.20005813983926;"GWh"
2003;"Kanton";"Umweltwärme";"SoleWasserWP";"Anzahl";5501;"Anzahl"
2003;"Kanton";"Umweltwärme";"SoleWasserWP";"Kälte";3271.5;"MWh"
2003;"Kanton";"Umweltwärme";"SoleWasserWP";"Kälte";1817.5;"kW"
2003;"Kanton";"Umweltwärme";"SoleWasserWP";"Wärme";107030.61;"MWh"
2003;"Kanton";"Umweltwärme";"SoleWasserWP";"Wärme";59461.45;"kW"
2003;"Kanton";"Umweltwärme";"LuftWP";"Anzahl (GP)";7105.684985173115;"Anzahl"
2003;"Kanton";"Umweltwärme";"LuftWP";"Wärme (GP)";76806.82284341427;"kW"
2003;"Kanton";"Umweltwärme";"LuftWP";"Kälte (GP)";2347.679051181992;"kW"
2003;"Kanton";"Umweltwärme";"LuftWP";"Wärme (GP)";138252.2811181457;"MWh"
2003;"Kanton";"Umweltwärme";"LuftWP";"Kälte (GP)";4225.822292127586;"MWh"
2003;"Kanton";"Umweltwärme";"LuftWP";"Anzahl (BFE)";9288.157205120275;"Anzahl"
2003;"Kanton";"Umweltwärme";"LuftWP";"Wärme (BFE)";100397.61775029975;"kW"
2003;"Kanton";"Umweltwärme";"LuftWP";"Kälte (BFE)";3068.7558117262497;"kW"
2003;"Kanton";"Umweltwärme";"LuftWP";"Wärme (BFE)";180715.71195053955;"MWh"
2003;"Kanton";"Umweltwärme";"LuftWP";"Kälte (BFE)";5523.760461107249;"MWh"
2004;"Schweiz";"Umweltwärme";"LuftWasserWP";"Anzahl";51624.48469500733;"Anzahl"
2004;"Schweiz";"Umweltwärme";"LuftLuftWP";"Anzahl";1749.1759175911084;"Anzahl"
2004;"Schweiz";"Umweltwärme";"SoleWasserWP";"Anzahl";32593.235042829252;"Anzahl"
2004;"Schweiz";"Umweltwärme";"WasserWasserWP";"Anzahl";4973.078404493038;"Anzahl"
2004;"Schweiz";"Umweltwärme";"LuftWasserWP";"Energie";655.1543910390806;"GWh"
2004;"Schweiz";"Umweltwärme";"LuftLuftWP";"Energie";3.494251955159829;"GWh"
2004;"Schweiz";"Umweltwärme";"SoleWasserWP";"Energie";675.0190102973637;"GWh"
2004;"Schweiz";"Umweltwärme";"WasserWasserWP";"Energie";261.1938056120693;"GWh"
2004;"Kanton";"Umweltwärme";"SoleWasserWP";"Anzahl";6228;"Anzahl"
2004;"Kanton";"Umweltwärme";"SoleWasserWP";"Kälte";4549.14;"MWh"
2004;"Kanton";"Umweltwärme";"SoleWasserWP";"Kälte";2527.3;"kW"
2004;"Kanton";"Umweltwärme";"SoleWasserWP";"Wärme";124543.314;"MWh"
2004;"Kanton";"Umweltwärme";"SoleWasserWP";"Wärme";69190.73;"kW"
2004;"Kanton";"Umweltwärme";"LuftWP";"Anzahl (GP)";8044.756605645912;"Anzahl"
2004;"Kanton";"Umweltwärme";"LuftWP";"Wärme (GP)";89374.21037523486;"kW"
2004;"Kanton";"Umweltwärme";"LuftWP";"Kälte (GP)";3264.5332963148544;"kW"
2004;"Kanton";"Umweltwärme";"LuftWP";"Wärme (GP)";160873.57867542276;"MWh"
2004;"Kanton";"Umweltwärme";"LuftWP";"Kälte (GP)";5876.159933366738;"MWh"
2004;"Kanton";"Umweltwärme";"LuftWP";"Anzahl (BFE)";10198.77768679473;"Anzahl"
2004;"Kanton";"Umweltwärme";"LuftWP";"Wärme (BFE)";113304.57181391117;"kW"
2004;"Kanton";"Umweltwärme";"LuftWP";"Kälte (BFE)";4138.627303763058;"kW"
2004;"Kanton";"Umweltwärme";"LuftWP";"Wärme (BFE)";203948.2292650401;"MWh"
2004;"Kanton";"Umweltwärme";"LuftWP";"Kälte (BFE)";7449.529146773505;"MWh"
2005;"Schweiz";"Umweltwärme";"LuftWasserWP";"Anzahl";56538.75880235059;"Anzahl"
2005;"Schweiz";"Umweltwärme";"LuftLuftWP";"Anzahl";1865.6459100064853;"Anzahl"
2005;"Schweiz";"Umweltwärme";"SoleWasserWP";"Anzahl";36551.04096597553;"Anzahl"
2005;"Schweiz";"Umweltwärme";"WasserWasserWP";"Anzahl";5047.371904678467;"Anzahl"
2005;"Schweiz";"Umweltwärme";"LuftWasserWP";"Energie";696.3064787304235;"GWh"
2005;"Schweiz";"Umweltwärme";"LuftLuftWP";"Energie";4.806004686916989;"GWh"
2005;"Schweiz";"Umweltwärme";"SoleWasserWP";"Energie";747.8666442243021;"GWh"
2005;"Schweiz";"Umweltwärme";"WasserWasserWP";"Energie";255.43419526365747;"GWh"
2005;"Kanton";"Umweltwärme";"SoleWasserWP";"Anzahl";7113;"Anzahl"
2005;"Kanton";"Umweltwärme";"SoleWasserWP";"Kälte";6876.36;"MWh"
2005;"Kanton";"Umweltwärme";"SoleWasserWP";"Kälte";3820.2;"kW"
2005;"Kanton";"Umweltwärme";"SoleWasserWP";"Wärme";146812.014;"MWh"
2005;"Kanton";"Umweltwärme";"SoleWasserWP";"Wärme";81562.23;"kW"
2005;"Kanton";"Umweltwärme";"LuftWP";"Anzahl (GP)";9187.918069357638;"Anzahl"
2005;"Kanton";"Umweltwärme";"LuftWP";"Wärme (GP)";105354.57427162991;"kW"
2005;"Kanton";"Umweltwärme";"LuftWP";"Kälte (GP)";4934.5823996288555;"kW"
2005;"Kanton";"Umweltwärme";"LuftWP";"Wärme (GP)";189638.23368893386;"MWh"
2005;"Kanton";"Umweltwärme";"LuftWP";"Kälte (GP)";8882.248319331939;"MWh"
2005;"Kanton";"Umweltwärme";"LuftWP";"Anzahl (BFE)";11365.764687952662;"Anzahl"
2005;"Kanton";"Umweltwärme";"LuftWP";"Wärme (BFE)";130327.16344786633;"kW"
2005;"Kanton";"Umweltwärme";"LuftWP";"Kälte (BFE)";6104.244940379131;"kW"
2005;"Kanton";"Umweltwärme";"LuftWP";"Wärme (BFE)";234588.8942061594;"MWh"
2005;"Kanton";"Umweltwärme";"LuftWP";"Kälte (BFE)";10987.640892682435;"MWh"
2006;"Schweiz";"Umweltwärme";"LuftWasserWP";"Anzahl";63336.5635168082;"Anzahl"
2006;"Schweiz";"Umweltwärme";"LuftLuftWP";"Anzahl";1908.759999837013;"Anzahl"
2006;"Schweiz";"Umweltwärme";"SoleWasserWP";"Anzahl";42440.269640725346;"Anzahl"
2006;"Schweiz";"Umweltwärme";"WasserWasserWP";"Anzahl";5138.396717221058;"Anzahl"
2006;"Schweiz";"Umweltwärme";"LuftWasserWP";"Energie";756.5808544439649;"GWh"
2006;"Schweiz";"Umweltwärme";"LuftLuftWP";"Energie";5.595975074293461;"GWh"
2006;"Schweiz";"Umweltwärme";"SoleWasserWP";"Energie";851.1026398484632;"GWh"
2006;"Schweiz";"Umweltwärme";"WasserWasserWP";"Energie";257.73465044896375;"GWh"
2006;"Kanton";"Umweltwärme";"SoleWasserWP";"Anzahl";8106;"Anzahl"
2006;"Kanton";"Umweltwärme";"SoleWasserWP";"Kälte";8067.96;"MWh"
2006;"Kanton";"Umweltwärme";"SoleWasserWP";"Kälte";4482.2;"kW"
2006;"Kanton";"Umweltwärme";"SoleWasserWP";"Wärme";169756.218;"MWh"
2006;"Kanton";"Umweltwärme";"SoleWasserWP";"Wärme";94309.01;"kW"
2006;"Kanton";"Umweltwärme";"LuftWP";"Anzahl (GP)";10470.583982878254;"Anzahl"
2006;"Kanton";"Umweltwärme";"LuftWP";"Wärme (GP)";121819.69029695349;"kW"
2006;"Kanton";"Umweltwärme";"LuftWP";"Kälte (GP)";5789.693008642598;"kW"
2006;"Kanton";"Umweltwärme";"LuftWP";"Wärme (GP)";219275.44253451627;"MWh"
2006;"Kanton";"Umweltwärme";"LuftWP";"Kälte (GP)";10421.447415556679;"MWh"
2006;"Kanton";"Umweltwärme";"LuftWP";"Anzahl (BFE)";12461.71612252007;"Anzahl"
2006;"Kanton";"Umweltwärme";"LuftWP";"Wärme (BFE)";144985.45650331932;"kW"
2006;"Kanton";"Umweltwärme";"LuftWP";"Kälte (BFE)";6890.686405669808;"kW"
2006;"Kanton";"Umweltwärme";"LuftWP";"Wärme (BFE)";260973.8217059748;"MWh"
2006;"Kanton";"Umweltwärme";"LuftWP";"Kälte (BFE)";12403.235530205653;"MWh"
2007;"Schweiz";"Umweltwärme";"LuftWasserWP";"Anzahl";70587.34550065933;"Anzahl"
2007;"Schweiz";"Umweltwärme";"LuftLuftWP";"Anzahl";1976.7420278123454;"Anzahl"
2007;"Schweiz";"Umweltwärme";"SoleWasserWP";"Anzahl";48459.70178138578;"Anzahl"
2007;"Schweiz";"Umweltwärme";"WasserWasserWP";"Anzahl";5239.09867673228;"Anzahl"
2007;"Schweiz";"Umweltwärme";"LuftWasserWP";"Energie";831.5801394751625;"GWh"
2007;"Schweiz";"Umweltwärme";"LuftLuftWP";"Energie";6.2237167953322;"GWh"
2007;"Schweiz";"Umweltwärme";"SoleWasserWP";"Energie";983.787396088132;"GWh"
2007;"Schweiz";"Umweltwärme";"WasserWasserWP";"Energie";266.54741504134614;"GWh"
2007;"Kanton";"Umweltwärme";"SoleWasserWP";"Anzahl";9313;"Anzahl"
2007;"Kanton";"Umweltwärme";"SoleWasserWP";"Kälte";10571.94;"MWh"
2007;"Kanton";"Umweltwärme";"SoleWasserWP";"Kälte";5873.3;"kW"
2007;"Kanton";"Umweltwärme";"SoleWasserWP";"Wärme";202056.462;"MWh"
2007;"Kanton";"Umweltwärme";"SoleWasserWP";"Wärme";112253.59;"kW"
2007;"Kanton";"Umweltwärme";"LuftWP";"Anzahl (GP)";12029.675380279445;"Anzahl"
2007;"Kanton";"Umweltwärme";"LuftWP";"Wärme (GP)";144998.8454816904;"kW"
2007;"Kanton";"Umweltwärme";"LuftWP";"Kälte (GP)";7586.587824653201;"kW"
2007;"Kanton";"Umweltwärme";"LuftWP";"Wärme (GP)";260997.92186704272;"MWh"
2007;"Kanton";"Umweltwärme";"LuftWP";"Kälte (GP)";13655.85808437576;"MWh"
2007;"Kanton";"Umweltwärme";"LuftWP";"Anzahl (BFE)";13945.388071130044;"Anzahl"
2007;"Kanton";"Umweltwärme";"LuftWP";"Wärme (BFE)";168089.75356249575;"kW"
2007;"Kanton";"Umweltwärme";"LuftWP";"Kälte (BFE)";8794.743665646742;"kW"
2007;"Kanton";"Umweltwärme";"LuftWP";"Wärme (BFE)";302561.55641249235;"MWh"
2007;"Kanton";"Umweltwärme";"LuftWP";"Kälte (BFE)";15830.538598164134;"MWh"
2008;"Schweiz";"Umweltwärme";"LuftWasserWP";"Anzahl";80434.33636702351;"Anzahl"
2008;"Schweiz";"Umweltwärme";"LuftLuftWP";"Anzahl";2217.9725080987155;"Anzahl"
2008;"Schweiz";"Umweltwärme";"SoleWasserWP";"Anzahl";55343.15054788171;"Anzahl"
2008;"Schweiz";"Umweltwärme";"WasserWasserWP";"Anzahl";5547.70125176675;"Anzahl"
2008;"Schweiz";"Umweltwärme";"LuftWasserWP";"Energie";932.973445121244;"GWh"
2008;"Schweiz";"Umweltwärme";"LuftLuftWP";"Energie";8.721332585194073;"GWh"
2008;"Schweiz";"Umweltwärme";"SoleWasserWP";"Energie";1139.402813317493;"GWh"
2008;"Schweiz";"Umweltwärme";"WasserWasserWP";"Energie";285.2567847428812;"GWh"
2008;"Kanton";"Umweltwärme";"SoleWasserWP";"Anzahl";11003;"Anzahl"
2008;"Kanton";"Umweltwärme";"SoleWasserWP";"Kälte";15372.18;"MWh"
2008;"Kanton";"Umweltwärme";"SoleWasserWP";"Kälte";8540.1;"kW"
2008;"Kanton";"Umweltwärme";"SoleWasserWP";"Wärme";251568.162;"MWh"
2008;"Kanton";"Umweltwärme";"SoleWasserWP";"Wärme";139760.09;"kW"
2008;"Kanton";"Umweltwärme";"LuftWP";"Anzahl (GP)";14212.66167821483;"Anzahl"
2008;"Kanton";"Umweltwärme";"LuftWP";"Wärme (GP)";180529.2079693589;"kW"
2008;"Kanton";"Umweltwärme";"LuftWP";"Kälte (GP)";11031.31436863787;"kW"
2008;"Kanton";"Umweltwärme";"LuftWP";"Wärme (GP)";324952.574344846;"MWh"
2008;"Kanton";"Umweltwärme";"LuftWP";"Kälte (GP)";19856.365863548166;"MWh"
2008;"Kanton";"Umweltwärme";"LuftWP";"Anzahl (BFE)";16432.446392190053;"Anzahl"
2008;"Kanton";"Umweltwärme";"LuftWP";"Wärme (BFE)";208724.9101783747;"kW"
2008;"Kanton";"Umweltwärme";"LuftWP";"Kälte (BFE)";12754.224796323027;"kW"
2008;"Kanton";"Umweltwärme";"LuftWP";"Wärme (BFE)";375704.8383210745;"MWh"
2008;"Kanton";"Umweltwärme";"LuftWP";"Kälte (BFE)";22957.60463338145;"MWh"
2009;"Schweiz";"Umweltwärme";"LuftWasserWP";"Anzahl";89729.58494773148;"Anzahl"
2009;"Schweiz";"Umweltwärme";"LuftLuftWP";"Anzahl";2190.0640671082706;"Anzahl"
2009;"Schweiz";"Umweltwärme";"SoleWasserWP";"Anzahl";62534.55929841683;"Anzahl"
2009;"Schweiz";"Umweltwärme";"WasserWasserWP";"Anzahl";5895.675594843775;"Anzahl"
2009;"Schweiz";"Umweltwärme";"LuftWasserWP";"Energie";1048.8621358076093;"GWh"
2009;"Schweiz";"Umweltwärme";"LuftLuftWP";"Energie";11.123455156347624;"GWh"
2009;"Schweiz";"Umweltwärme";"SoleWasserWP";"Energie";1317.334312202653;"GWh"
2009;"Schweiz";"Umweltwärme";"WasserWasserWP";"Energie";316.20954268965863;"GWh"
2009;"Kanton";"Umweltwärme";"SoleWasserWP";"Anzahl";12563;"Anzahl"
2009;"Kanton";"Umweltwärme";"SoleWasserWP";"Kälte";30651.12;"MWh"
2009;"Kanton";"Umweltwärme";"SoleWasserWP";"Kälte";17028.4;"kW"
2009;"Kanton";"Umweltwärme";"SoleWasserWP";"Wärme";307523.502;"MWh"
2009;"Kanton";"Umweltwärme";"SoleWasserWP";"Wärme";170846.39;"kW"
2009;"Kanton";"Umweltwärme";"LuftWP";"Anzahl (GP)";16227.725953232111;"Anzahl"
2009;"Kanton";"Umweltwärme";"LuftWP";"Wärme (GP)";220683.6262850446;"kW"
2009;"Kanton";"Umweltwärme";"LuftWP";"Kälte (GP)";21995.718269682216;"kW"
2009;"Kanton";"Umweltwärme";"LuftWP";"Wärme (GP)";397230.5273130802;"MWh"
2009;"Kanton";"Umweltwärme";"LuftWP";"Kälte (GP)";39592.29288542799;"MWh"
2009;"Kanton";"Umweltwärme";"LuftWP";"Anzahl (BFE)";18466.37385038175;"Anzahl"
2009;"Kanton";"Umweltwärme";"LuftWP";"Wärme (BFE)";251127.38268949476;"kW"
2009;"Kanton";"Umweltwärme";"LuftWP";"Kälte (BFE)";25030.07247264512;"kW"
2009;"Kanton";"Umweltwärme";"LuftWP";"Wärme (BFE)";452029.2888410905;"MWh"
2009;"Kanton";"Umweltwärme";"LuftWP";"Kälte (BFE)";45054.130450761215;"MWh"
2010;"Schweiz";"Umweltwärme";"LuftWasserWP";"Anzahl";99374.59013559918;"Anzahl"
2010;"Schweiz";"Umweltwärme";"LuftLuftWP";"Anzahl";2189.11662846241;"Anzahl"
2010;"Schweiz";"Umweltwärme";"SoleWasserWP";"Anzahl";68662.81947399631;"Anzahl"
2010;"Schweiz";"Umweltwärme";"WasserWasserWP";"Anzahl";6279.813766842036;"Anzahl"
2010;"Schweiz";"Umweltwärme";"LuftWasserWP";"Energie";1155.8295379107358;"GWh"
2010;"Schweiz";"Umweltwärme";"LuftLuftWP";"Energie";11.99445283400766;"GWh"
2010;"Schweiz";"Umweltwärme";"SoleWasserWP";"Energie";1496.0185064701532;"GWh"
2010;"Schweiz";"Umweltwärme";"WasserWasserWP";"Energie";346.0067860413492;"GWh"
2010;"Kanton";"Umweltwärme";"SoleWasserWP";"Anzahl";13988;"Anzahl"
2010;"Kanton";"Umweltwärme";"SoleWasserWP";"Kälte";35064.9;"MWh"
2010;"Kanton";"Umweltwärme";"SoleWasserWP";"Kälte";19480.5;"kW"
2010;"Kanton";"Umweltwärme";"SoleWasserWP";"Wärme";354155.742;"MWh"
2010;"Kanton";"Umweltwärme";"SoleWasserWP";"Wärme";196753.19;"kW"
2010;"Kanton";"Umweltwärme";"LuftWP";"Anzahl (GP)";18068.40966598828;"Anzahl"
2010;"Kanton";"Umweltwärme";"LuftWP";"Wärme (GP)";254147.64369531232;"kW"
2010;"Kanton";"Umweltwärme";"LuftWP";"Kälte (GP)";25163.11513427829;"kW"
2010;"Kanton";"Umweltwärme";"LuftWP";"Wärme (GP)";457465.7586515622;"MWh"
2010;"Kanton";"Umweltwärme";"LuftWP";"Kälte (GP)";45293.60724170092;"MWh"
2010;"Kanton";"Umweltwärme";"LuftWP";"Anzahl (BFE)";20690.57375008792;"Anzahl"
2010;"Kanton";"Umweltwärme";"LuftWP";"Wärme (BFE)";291030.62541178585;"kW"
2010;"Kanton";"Umweltwärme";"LuftWP";"Kälte (BFE)";28814.892903816675;"kW"
2010;"Kanton";"Umweltwärme";"LuftWP";"Wärme (BFE)";523855.12574121455;"MWh"
2010;"Kanton";"Umweltwärme";"LuftWP";"Kälte (BFE)";51866.80722687002;"MWh"
2011;"Schweiz";"Umweltwärme";"LuftWasserWP";"Anzahl";108812.64167459251;"Anzahl"
2011;"Schweiz";"Umweltwärme";"LuftLuftWP";"Anzahl";2128.8738182505303;"Anzahl"
2011;"Schweiz";"Umweltwärme";"SoleWasserWP";"Anzahl";74177.80512331161;"Anzahl"
2011;"Schweiz";"Umweltwärme";"WasserWasserWP";"Anzahl";6699.155307198674;"Anzahl"
2011;"Schweiz";"Umweltwärme";"LuftWasserWP";"Energie";1261.8383273267002;"GWh"
2011;"Schweiz";"Umweltwärme";"LuftLuftWP";"Energie";12.568648405490643;"GWh"
2011;"Schweiz";"Umweltwärme";"SoleWasserWP";"Energie";1665.451945928984;"GWh"
2011;"Schweiz";"Umweltwärme";"WasserWasserWP";"Energie";371.6685044283327;"GWh"
2011;"Kanton";"Umweltwärme";"SoleWasserWP";"Anzahl";15399;"Anzahl"
2011;"Kanton";"Umweltwärme";"SoleWasserWP";"Kälte";44382.78;"MWh"
2011;"Kanton";"Umweltwärme";"SoleWasserWP";"Kälte";24657.1;"kW"
2011;"Kanton";"Umweltwärme";"SoleWasserWP";"Wärme";400342.302;"MWh"
2011;"Kanton";"Umweltwärme";"SoleWasserWP";"Wärme";222412.39;"kW"
2011;"Kanton";"Umweltwärme";"LuftWP";"Anzahl (GP)";19891.009468584038;"Anzahl"
2011;"Kanton";"Umweltwärme";"LuftWP";"Wärme (GP)";287291.8342373145;"kW"
2011;"Kanton";"Umweltwärme";"LuftWP";"Kälte (GP)";31849.770086877295;"kW"
2011;"Kanton";"Umweltwärme";"LuftWP";"Wärme (GP)";517125.30162716616;"MWh"
2011;"Kanton";"Umweltwärme";"LuftWP";"Kälte (GP)";57329.58615637913;"MWh"
2011;"Kanton";"Umweltwärme";"LuftWP";"Anzahl (BFE)";23030.9914702154;"Anzahl"
2011;"Kanton";"Umweltwärme";"LuftWP";"Wärme (BFE)";332643.5389934555;"kW"
2011;"Kanton";"Umweltwärme";"LuftWP";"Kälte (BFE)";36877.554372377956;"kW"
2011;"Kanton";"Umweltwärme";"LuftWP";"Wärme (BFE)";598758.3701882199;"MWh"
2011;"Kanton";"Umweltwärme";"LuftWP";"Kälte (BFE)";66379.59787028031;"MWh"
2012;"Schweiz";"Umweltwärme";"LuftWasserWP";"Anzahl";119727.48270713314;"Anzahl"
2012;"Schweiz";"Umweltwärme";"LuftLuftWP";"Anzahl";2028.5576291090072;"Anzahl"
2012;"Schweiz";"Umweltwärme";"SoleWasserWP";"Anzahl";79402.62210417936;"Anzahl"
2012;"Schweiz";"Umweltwärme";"WasserWasserWP";"Anzahl";6816.63335920523;"Anzahl"
2012;"Schweiz";"Umweltwärme";"LuftWasserWP";"Energie";1371.5353117731204;"GWh"
2012;"Schweiz";"Umweltwärme";"LuftLuftWP";"Energie";12.471164938055633;"GWh"
2012;"Schweiz";"Umweltwärme";"SoleWasserWP";"Energie";1821.3380357446122;"GWh"
2012;"Schweiz";"Umweltwärme";"WasserWasserWP";"Energie";390.96613797418354;"GWh"
2012;"Kanton";"Umweltwärme";"SoleWasserWP";"Anzahl";16733;"Anzahl"
2012;"Kanton";"Umweltwärme";"SoleWasserWP";"Kälte";52124.76;"MWh"
2012;"Kanton";"Umweltwärme";"SoleWasserWP";"Kälte";28958.2;"kW"
2012;"Kanton";"Umweltwärme";"SoleWasserWP";"Wärme";447116.742;"MWh"
2012;"Kanton";"Umweltwärme";"SoleWasserWP";"Wärme";248398.19;"kW"
2012;"Kanton";"Umweltwärme";"LuftWP";"Anzahl (GP)";21614.147765297534;"Anzahl"
2012;"Kanton";"Umweltwärme";"LuftWP";"Wärme (GP)";320857.8965692017;"kW"
2012;"Kanton";"Umweltwärme";"LuftWP";"Kälte (GP)";37405.53480051629;"kW"
2012;"Kanton";"Umweltwärme";"LuftWP";"Wärme (GP)";577544.2138245631;"MWh"
2012;"Kanton";"Umweltwärme";"LuftWP";"Kälte (GP)";67329.96264092933;"MWh"
2012;"Kanton";"Umweltwärme";"LuftWP";"Anzahl (BFE)";25658.394760229265;"Anzahl"
2012;"Kanton";"Umweltwärme";"LuftWP";"Wärme (BFE)";380893.97100020514;"kW"
2012;"Kanton";"Umweltwärme";"LuftWP";"Kälte (BFE)";44404.52561678546;"kW"
2012;"Kanton";"Umweltwärme";"LuftWP";"Wärme (BFE)";685609.1478003693;"MWh"
2012;"Kanton";"Umweltwärme";"LuftWP";"Kälte (BFE)";79928.14611021383;"MWh"
2013;"Schweiz";"Umweltwärme";"LuftWasserWP";"Anzahl";131638.69349044675;"Anzahl"
2013;"Schweiz";"Umweltwärme";"LuftLuftWP";"Anzahl";1985.9192706292115;"Anzahl"
2013;"Schweiz";"Umweltwärme";"SoleWasserWP";"Anzahl";84141.48336856061;"Anzahl"
2013;"Schweiz";"Umweltwärme";"WasserWasserWP";"Anzahl";6890.478223155709;"Anzahl"
2013;"Schweiz";"Umweltwärme";"LuftWasserWP";"Energie";1488.2046306610503;"GWh"
2013;"Schweiz";"Umweltwärme";"LuftLuftWP";"Energie";12.659634304815649;"GWh"
2013;"Schweiz";"Umweltwärme";"SoleWasserWP";"Energie";1962.9050114188185;"GWh"
2013;"Schweiz";"Umweltwärme";"WasserWasserWP";"Energie";405.181970437842;"GWh"
2013;"Kanton";"Umweltwärme";"SoleWasserWP";"Anzahl";18005;"Anzahl"
2013;"Kanton";"Umweltwärme";"SoleWasserWP";"Kälte";67622.22;"MWh"
2013;"Kanton";"Umweltwärme";"SoleWasserWP";"Kälte";37567.9;"kW"
2013;"Kanton";"Umweltwärme";"SoleWasserWP";"Wärme";498546.522;"MWh"
2013;"Kanton";"Umweltwärme";"SoleWasserWP";"Wärme";276970.29;"kW"
2013;"Kanton";"Umweltwärme";"LuftWP";"Anzahl (GP)";23257.200174157777;"Anzahl"
2013;"Kanton";"Umweltwärme";"LuftWP";"Wärme (GP)";357764.7029616512;"kW"
2013;"Kanton";"Umweltwärme";"LuftWP";"Kälte (GP)";48526.75203680878;"kW"
2013;"Kanton";"Umweltwärme";"LuftWP";"Wärme (GP)";643976.4653309722;"MWh"
2013;"Kanton";"Umweltwärme";"LuftWP";"Kälte (GP)";87348.15366625579;"MWh"
2013;"Kanton";"Umweltwärme";"LuftWP";"Anzahl (BFE)";28593.63843426296;"Anzahl"
2013;"Kanton";"Umweltwärme";"LuftWP";"Wärme (BFE)";439854.94747531007;"kW"
2013;"Kanton";"Umweltwärme";"LuftWP";"Kälte (BFE)";59661.36902718953;"kW"
2013;"Kanton";"Umweltwärme";"LuftWP";"Wärme (BFE)";791738.9054555582;"MWh"
2013;"Kanton";"Umweltwärme";"LuftWP";"Kälte (BFE)";107390.46424894116;"MWh"
2014;"Schweiz";"Umweltwärme";"LuftWasserWP";"Anzahl";143771.93812721001;"Anzahl"
2014;"Schweiz";"Umweltwärme";"LuftLuftWP";"Anzahl";1860.5112545150755;"Anzahl"
2014;"Schweiz";"Umweltwärme";"SoleWasserWP";"Anzahl";88218.37645071356;"Anzahl"
2014;"Schweiz";"Umweltwärme";"WasserWasserWP";"Anzahl";7036.280226334006;"Anzahl"
2014;"Schweiz";"Umweltwärme";"LuftWasserWP";"Energie";1610.4176522577216;"GWh"
2014;"Schweiz";"Umweltwärme";"LuftLuftWP";"Energie";12.790341592181093;"GWh"
2014;"Schweiz";"Umweltwärme";"SoleWasserWP";"Energie";2103.870660319546;"GWh"
2014;"Schweiz";"Umweltwärme";"WasserWasserWP";"Energie";424.6080391694102;"GWh"
2014;"Kanton";"Umweltwärme";"SoleWasserWP";"Anzahl";19192;"Anzahl"
2014;"Kanton";"Umweltwärme";"SoleWasserWP";"Kälte";73140.12;"MWh"
2014;"Kanton";"Umweltwärme";"SoleWasserWP";"Kälte";40633.4;"kW"
2014;"Kanton";"Umweltwärme";"SoleWasserWP";"Wärme";540188.802;"MWh"
2014;"Kanton";"Umweltwärme";"SoleWasserWP";"Wärme";300104.89;"kW"
2014;"Kanton";"Umweltwärme";"LuftWP";"Anzahl (GP)";24790.457414186953;"Anzahl"
2014;"Kanton";"Umweltwärme";"LuftWP";"Wärme (GP)";387647.8478185838;"kW"
2014;"Kanton";"Umweltwärme";"LuftWP";"Kälte (GP)";52486.48250800459;"kW"
2014;"Kanton";"Umweltwärme";"LuftWP";"Wärme (GP)";697766.1260734508;"MWh"
2014;"Kanton";"Umweltwärme";"LuftWP";"Kälte (GP)";94475.66851440826;"MWh"
2014;"Kanton";"Umweltwärme";"LuftWP";"Anzahl (BFE)";31682.491573573505;"Anzahl"
2014;"Kanton";"Umweltwärme";"LuftWP";"Wärme (BFE)";495418.4372974783;"kW"
2014;"Kanton";"Umweltwärme";"LuftWP";"Kälte (BFE)";67078.33227936858;"kW"
2014;"Kanton";"Umweltwärme";"LuftWP";"Wärme (BFE)";891753.187135461;"MWh"
2014;"Kanton";"Umweltwärme";"LuftWP";"Kälte (BFE)";120740.99810286342;"MWh"
2015;"Schweiz";"Umweltwärme";"LuftWasserWP";"Anzahl";156332.88830324245;"Anzahl"
2015;"Schweiz";"Umweltwärme";"LuftLuftWP";"Anzahl";1728.5545540302069;"Anzahl"
2015;"Schweiz";"Umweltwärme";"SoleWasserWP";"Anzahl";91541.6352172479;"Anzahl"
2015;"Schweiz";"Umweltwärme";"WasserWasserWP";"Anzahl";7244.396699954938;"Anzahl"
2015;"Schweiz";"Umweltwärme";"LuftWasserWP";"Energie";1734.984037898716;"GWh"
2015;"Schweiz";"Umweltwärme";"LuftLuftWP";"Energie";12.47766623750273;"GWh"
2015;"Schweiz";"Umweltwärme";"SoleWasserWP";"Energie";2239.6899854690732;"GWh"
2015;"Schweiz";"Umweltwärme";"WasserWasserWP";"Energie";447.28289221223315;"GWh"
2015;"Kanton";"Umweltwärme";"SoleWasserWP";"Anzahl";20198;"Anzahl"
2015;"Kanton";"Umweltwärme";"SoleWasserWP";"Kälte";86403.6;"MWh"
2015;"Kanton";"Umweltwärme";"SoleWasserWP";"Kälte";48002;"kW"
2015;"Kanton";"Umweltwärme";"SoleWasserWP";"Wärme";585000.036;"MWh"
2015;"Kanton";"Umweltwärme";"SoleWasserWP";"Wärme";325000.02;"kW"
2015;"Kanton";"Umweltwärme";"LuftWP";"Anzahl (GP)";26089.915529999376;"Anzahl"
2015;"Kanton";"Umweltwärme";"LuftWP";"Wärme (GP)";419805.08312942414;"kW"
2015;"Kanton";"Umweltwärme";"LuftWP";"Kälte (GP)";62004.5611085766;"kW"
2015;"Kanton";"Umweltwärme";"LuftWP";"Wärme (GP)";755649.1496329634;"MWh"
2015;"Kanton";"Umweltwärme";"LuftWP";"Kälte (GP)";111608.20999543788;"MWh"
2015;"Kanton";"Umweltwärme";"LuftWP";"Anzahl (BFE)";34875.11464324019;"Anzahl"
2015;"Kanton";"Umweltwärme";"LuftWP";"Wärme (BFE)";561165.1132070182;"kW"
2015;"Kanton";"Umweltwärme";"LuftWP";"Kälte (BFE)";82883.21878922741;"kW"
2015;"Kanton";"Umweltwärme";"LuftWP";"Wärme (BFE)";1010097.2037726326;"MWh"
2015;"Kanton";"Umweltwärme";"LuftWP";"Kälte (BFE)";149189.79382060937;"MWh"
2016;"Schweiz";"Umweltwärme";"LuftWasserWP";"Anzahl";169317.05883535466;"Anzahl"
2016;"Schweiz";"Umweltwärme";"LuftLuftWP";"Anzahl";1586.786469514762;"Anzahl"
2016;"Schweiz";"Umweltwärme";"SoleWasserWP";"Anzahl";94268.84138179108;"Anzahl"
2016;"Schweiz";"Umweltwärme";"WasserWasserWP";"Anzahl";7267.921409805461;"Anzahl"
2016;"Schweiz";"Umweltwärme";"LuftWasserWP";"Energie";1862.8843967827536;"GWh"
2016;"Schweiz";"Umweltwärme";"LuftLuftWP";"Energie";12.090404752166192;"GWh"
2016;"Schweiz";"Umweltwärme";"SoleWasserWP";"Energie";2361.9670269228836;"GWh"
2016;"Schweiz";"Umweltwärme";"WasserWasserWP";"Energie";459.4116940354676;"GWh"
2016;"Kanton";"Umweltwärme";"SoleWasserWP";"Anzahl";21244;"Anzahl"
2016;"Kanton";"Umweltwärme";"SoleWasserWP";"Kälte";96588.72;"MWh"
2016;"Kanton";"Umweltwärme";"SoleWasserWP";"Kälte";53660.4;"kW"
2016;"Kanton";"Umweltwärme";"SoleWasserWP";"Wärme";627773.796;"MWh"
2016;"Kanton";"Umweltwärme";"SoleWasserWP";"Wärme";348763.22;"kW"
2016;"Kanton";"Umweltwärme";"LuftWP";"Anzahl (GP)";27441.041960555835;"Anzahl"
2016;"Kanton";"Umweltwärme";"LuftWP";"Wärme (GP)";450500.1955525591;"kW"
2016;"Kanton";"Umweltwärme";"LuftWP";"Kälte (GP)";69313.56091226748;"kW"
2016;"Kanton";"Umweltwärme";"LuftWP";"Wärme (GP)";810900.3519946064;"MWh"
2016;"Kanton";"Umweltwärme";"LuftWP";"Kälte (GP)";124764.40964208147;"MWh"
2016;"Kanton";"Umweltwärme";"LuftWP";"Anzahl (BFE)";38514.11809499493;"Anzahl"
2016;"Kanton";"Umweltwärme";"LuftWP";"Wärme (BFE)";632287.1324736724;"kW"
2016;"Kanton";"Umweltwärme";"LuftWP";"Kälte (BFE)";97283.13795069978;"kW"
2016;"Kanton";"Umweltwärme";"LuftWP";"Wärme (BFE)";1138116.8384526104;"MWh"
2016;"Kanton";"Umweltwärme";"LuftWP";"Kälte (BFE)";175109.64831125957;"MWh"
2017;"Schweiz";"Umweltwärme";"LuftWasserWP";"Anzahl";183763.29715132783;"Anzahl"
2017;"Schweiz";"Umweltwärme";"LuftLuftWP";"Anzahl";1441.1722830877384;"Anzahl"
2017;"Schweiz";"Umweltwärme";"SoleWasserWP";"Anzahl";96722.98629532274;"Anzahl"
2017;"Schweiz";"Umweltwärme";"WasserWasserWP";"Anzahl";7267.9189008984495;"Anzahl"
2017;"Schweiz";"Umweltwärme";"LuftWasserWP";"Energie";2005.7331116865912;"GWh"
2017;"Schweiz";"Umweltwärme";"LuftLuftWP";"Energie";11.609458467355296;"GWh"
2017;"Schweiz";"Umweltwärme";"SoleWasserWP";"Energie";2476.991341083962;"GWh"
2017;"Schweiz";"Umweltwärme";"WasserWasserWP";"Energie";463.326970880106;"GWh"
2017;"Kanton";"Umweltwärme";"SoleWasserWP";"Anzahl";22323;"Anzahl"
2017;"Kanton";"Umweltwärme";"SoleWasserWP";"Kälte";109301.93999999999;"MWh"
2017;"Kanton";"Umweltwärme";"SoleWasserWP";"Kälte";60723.299999999996;"kW"
2017;"Kanton";"Umweltwärme";"SoleWasserWP";"Wärme";671347.836;"MWh"
2017;"Kanton";"Umweltwärme";"SoleWasserWP";"Wärme";372971.02;"kW"
2017;"Kanton";"Umweltwärme";"LuftWP";"Anzahl (GP)";28834.794750776124;"Anzahl"
2017;"Kanton";"Umweltwärme";"LuftWP";"Wärme (GP)";481769.6012940741;"kW"
2017;"Kanton";"Umweltwärme";"LuftWP";"Kälte (GP)";78436.76441740821;"kW"
2017;"Kanton";"Umweltwärme";"LuftWP";"Wärme (GP)";867185.2823293334;"MWh"
2017;"Kanton";"Umweltwärme";"LuftWP";"Kälte (GP)";141186.1759513348;"MWh"
2017;"Kanton";"Umweltwärme";"LuftWP";"Anzahl (BFE)";42743.91775457809;"Anzahl"
2017;"Kanton";"Umweltwärme";"LuftWP";"Wärme (BFE)";714162.1916284147;"kW"
2017;"Kanton";"Umweltwärme";"LuftWP";"Kälte (BFE)";116272.53240991675;"kW"
2017;"Kanton";"Umweltwärme";"LuftWP";"Wärme (BFE)";1285491.9449311465;"MWh"
2017;"Kanton";"Umweltwärme";"LuftWP";"Kälte (BFE)";209290.55833785015;"MWh"
2018;"Schweiz";"Umweltwärme";"LuftWasserWP";"Anzahl";199583.2886534114;"Anzahl"
2018;"Schweiz";"Umweltwärme";"LuftLuftWP";"Anzahl";1294.6740127866935;"Anzahl"
2018;"Schweiz";"Umweltwärme";"SoleWasserWP";"Anzahl";99131.93677309992;"Anzahl"
2018;"Schweiz";"Umweltwärme";"WasserWasserWP";"Anzahl";7245.5043297900465;"Anzahl"
2018;"Schweiz";"Umweltwärme";"LuftWasserWP";"Energie";2167.0568327611754;"GWh"
2018;"Schweiz";"Umweltwärme";"LuftLuftWP";"Energie";11.047993572403074;"GWh"
2018;"Schweiz";"Umweltwärme";"SoleWasserWP";"Energie";2588.611498434151;"GWh"
2018;"Schweiz";"Umweltwärme";"WasserWasserWP";"Energie";473.2997193859168;"GWh"
2018;"Kanton";"Umweltwärme";"SoleWasserWP";"Anzahl";23491;"Anzahl"
2018;"Kanton";"Umweltwärme";"SoleWasserWP";"Kälte";119962.8;"MWh"
2018;"Kanton";"Umweltwärme";"SoleWasserWP";"Kälte";66646;"kW"
2018;"Kanton";"Umweltwärme";"SoleWasserWP";"Wärme";712813.896;"MWh"
2018;"Kanton";"Umweltwärme";"SoleWasserWP";"Wärme";396007.72;"kW"
2018;"Kanton";"Umweltwärme";"LuftWP";"Anzahl (GP)";30343.50954130188;"Anzahl"
2018;"Kanton";"Umweltwärme";"LuftWP";"Wärme (GP)";511526.2879506706;"kW"
2018;"Kanton";"Umweltwärme";"LuftWP";"Kälte (GP)";86087.1626107703;"kW"
2018;"Kanton";"Umweltwärme";"LuftWP";"Wärme (GP)";920747.318311207;"MWh"
2018;"Kanton";"Umweltwärme";"LuftWP";"Kälte (GP)";154956.89269938655;"MWh"
2018;"Kanton";"Umweltwärme";"LuftWP";"Anzahl (BFE)";47601.45291816938;"Anzahl"
2018;"Kanton";"Umweltwärme";"LuftWP";"Wärme (BFE)";802458.083470759;"kW"
2018;"Kanton";"Umweltwärme";"LuftWP";"Kälte (BFE)";135049.44153864527;"kW"
2018;"Kanton";"Umweltwärme";"LuftWP";"Wärme (BFE)";1444424.5502473663;"MWh"
2018;"Kanton";"Umweltwärme";"LuftWP";"Kälte (BFE)";243088.9947695615;"MWh"
2019;"Schweiz";"Umweltwärme";"LuftWasserWP";"Anzahl";217096.2570862979;"Anzahl"
2019;"Schweiz";"Umweltwärme";"LuftLuftWP";"Anzahl";1163.1919563203805;"Anzahl"
2019;"Schweiz";"Umweltwärme";"SoleWasserWP";"Anzahl";101626.12506635101;"Anzahl"
2019;"Schweiz";"Umweltwärme";"WasserWasserWP";"Anzahl";7228.8144081192195;"Anzahl"
2019;"Schweiz";"Umweltwärme";"LuftWasserWP";"Energie";2351.130961114285;"GWh"
2019;"Schweiz";"Umweltwärme";"LuftLuftWP";"Energie";10.482097549654462;"GWh"
2019;"Schweiz";"Umweltwärme";"SoleWasserWP";"Energie";2698.660160236162;"GWh"
2019;"Schweiz";"Umweltwärme";"WasserWasserWP";"Energie";493.5174490709145;"GWh"
2019;"Kanton";"Umweltwärme";"SoleWasserWP";"Anzahl";24783;"Anzahl"
2019;"Kanton";"Umweltwärme";"SoleWasserWP";"Kälte";130652.28;"MWh"
2019;"Kanton";"Umweltwärme";"SoleWasserWP";"Kälte";72584.6;"kW"
2019;"Kanton";"Umweltwärme";"SoleWasserWP";"Wärme";759012.336;"MWh"
2019;"Kanton";"Umweltwärme";"SoleWasserWP";"Wärme";421673.52;"kW"
2019;"Kanton";"Umweltwärme";"LuftWP";"Anzahl (GP)";32012.39610753414;"Anzahl"
2019;"Kanton";"Umweltwärme";"LuftWP";"Wärme (GP)";544679.0037646056;"kW"
2019;"Kanton";"Umweltwärme";"LuftWP";"Kälte (GP)";93758.09895924314;"kW"
2019;"Kanton";"Umweltwärme";"LuftWP";"Wärme (GP)";980422.2067762901;"MWh"
2019;"Kanton";"Umweltwärme";"LuftWP";"Kälte (GP)";168764.57812663764;"MWh"
2019;"Kanton";"Umweltwärme";"LuftWP";"Anzahl (BFE)";53225.72244185861;"Anzahl"
2019;"Kanton";"Umweltwärme";"LuftWP";"Wärme (BFE)";905615.8550862089;"kW"
2019;"Kanton";"Umweltwärme";"LuftWP";"Kälte (BFE)";155887.8171792491;"kW"
2019;"Kanton";"Umweltwärme";"LuftWP";"Wärme (BFE)";1630108.539155176;"MWh"
2019;"Kanton";"Umweltwärme";"LuftWP";"Kälte (BFE)";280598.07092264836;"MWh"
2020;"Schweiz";"Umweltwärme";"LuftWasserWP";"Anzahl";237630.75876085318;"Anzahl"
2020;"Schweiz";"Umweltwärme";"LuftLuftWP";"Anzahl";1023.33761236701;"Anzahl"
2020;"Schweiz";"Umweltwärme";"SoleWasserWP";"Anzahl";104351.75134004201;"Anzahl"
2020;"Schweiz";"Umweltwärme";"WasserWasserWP";"Anzahl";7373.944252818685;"Anzahl"
2020;"Schweiz";"Umweltwärme";"LuftWasserWP";"Energie";2576.4676501061663;"GWh"
2020;"Schweiz";"Umweltwärme";"LuftLuftWP";"Energie";9.844482835526547;"GWh"
2020;"Schweiz";"Umweltwärme";"SoleWasserWP";"Energie";2813.393678443896;"GWh"
2020;"Schweiz";"Umweltwärme";"WasserWasserWP";"Energie";528.0127196546306;"GWh"
2020;"Kanton";"Umweltwärme";"SoleWasserWP";"Anzahl";26267;"Anzahl"
2020;"Kanton";"Umweltwärme";"SoleWasserWP";"Kälte";144452.88;"MWh"
2020;"Kanton";"Umweltwärme";"SoleWasserWP";"Kälte";80251.6;"kW"
2020;"Kanton";"Umweltwärme";"SoleWasserWP";"Wärme";813700.296;"MWh"
2020;"Kanton";"Umweltwärme";"SoleWasserWP";"Wärme";452055.72000000003;"kW"
2020;"Kanton";"Umweltwärme";"LuftWP";"Anzahl (GP)";42554.1367781155;"Anzahl"
2020;"Kanton";"Umweltwärme";"LuftWP";"Wärme (GP)";732357.7469908815;"kW"
2020;"Kanton";"Umweltwärme";"LuftWP";"Kälte (GP)";130012.47051671734;"kW"
2020;"Kanton";"Umweltwärme";"LuftWP";"Wärme (GP)";1318243.9445835866;"MWh"
2020;"Kanton";"Umweltwärme";"LuftWP";"Kälte (GP)";234022.4469300912;"MWh"
2020;"Kanton";"Umweltwärme";"LuftWP";"Anzahl (BFE)";60073.04208060693;"Anzahl"
2020;"Kanton";"Umweltwärme";"LuftWP";"Wärme (BFE)";1033858.5407674673;"kW"
2020;"Kanton";"Umweltwärme";"LuftWP";"Kälte (BFE)";183536.67125427476;"kW"
2020;"Kanton";"Umweltwärme";"LuftWP";"Wärme (BFE)";1860945.373381441;"MWh"
2020;"Kanton";"Umweltwärme";"LuftWP";"Kälte (BFE)";330366.00825769454;"MWh"
2021;"Schweiz";"Umweltwärme";"LuftWasserWP";"Anzahl";261590.56949635144;"Anzahl"
2021;"Schweiz";"Umweltwärme";"LuftLuftWP";"Anzahl";890.3240176033237;"Anzahl"
2021;"Schweiz";"Umweltwärme";"SoleWasserWP";"Anzahl";108154.62529394061;"Anzahl"
2021;"Schweiz";"Umweltwärme";"WasserWasserWP";"Anzahl";7384.348134077337;"Anzahl"
2021;"Schweiz";"Umweltwärme";"LuftWasserWP";"Energie";2838.55521564849;"GWh"
2021;"Schweiz";"Umweltwärme";"LuftLuftWP";"Energie";9.071959772910288;"GWh"
2021;"Schweiz";"Umweltwärme";"SoleWasserWP";"Energie";2940.367737739454;"GWh"
2021;"Schweiz";"Umweltwärme";"WasserWasserWP";"Energie";565.887721361169;"GWh"
2021;"Kanton";"Umweltwärme";"SoleWasserWP";"Anzahl";28514;"Anzahl"
2021;"Kanton";"Umweltwärme";"SoleWasserWP";"Kälte";164758.68;"MWh"
2021;"Kanton";"Umweltwärme";"SoleWasserWP";"Kälte";91532.59999999999;"kW"
2021;"Kanton";"Umweltwärme";"SoleWasserWP";"Wärme";891309.6;"MWh"
2021;"Kanton";"Umweltwärme";"SoleWasserWP";"Wärme";495172;"kW"
2021;"Kanton";"Umweltwärme";"LuftWP";"Anzahl (GP)";35789.17695473251;"Anzahl"
2021;"Kanton";"Umweltwärme";"LuftWP";"Wärme (GP)";621512.1810699588;"kW"
2021;"Kanton";"Umweltwärme";"LuftWP";"Kälte (GP)";114886.59670781891;"kW"
2021;"Kanton";"Umweltwärme";"LuftWP";"Wärme (GP)";1118721.9259259258;"MWh"
2021;"Kanton";"Umweltwärme";"LuftWP";"Kälte (GP)";206795.87407407406;"MWh"
2021;"Kanton";"Umweltwärme";"LuftWP";"Anzahl (BFE)";69200.7408588953;"Anzahl"
2021;"Kanton";"Umweltwärme";"LuftWP";"Wärme (BFE)";1201734.9110114647;"kW"
2021;"Kanton";"Umweltwärme";"LuftWP";"Kälte (BFE)";222140.8337217128;"kW"
2021;"Kanton";"Umweltwärme";"LuftWP";"Wärme (BFE)";2163122.8398206364;"MWh"
2021;"Kanton";"Umweltwärme";"LuftWP";"Kälte (BFE)";399853.5006990831;"MWh"
2022;"Schweiz";"Umweltwärme";"LuftWasserWP";"Anzahl";290475.86190544907;"Anzahl"
2022;"Schweiz";"Umweltwärme";"LuftLuftWP";"Anzahl";765.9026381725286;"Anzahl"
2022;"Schweiz";"Umweltwärme";"SoleWasserWP";"Anzahl";113163.37567848597;"Anzahl"
2022;"Schweiz";"Umweltwärme";"WasserWasserWP";"Anzahl";7384.183467069388;"Anzahl"
2022;"Schweiz";"Umweltwärme";"LuftWasserWP";"Energie";3147.6503721188174;"GWh"
2022;"Schweiz";"Umweltwärme";"LuftLuftWP";"Energie";8.252874322424596;"GWh"
2022;"Schweiz";"Umweltwärme";"SoleWasserWP";"Energie";3101.2308365200684;"GWh"
2022;"Schweiz";"Umweltwärme";"WasserWasserWP";"Energie";600.0247382563404;"GWh"
2022;"Kanton";"Umweltwärme";"SoleWasserWP";"Anzahl";31351;"Anzahl"
2022;"Kanton";"Umweltwärme";"SoleWasserWP";"Kälte";186818.4;"MWh"
2022;"Kanton";"Umweltwärme";"SoleWasserWP";"Kälte";103788;"kW"
2022;"Kanton";"Umweltwärme";"SoleWasserWP";"Wärme";988985.376;"MWh"
2022;"Kanton";"Umweltwärme";"SoleWasserWP";"Wärme";549436.32;"kW"
2022;"Kanton";"Umweltwärme";"LuftWP";"Anzahl (GP)";35236.89288446825;"Anzahl"
2022;"Kanton";"Umweltwärme";"LuftWP";"Wärme (GP)";617537.8378576894;"kW"
2022;"Kanton";"Umweltwärme";"LuftWP";"Kälte (GP)";116652.31216526397;"kW"
2022;"Kanton";"Umweltwärme";"LuftWP";"Wärme (GP)";1111568.108143841;"MWh"
2022;"Kanton";"Umweltwärme";"LuftWP";"Kälte (GP)";209974.16189747513;"MWh"
2022;"Kanton";"Umweltwärme";"LuftWP";"Anzahl (BFE)";80686.18053732174;"Anzahl"
2022;"Kanton";"Umweltwärme";"LuftWP";"Wärme (BFE)";1414051.1661280873;"kW"
2022;"Kanton";"Umweltwärme";"LuftWP";"Kälte (BFE)";267112.924806467;"kW"
2022;"Kanton";"Umweltwärme";"LuftWP";"Wärme (BFE)";2545292.0990305576;"MWh"
2022;"Kanton";"Umweltwärme";"LuftWP";"Kälte (BFE)";480803.2646516406;"MWh"
2023;"Schweiz";"Umweltwärme";"LuftWasserWP";"Anzahl";320726.1329711828;"Anzahl"
2023;"Schweiz";"Umweltwärme";"LuftLuftWP";"Anzahl";651.3363772644027;"Anzahl"
2023;"Schweiz";"Umweltwärme";"SoleWasserWP";"Anzahl";119083.82155553602;"Anzahl"
2023;"Schweiz";"Umweltwärme";"WasserWasserWP";"Anzahl";7287.347515985571;"Anzahl"
2023;"Schweiz";"Umweltwärme";"LuftWasserWP";"Energie";3509.97607045776;"GWh"
2023;"Schweiz";"Umweltwärme";"LuftLuftWP";"Energie";7.404716205590555;"GWh"
2023;"Schweiz";"Umweltwärme";"SoleWasserWP";"Energie";3291.715726704504;"GWh"
2023;"Schweiz";"Umweltwärme";"WasserWasserWP";"Energie";621.3986232492393;"GWh"
2023;"Kanton";"Umweltwärme";"SoleWasserWP";"Anzahl";33661;"Anzahl"
2023;"Kanton";"Umweltwärme";"SoleWasserWP";"Kälte";200728.8;"MWh"
2023;"Kanton";"Umweltwärme";"SoleWasserWP";"Kälte";111516;"kW"
2023;"Kanton";"Umweltwärme";"SoleWasserWP";"Wärme";1074921.876;"MWh"
2023;"Kanton";"Umweltwärme";"SoleWasserWP";"Wärme";597178.82;"kW"
2023;"Kanton";"Umweltwärme";"LuftWP";"Anzahl (GP)";44116.78023327195;"Anzahl"
2023;"Kanton";"Umweltwärme";"LuftWP";"Wärme (GP)";782674.5124002455;"kW"
2023;"Kanton";"Umweltwärme";"LuftWP";"Kälte (GP)";146155.10128913444;"kW"
2023;"Kanton";"Umweltwärme";"LuftWP";"Wärme (GP)";1408814.122320442;"MWh"
2023;"Kanton";"Umweltwärme";"LuftWP";"Kälte (GP)";263079.182320442;"MWh"
2023;"Kanton";"Umweltwärme";"LuftWP";"Anzahl (BFE)";90842.62542492428;"Anzahl"
2023;"Kanton";"Umweltwärme";"LuftWP";"Wärme (BFE)";1611636.3701897827;"kW"
2023;"Kanton";"Umweltwärme";"LuftWP";"Kälte (BFE)";300953.8105488802;"kW"
2023;"Kanton";"Umweltwärme";"LuftWP";"Wärme (BFE)";2900945.4663416087;"MWh"
2023;"Kanton";"Umweltwärme";"LuftWP";"Kälte (BFE)";541716.8589879842;"MWh"
2024;"Schweiz";"Umweltwärme";"LuftWasserWP";"Anzahl";340212.65845717466;"Anzahl"
2024;"Schweiz";"Umweltwärme";"LuftLuftWP";"Anzahl";547.4228781145594;"Anzahl"
2024;"Schweiz";"Umweltwärme";"SoleWasserWP";"Anzahl";121882.5569677558;"Anzahl"
2024;"Schweiz";"Umweltwärme";"WasserWasserWP";"Anzahl";7172.357264687223;"Anzahl"
2024;"Schweiz";"Umweltwärme";"LuftWasserWP";"Energie";3813.7155000789735;"GWh"
2024;"Schweiz";"Umweltwärme";"LuftLuftWP";"Energie";6.546908257684095;"GWh"
2024;"Schweiz";"Umweltwärme";"SoleWasserWP";"Energie";3452.272702977938;"GWh"
2024;"Schweiz";"Umweltwärme";"WasserWasserWP";"Energie";625.0334639195557;"GWh"
2024;"Kanton";"Umweltwärme";"SoleWasserWP";"Anzahl";35456;"Anzahl"
2024;"Kanton";"Umweltwärme";"SoleWasserWP";"Kälte";221359.14;"MWh"
2024;"Kanton";"Umweltwärme";"SoleWasserWP";"Kälte";122977.3;"kW"
2024;"Kanton";"Umweltwärme";"SoleWasserWP";"Wärme";1154462.292;"MWh"
2024;"Kanton";"Umweltwärme";"SoleWasserWP";"Wärme";641367.94;"kW"
2024;"Kanton";"Umweltwärme";"LuftWP";"Anzahl (GP)";38349.33142448103;"Anzahl"
2024;"Kanton";"Umweltwärme";"LuftWP";"Wärme (GP)";693705.7676020042;"kW"
2024;"Kanton";"Umweltwärme";"LuftWP";"Kälte (GP)";133012.6702219041;"kW"
2024;"Kanton";"Umweltwärme";"LuftWP";"Wärme (GP)";1248670.3816836076;"MWh"
2024;"Kanton";"Umweltwärme";"LuftWP";"Kälte (GP)";239422.80639942738;"MWh"
2024;"Kanton";"Umweltwärme";"LuftWP";"Anzahl (BFE)";99128.12583198695;"Anzahl"
2024;"Kanton";"Umweltwärme";"LuftWP";"Wärme (BFE)";1793140.8467092244;"kW"
2024;"Kanton";"Umweltwärme";"LuftWP";"Kälte (BFE)";343820.7713469655;"kW"
2024;"Kanton";"Umweltwärme";"LuftWP";"Wärme (BFE)";3227653.524076604;"MWh"
2024;"Kanton";"Umweltwärme";"LuftWP";"Kälte (BFE)";618877.388424538;"MWh"
