bfsakt,gemakt,jahr,wert
1,Aeugst a.A.,2004,0
1,Aeugst a.A.,2005,0
1,Aeugst a.A.,2006,0
1,Aeugst a.A.,2007,0
1,Aeugst a.A.,2008,0
1,Aeugst a.A.,2009,0
1,Aeugst a.A.,2010,0
1,Aeugst a.A.,2011,0
1,Aeugst a.A.,2012,0
1,Aeugst a.A.,2013,0
1,Aeugst a.A.,2014,0
1,Aeugst a.A.,2015,0
1,Aeugst a.A.,2016,0
1,Aeugst a.A.,2017,0
1,Aeugst a.A.,2018,0
1,Aeugst a.A.,2019,0
1,Aeugst a.A.,2020,0
1,Aeugst a.A.,2021,0
1,Aeugst a.A.,2022,0
1,Aeugst a.A.,2023,0
1,Aeugst a.A.,2024,0
2,Affoltern a.A.,2004,0
2,Affoltern a.A.,2005,0
2,Affoltern a.A.,2006,0
2,Affoltern a.A.,2007,0
2,Affoltern a.A.,2008,1493
2,Affoltern a.A.,2009,2749
2,Affoltern a.A.,2010,3892
2,Affoltern a.A.,2011,6770
2,Affoltern a.A.,2012,9722
2,Affoltern a.A.,2013,9957
2,Affoltern a.A.,2014,8022
2,Affoltern a.A.,2015,8694
2,Affoltern a.A.,2016,7725
2,Affoltern a.A.,2017,8793
2,Affoltern a.A.,2018,8662
2,Affoltern a.A.,2019,9928
2,Affoltern a.A.,2020,9091.985
2,Affoltern a.A.,2021,9375.285
2,Affoltern a.A.,2022,9084
2,Affoltern a.A.,2023,8827.215
2,Affoltern a.A.,2024,0
3,Bonstetten,2004,0
3,Bonstetten,2005,0
3,Bonstetten,2006,0
3,Bonstetten,2007,0
3,Bonstetten,2008,0
3,Bonstetten,2009,0
3,Bonstetten,2010,482.751
3,Bonstetten,2011,376.753
3,Bonstetten,2012,391
3,Bonstetten,2013,2097.38
3,Bonstetten,2014,1610.89
3,Bonstetten,2015,1273.865
3,Bonstetten,2016,1493.425
3,Bonstetten,2017,3924.78
3,Bonstetten,2018,4378.712
3,Bonstetten,2019,3951.915
3,Bonstetten,2020,3729.651
3,Bonstetten,2021,4238.351
3,Bonstetten,2022,4076.097
3,Bonstetten,2023,2795.79
3,Bonstetten,2024,2929.694
4,Hausen a.A.,2004,0
4,Hausen a.A.,2005,0
4,Hausen a.A.,2006,0
4,Hausen a.A.,2007,0
4,Hausen a.A.,2008,0
4,Hausen a.A.,2009,0
4,Hausen a.A.,2010,0
4,Hausen a.A.,2011,0
4,Hausen a.A.,2012,0
4,Hausen a.A.,2013,0
4,Hausen a.A.,2014,0
4,Hausen a.A.,2015,0
4,Hausen a.A.,2016,0
4,Hausen a.A.,2017,0
4,Hausen a.A.,2018,0
4,Hausen a.A.,2019,0
4,Hausen a.A.,2020,0
4,Hausen a.A.,2021,0
4,Hausen a.A.,2022,0
4,Hausen a.A.,2023,0
4,Hausen a.A.,2024,0
5,Hedingen,2004,0
5,Hedingen,2005,0
5,Hedingen,2006,0
5,Hedingen,2007,0
5,Hedingen,2008,4002.252
5,Hedingen,2009,12726.167
5,Hedingen,2010,27205.003
5,Hedingen,2011,33569.2
5,Hedingen,2012,40186
5,Hedingen,2013,39045.339
5,Hedingen,2014,35995.071
5,Hedingen,2015,35451.058
5,Hedingen,2016,32825.879
5,Hedingen,2017,37103.779
5,Hedingen,2018,44331.83
5,Hedingen,2019,40778.546
5,Hedingen,2020,38855.863
5,Hedingen,2021,30975.73
5,Hedingen,2022,40590.368
5,Hedingen,2023,35161.791
5,Hedingen,2024,33472.437
6,Kappel a.A.,2004,0
6,Kappel a.A.,2005,0
6,Kappel a.A.,2006,0
6,Kappel a.A.,2007,0
6,Kappel a.A.,2008,0
6,Kappel a.A.,2009,0
6,Kappel a.A.,2010,0
6,Kappel a.A.,2011,0
6,Kappel a.A.,2012,0
6,Kappel a.A.,2013,0
6,Kappel a.A.,2014,0
6,Kappel a.A.,2015,0
6,Kappel a.A.,2016,0
6,Kappel a.A.,2017,0
6,Kappel a.A.,2018,0
6,Kappel a.A.,2019,0
6,Kappel a.A.,2020,0
6,Kappel a.A.,2021,0
6,Kappel a.A.,2022,0
6,Kappel a.A.,2023,0
6,Kappel a.A.,2024,0
7,Knonau,2004,0
7,Knonau,2005,0
7,Knonau,2006,0
7,Knonau,2007,0
7,Knonau,2008,0
7,Knonau,2009,0
7,Knonau,2010,0
7,Knonau,2011,50
7,Knonau,2012,56
7,Knonau,2013,69
7,Knonau,2014,363
7,Knonau,2015,430
7,Knonau,2016,637
7,Knonau,2017,670
7,Knonau,2018,769
7,Knonau,2019,1052
7,Knonau,2020,1208.074
7,Knonau,2021,1463.792
7,Knonau,2022,1329
7,Knonau,2023,1138.986
7,Knonau,2024,0
8,Maschwanden,2004,0
8,Maschwanden,2005,0
8,Maschwanden,2006,0
8,Maschwanden,2007,0
8,Maschwanden,2008,0
8,Maschwanden,2009,0
8,Maschwanden,2010,0
8,Maschwanden,2011,0
8,Maschwanden,2012,0
8,Maschwanden,2013,0
8,Maschwanden,2014,0
8,Maschwanden,2015,0
8,Maschwanden,2016,0
8,Maschwanden,2017,0
8,Maschwanden,2018,0
8,Maschwanden,2019,0
8,Maschwanden,2020,0
8,Maschwanden,2021,0
8,Maschwanden,2022,0
8,Maschwanden,2023,0
8,Maschwanden,2024,0
9,Mettmenstetten,2004,0
9,Mettmenstetten,2005,0
9,Mettmenstetten,2006,0
9,Mettmenstetten,2007,303
9,Mettmenstetten,2008,491
9,Mettmenstetten,2009,1048
9,Mettmenstetten,2010,1123
9,Mettmenstetten,2011,1023
9,Mettmenstetten,2012,1129
9,Mettmenstetten,2013,1350
9,Mettmenstetten,2014,1255
9,Mettmenstetten,2015,1327
9,Mettmenstetten,2016,1386
9,Mettmenstetten,2017,2393
9,Mettmenstetten,2018,2254
9,Mettmenstetten,2019,2525
9,Mettmenstetten,2020,2257.513
9,Mettmenstetten,2021,2656.2560000000003
9,Mettmenstetten,2022,2558
9,Mettmenstetten,2023,1978.968
9,Mettmenstetten,2024,0
10,Obfelden,2004,0
10,Obfelden,2005,0
10,Obfelden,2006,0
10,Obfelden,2007,0
10,Obfelden,2008,593
10,Obfelden,2009,1261
10,Obfelden,2010,3029
10,Obfelden,2011,2942
10,Obfelden,2012,3329
10,Obfelden,2013,4424
10,Obfelden,2014,4119
10,Obfelden,2015,4024
10,Obfelden,2016,3996
10,Obfelden,2017,4257
10,Obfelden,2018,4279
10,Obfelden,2019,4948
10,Obfelden,2020,5156.938443
10,Obfelden,2021,5056.4063510000005
10,Obfelden,2022,3780
10,Obfelden,2023,3457.768
10,Obfelden,2024,0
11,Ottenbach,2004,0
11,Ottenbach,2005,0
11,Ottenbach,2006,0
11,Ottenbach,2007,0
11,Ottenbach,2008,0
11,Ottenbach,2009,139
11,Ottenbach,2010,186
11,Ottenbach,2011,433
11,Ottenbach,2012,500
11,Ottenbach,2013,612
11,Ottenbach,2014,804
11,Ottenbach,2015,825
11,Ottenbach,2016,856
11,Ottenbach,2017,948
11,Ottenbach,2018,914
11,Ottenbach,2019,910
11,Ottenbach,2020,797.73
11,Ottenbach,2021,1030.5639999999999
11,Ottenbach,2022,953
11,Ottenbach,2023,917.27
11,Ottenbach,2024,0
12,Rifferswil,2004,0
12,Rifferswil,2005,0
12,Rifferswil,2006,0
12,Rifferswil,2007,0
12,Rifferswil,2008,0
12,Rifferswil,2009,0
12,Rifferswil,2010,0
12,Rifferswil,2011,0
12,Rifferswil,2012,0
12,Rifferswil,2013,0
12,Rifferswil,2014,0
12,Rifferswil,2015,0
12,Rifferswil,2016,0
12,Rifferswil,2017,0
12,Rifferswil,2018,0
12,Rifferswil,2019,0
12,Rifferswil,2020,0
12,Rifferswil,2021,0
12,Rifferswil,2022,0
12,Rifferswil,2023,0
12,Rifferswil,2024,0
13,Stallikon,2004,0
13,Stallikon,2005,0
13,Stallikon,2006,0
13,Stallikon,2007,0
13,Stallikon,2008,0
13,Stallikon,2009,0
13,Stallikon,2010,0
13,Stallikon,2011,0
13,Stallikon,2012,0
13,Stallikon,2013,0
13,Stallikon,2014,0
13,Stallikon,2015,0
13,Stallikon,2016,0
13,Stallikon,2017,0
13,Stallikon,2018,0
13,Stallikon,2019,0
13,Stallikon,2020,0
13,Stallikon,2021,0
13,Stallikon,2022,0
13,Stallikon,2023,0
13,Stallikon,2024,0
14,Wettswil a.A.,2004,0
14,Wettswil a.A.,2005,0
14,Wettswil a.A.,2006,0
14,Wettswil a.A.,2007,0
14,Wettswil a.A.,2008,921.599
14,Wettswil a.A.,2009,2226.429
14,Wettswil a.A.,2010,2550.648
14,Wettswil a.A.,2011,2608.896
14,Wettswil a.A.,2012,2375
14,Wettswil a.A.,2013,2477.605
14,Wettswil a.A.,2014,2401.258
14,Wettswil a.A.,2015,2698.955
14,Wettswil a.A.,2016,2489.82
14,Wettswil a.A.,2017,2824.562
14,Wettswil a.A.,2018,2717.214
14,Wettswil a.A.,2019,3185.07
14,Wettswil a.A.,2020,3116.124
14,Wettswil a.A.,2021,3549.784
14,Wettswil a.A.,2022,3228.786
14,Wettswil a.A.,2023,2595.639
14,Wettswil a.A.,2024,3307.798
22,Benken,2004,0
22,Benken,2005,0
22,Benken,2006,0
22,Benken,2007,0
22,Benken,2008,0
22,Benken,2009,0
22,Benken,2010,0
22,Benken,2011,0
22,Benken,2012,0
22,Benken,2013,0
22,Benken,2014,0
22,Benken,2015,0
22,Benken,2016,0
22,Benken,2017,0
22,Benken,2018,0
22,Benken,2019,0
22,Benken,2020,0
22,Benken,2021,0
22,Benken,2022,0
22,Benken,2023,0
22,Benken,2024,0
23,Berg a.I.,2004,0
23,Berg a.I.,2005,0
23,Berg a.I.,2006,0
23,Berg a.I.,2007,0
23,Berg a.I.,2008,0
23,Berg a.I.,2009,0
23,Berg a.I.,2010,0
23,Berg a.I.,2011,0
23,Berg a.I.,2012,0
23,Berg a.I.,2013,0
23,Berg a.I.,2014,0
23,Berg a.I.,2015,0
23,Berg a.I.,2016,0
23,Berg a.I.,2017,0
23,Berg a.I.,2018,0
23,Berg a.I.,2019,0
23,Berg a.I.,2020,0
23,Berg a.I.,2021,0
23,Berg a.I.,2022,0
23,Berg a.I.,2023,0
23,Berg a.I.,2024,0
24,Buch am Irchel,2004,0
24,Buch am Irchel,2005,0
24,Buch am Irchel,2006,0
24,Buch am Irchel,2007,0
24,Buch am Irchel,2008,0
24,Buch am Irchel,2009,0
24,Buch am Irchel,2010,0
24,Buch am Irchel,2011,0
24,Buch am Irchel,2012,0
24,Buch am Irchel,2013,0
24,Buch am Irchel,2014,0
24,Buch am Irchel,2015,0
24,Buch am Irchel,2016,0
24,Buch am Irchel,2017,0
24,Buch am Irchel,2018,0
24,Buch am Irchel,2019,0
24,Buch am Irchel,2020,0
24,Buch am Irchel,2021,0
24,Buch am Irchel,2022,0
24,Buch am Irchel,2023,0
24,Buch am Irchel,2024,0
25,Dachsen,2004,0
25,Dachsen,2005,0
25,Dachsen,2006,0
25,Dachsen,2007,0
25,Dachsen,2008,0
25,Dachsen,2009,0
25,Dachsen,2010,0
25,Dachsen,2011,0
25,Dachsen,2012,0
25,Dachsen,2013,0
25,Dachsen,2014,0
25,Dachsen,2015,0
25,Dachsen,2016,0
25,Dachsen,2017,0
25,Dachsen,2018,0
25,Dachsen,2019,0
25,Dachsen,2020,0
25,Dachsen,2021,0
25,Dachsen,2022,0
25,Dachsen,2023,0
25,Dachsen,2024,0
26,Dorf,2004,0
26,Dorf,2005,0
26,Dorf,2006,0
26,Dorf,2007,0
26,Dorf,2008,0
26,Dorf,2009,0
26,Dorf,2010,0
26,Dorf,2011,0
26,Dorf,2012,0
26,Dorf,2013,0
26,Dorf,2014,0
26,Dorf,2015,0
26,Dorf,2016,0
26,Dorf,2017,0
26,Dorf,2018,0
26,Dorf,2019,0
26,Dorf,2020,0
26,Dorf,2021,0
26,Dorf,2022,0
26,Dorf,2023,0
26,Dorf,2024,0
27,Feuerthalen,2004,0
27,Feuerthalen,2005,0
27,Feuerthalen,2006,0
27,Feuerthalen,2007,16494
27,Feuerthalen,2008,18964.5
27,Feuerthalen,2009,21435
27,Feuerthalen,2010,22986
27,Feuerthalen,2011,20011
27,Feuerthalen,2012,19500
27,Feuerthalen,2013,19000
27,Feuerthalen,2014,18694.707
27,Feuerthalen,2015,18694.707
27,Feuerthalen,2016,18694.707
27,Feuerthalen,2017,20432.669
27,Feuerthalen,2018,20432.669
27,Feuerthalen,2019,18834.915
27,Feuerthalen,2020,18588.313
27,Feuerthalen,2021,20492.665
27,Feuerthalen,2022,17425
27,Feuerthalen,2023,16565.8674126768
27,Feuerthalen,2024,16356.599282668
28,Flaach,2004,0
28,Flaach,2005,0
28,Flaach,2006,0
28,Flaach,2007,0
28,Flaach,2008,0
28,Flaach,2009,0
28,Flaach,2010,0
28,Flaach,2011,0
28,Flaach,2012,0
28,Flaach,2013,0
28,Flaach,2014,0
28,Flaach,2015,0
28,Flaach,2016,0
28,Flaach,2017,0
28,Flaach,2018,0
28,Flaach,2019,0
28,Flaach,2020,0
28,Flaach,2021,0
28,Flaach,2022,0
28,Flaach,2023,0
28,Flaach,2024,0
29,Flurlingen,2004,0
29,Flurlingen,2005,0
29,Flurlingen,2006,0
29,Flurlingen,2007,8386
29,Flurlingen,2008,7111
29,Flurlingen,2009,5836
29,Flurlingen,2010,6816
29,Flurlingen,2011,5689
29,Flurlingen,2012,6000
29,Flurlingen,2013,6500
29,Flurlingen,2014,7119.765
29,Flurlingen,2015,7119.765
29,Flurlingen,2016,7119.765
29,Flurlingen,2017,7005.82
29,Flurlingen,2018,7005.82
29,Flurlingen,2019,6876.75
29,Flurlingen,2020,9019.359
29,Flurlingen,2021,10499.587
29,Flurlingen,2022,8408
29,Flurlingen,2023,7987.63781
29,Flurlingen,2024,7928.324
31,Henggart,2004,0
31,Henggart,2005,0
31,Henggart,2006,0
31,Henggart,2007,0
31,Henggart,2008,0
31,Henggart,2009,0
31,Henggart,2010,0
31,Henggart,2011,0
31,Henggart,2012,0
31,Henggart,2013,0
31,Henggart,2014,0
31,Henggart,2015,0
31,Henggart,2016,0
31,Henggart,2017,0
31,Henggart,2018,0
31,Henggart,2019,0
31,Henggart,2020,0
31,Henggart,2021,0
31,Henggart,2022,0
31,Henggart,2023,0
31,Henggart,2024,0
33,Kleinandelfingen,2004,0
33,Kleinandelfingen,2005,0
33,Kleinandelfingen,2006,0
33,Kleinandelfingen,2007,0
33,Kleinandelfingen,2008,0
33,Kleinandelfingen,2009,0
33,Kleinandelfingen,2010,0
33,Kleinandelfingen,2011,0
33,Kleinandelfingen,2012,0
33,Kleinandelfingen,2013,0
33,Kleinandelfingen,2014,0
33,Kleinandelfingen,2015,0
33,Kleinandelfingen,2016,0
33,Kleinandelfingen,2017,0
33,Kleinandelfingen,2018,0
33,Kleinandelfingen,2019,0
33,Kleinandelfingen,2020,0
33,Kleinandelfingen,2021,0
33,Kleinandelfingen,2022,0
33,Kleinandelfingen,2023,0
33,Kleinandelfingen,2024,0
34,Laufen-Uhwiesen,2004,0
34,Laufen-Uhwiesen,2005,0
34,Laufen-Uhwiesen,2006,0
34,Laufen-Uhwiesen,2007,0
34,Laufen-Uhwiesen,2008,0
34,Laufen-Uhwiesen,2009,0
34,Laufen-Uhwiesen,2010,0
34,Laufen-Uhwiesen,2011,0
34,Laufen-Uhwiesen,2012,0
34,Laufen-Uhwiesen,2013,0
34,Laufen-Uhwiesen,2014,0
34,Laufen-Uhwiesen,2015,0
34,Laufen-Uhwiesen,2016,0
34,Laufen-Uhwiesen,2017,0
34,Laufen-Uhwiesen,2018,0
34,Laufen-Uhwiesen,2019,0
34,Laufen-Uhwiesen,2020,0
34,Laufen-Uhwiesen,2021,0
34,Laufen-Uhwiesen,2022,0
34,Laufen-Uhwiesen,2023,0
34,Laufen-Uhwiesen,2024,0
35,Marthalen,2004,0
35,Marthalen,2005,0
35,Marthalen,2006,0
35,Marthalen,2007,0
35,Marthalen,2008,0
35,Marthalen,2009,0
35,Marthalen,2010,0
35,Marthalen,2011,0
35,Marthalen,2012,0
35,Marthalen,2013,0
35,Marthalen,2014,0
35,Marthalen,2015,0
35,Marthalen,2016,0
35,Marthalen,2017,0
35,Marthalen,2018,0
35,Marthalen,2019,0
35,Marthalen,2020,0
35,Marthalen,2021,0
35,Marthalen,2022,0
35,Marthalen,2023,0
35,Marthalen,2024,0
37,Ossingen,2004,0
37,Ossingen,2005,0
37,Ossingen,2006,0
37,Ossingen,2007,0
37,Ossingen,2008,0
37,Ossingen,2009,0
37,Ossingen,2010,0
37,Ossingen,2011,0
37,Ossingen,2012,0
37,Ossingen,2013,0
37,Ossingen,2014,0
37,Ossingen,2015,0
37,Ossingen,2016,0
37,Ossingen,2017,0
37,Ossingen,2018,0
37,Ossingen,2019,0
37,Ossingen,2020,0
37,Ossingen,2021,0
37,Ossingen,2022,0
37,Ossingen,2023,0
37,Ossingen,2024,0
38,Rheinau,2004,0
38,Rheinau,2005,0
38,Rheinau,2006,0
38,Rheinau,2007,0
38,Rheinau,2008,0
38,Rheinau,2009,0
38,Rheinau,2010,0
38,Rheinau,2011,0
38,Rheinau,2012,0
38,Rheinau,2013,0
38,Rheinau,2014,0
38,Rheinau,2015,0
38,Rheinau,2016,0
38,Rheinau,2017,0
38,Rheinau,2018,0
38,Rheinau,2019,0
38,Rheinau,2020,0
38,Rheinau,2021,0
38,Rheinau,2022,0
38,Rheinau,2023,0
38,Rheinau,2024,0
39,Thalheim a.d.Th.,2004,0
39,Thalheim a.d.Th.,2005,0
39,Thalheim a.d.Th.,2006,0
39,Thalheim a.d.Th.,2007,0
39,Thalheim a.d.Th.,2008,0
39,Thalheim a.d.Th.,2009,0
39,Thalheim a.d.Th.,2010,0
39,Thalheim a.d.Th.,2011,0
39,Thalheim a.d.Th.,2012,0
39,Thalheim a.d.Th.,2013,0
39,Thalheim a.d.Th.,2014,0
39,Thalheim a.d.Th.,2015,0
39,Thalheim a.d.Th.,2016,0
39,Thalheim a.d.Th.,2017,0
39,Thalheim a.d.Th.,2018,0
39,Thalheim a.d.Th.,2019,0
39,Thalheim a.d.Th.,2020,0
39,Thalheim a.d.Th.,2021,0
39,Thalheim a.d.Th.,2022,0
39,Thalheim a.d.Th.,2023,0
39,Thalheim a.d.Th.,2024,0
40,Trüllikon,2004,0
40,Trüllikon,2005,0
40,Trüllikon,2006,0
40,Trüllikon,2007,0
40,Trüllikon,2008,0
40,Trüllikon,2009,0
40,Trüllikon,2010,0
40,Trüllikon,2011,0
40,Trüllikon,2012,0
40,Trüllikon,2013,0
40,Trüllikon,2014,0
40,Trüllikon,2015,0
40,Trüllikon,2016,0
40,Trüllikon,2017,0
40,Trüllikon,2018,0
40,Trüllikon,2019,0
40,Trüllikon,2020,0
40,Trüllikon,2021,0
40,Trüllikon,2022,0
40,Trüllikon,2023,0
40,Trüllikon,2024,0
41,Truttikon,2004,0
41,Truttikon,2005,0
41,Truttikon,2006,0
41,Truttikon,2007,0
41,Truttikon,2008,0
41,Truttikon,2009,0
41,Truttikon,2010,0
41,Truttikon,2011,0
41,Truttikon,2012,0
41,Truttikon,2013,0
41,Truttikon,2014,0
41,Truttikon,2015,0
41,Truttikon,2016,0
41,Truttikon,2017,0
41,Truttikon,2018,0
41,Truttikon,2019,0
41,Truttikon,2020,0
41,Truttikon,2021,0
41,Truttikon,2022,0
41,Truttikon,2023,0
41,Truttikon,2024,0
43,Volken,2004,0
43,Volken,2005,0
43,Volken,2006,0
43,Volken,2007,0
43,Volken,2008,0
43,Volken,2009,0
43,Volken,2010,0
43,Volken,2011,0
43,Volken,2012,0
43,Volken,2013,0
43,Volken,2014,0
43,Volken,2015,0
43,Volken,2016,0
43,Volken,2017,0
43,Volken,2018,0
43,Volken,2019,0
43,Volken,2020,0
43,Volken,2021,0
43,Volken,2022,0
43,Volken,2023,0
43,Volken,2024,0
51,Bachenbülach,2004,12663.558
51,Bachenbülach,2005,13453.204
51,Bachenbülach,2006,15491.076
51,Bachenbülach,2007,14438.864
51,Bachenbülach,2008,15987.532
51,Bachenbülach,2009,9819.56
51,Bachenbülach,2010,8499.7
51,Bachenbülach,2011,7735.323
51,Bachenbülach,2012,8549
51,Bachenbülach,2013,7063.132
51,Bachenbülach,2014,5323.241
51,Bachenbülach,2015,5280.954
51,Bachenbülach,2016,6534.601
51,Bachenbülach,2017,6997.081
51,Bachenbülach,2018,7884.933
51,Bachenbülach,2019,7823.949
51,Bachenbülach,2020,9669.407
51,Bachenbülach,2021,10862.78
51,Bachenbülach,2022,10126.705
51,Bachenbülach,2023,8399.246
51,Bachenbülach,2024,7846.746
52,Bassersdorf,2004,0
52,Bassersdorf,2005,0
52,Bassersdorf,2006,0
52,Bassersdorf,2007,0
52,Bassersdorf,2008,0
52,Bassersdorf,2009,0
52,Bassersdorf,2010,0
52,Bassersdorf,2011,0
52,Bassersdorf,2012,0
52,Bassersdorf,2013,0
52,Bassersdorf,2014,0
52,Bassersdorf,2015,0
52,Bassersdorf,2016,0
52,Bassersdorf,2017,0
52,Bassersdorf,2018,0
52,Bassersdorf,2019,0
52,Bassersdorf,2020,0
52,Bassersdorf,2021,0
52,Bassersdorf,2022,0
52,Bassersdorf,2023,0
52,Bassersdorf,2024,0
53,Bülach,2004,13595.499
53,Bülach,2005,16104.252
53,Bülach,2006,21551.568
53,Bülach,2007,19554.493
53,Bülach,2008,24655.484
53,Bülach,2009,27913.515
53,Bülach,2010,28629.989
53,Bülach,2011,27878.642
53,Bülach,2012,30274
53,Bülach,2013,34415.741
53,Bülach,2014,32241.441
53,Bülach,2015,32424.898
53,Bülach,2016,36396.679
53,Bülach,2017,41145.593
53,Bülach,2018,43561.277
53,Bülach,2019,46844.511
53,Bülach,2020,47661.869
53,Bülach,2021,54040.849
53,Bülach,2022,51659.413
53,Bülach,2023,45431.306
53,Bülach,2024,45149.1
54,Dietlikon,2004,0
54,Dietlikon,2005,0
54,Dietlikon,2006,0
54,Dietlikon,2007,40172
54,Dietlikon,2008,48166
54,Dietlikon,2009,47176
54,Dietlikon,2010,45293
54,Dietlikon,2011,43465
54,Dietlikon,2012,47861
54,Dietlikon,2013,51847
54,Dietlikon,2014,40999.936
54,Dietlikon,2015,41441
54,Dietlikon,2016,46829.593
54,Dietlikon,2017,46975.019
54,Dietlikon,2018,43332.14
54,Dietlikon,2019,51371.986
54,Dietlikon,2020,51129.945
54,Dietlikon,2021,57759.017
54,Dietlikon,2022,53071.453
54,Dietlikon,2023,45697.37
54,Dietlikon,2024,45917.093
55,Eglisau,2004,0
55,Eglisau,2005,0
55,Eglisau,2006,0
55,Eglisau,2007,0
55,Eglisau,2008,0
55,Eglisau,2009,0
55,Eglisau,2010,0
55,Eglisau,2011,0
55,Eglisau,2012,0
55,Eglisau,2013,0
55,Eglisau,2014,0
55,Eglisau,2015,0
55,Eglisau,2016,0
55,Eglisau,2017,0
55,Eglisau,2018,0
55,Eglisau,2019,0
55,Eglisau,2020,0
55,Eglisau,2021,0
55,Eglisau,2022,0
55,Eglisau,2023,0
55,Eglisau,2024,0
56,Embrach,2004,0
56,Embrach,2005,0
56,Embrach,2006,0
56,Embrach,2007,0
56,Embrach,2008,0
56,Embrach,2009,0
56,Embrach,2010,0
56,Embrach,2011,0
56,Embrach,2012,0
56,Embrach,2013,0
56,Embrach,2014,0
56,Embrach,2015,0
56,Embrach,2016,0
56,Embrach,2017,0
56,Embrach,2018,0
56,Embrach,2019,0
56,Embrach,2020,0
56,Embrach,2021,0
56,Embrach,2022,0
56,Embrach,2023,0
56,Embrach,2024,0
57,Freienstein-Teufen,2004,0
57,Freienstein-Teufen,2005,0
57,Freienstein-Teufen,2006,0
57,Freienstein-Teufen,2007,0
57,Freienstein-Teufen,2008,0
57,Freienstein-Teufen,2009,0
57,Freienstein-Teufen,2010,0
57,Freienstein-Teufen,2011,0
57,Freienstein-Teufen,2012,0
57,Freienstein-Teufen,2013,0
57,Freienstein-Teufen,2014,0
57,Freienstein-Teufen,2015,0
57,Freienstein-Teufen,2016,0
57,Freienstein-Teufen,2017,0
57,Freienstein-Teufen,2018,0
57,Freienstein-Teufen,2019,0
57,Freienstein-Teufen,2020,0
57,Freienstein-Teufen,2021,0
57,Freienstein-Teufen,2022,0
57,Freienstein-Teufen,2023,0
57,Freienstein-Teufen,2024,0
58,Glattfelden,2004,0
58,Glattfelden,2005,0
58,Glattfelden,2006,0
58,Glattfelden,2007,0
58,Glattfelden,2008,0
58,Glattfelden,2009,0
58,Glattfelden,2010,0
58,Glattfelden,2011,0
58,Glattfelden,2012,0
58,Glattfelden,2013,0
58,Glattfelden,2014,0
58,Glattfelden,2015,0
58,Glattfelden,2016,0
58,Glattfelden,2017,0
58,Glattfelden,2018,0
58,Glattfelden,2019,0
58,Glattfelden,2020,0
58,Glattfelden,2021,0
58,Glattfelden,2022,0
58,Glattfelden,2023,0
58,Glattfelden,2024,0
59,Hochfelden,2004,0
59,Hochfelden,2005,0
59,Hochfelden,2006,0
59,Hochfelden,2007,0
59,Hochfelden,2008,0
59,Hochfelden,2009,0
59,Hochfelden,2010,0
59,Hochfelden,2011,0
59,Hochfelden,2012,0
59,Hochfelden,2013,0
59,Hochfelden,2014,0
59,Hochfelden,2015,0
59,Hochfelden,2016,0
59,Hochfelden,2017,0
59,Hochfelden,2018,0
59,Hochfelden,2019,0
59,Hochfelden,2020,0
59,Hochfelden,2021,0
59,Hochfelden,2022,0
59,Hochfelden,2023,0
59,Hochfelden,2024,0
60,Höri,2004,0
60,Höri,2005,0
60,Höri,2006,0
60,Höri,2007,0
60,Höri,2008,0
60,Höri,2009,0
60,Höri,2010,0
60,Höri,2011,0
60,Höri,2012,0
60,Höri,2013,0
60,Höri,2014,0
60,Höri,2015,0
60,Höri,2016,0
60,Höri,2017,0
60,Höri,2018,0
60,Höri,2019,0
60,Höri,2020,0
60,Höri,2021,0
60,Höri,2022,0
60,Höri,2023,0
60,Höri,2024,0
61,Hüntwangen,2004,0
61,Hüntwangen,2005,0
61,Hüntwangen,2006,0
61,Hüntwangen,2007,0
61,Hüntwangen,2008,0
61,Hüntwangen,2009,0
61,Hüntwangen,2010,0
61,Hüntwangen,2011,0
61,Hüntwangen,2012,0
61,Hüntwangen,2013,0
61,Hüntwangen,2014,0
61,Hüntwangen,2015,0
61,Hüntwangen,2016,0
61,Hüntwangen,2017,0
61,Hüntwangen,2018,0
61,Hüntwangen,2019,0
61,Hüntwangen,2020,0
61,Hüntwangen,2021,0
61,Hüntwangen,2022,0
61,Hüntwangen,2023,0
61,Hüntwangen,2024,0
62,Kloten,2004,175445.225
62,Kloten,2005,159687.495
62,Kloten,2006,120356.029
62,Kloten,2007,91727.884
62,Kloten,2008,160181.22
62,Kloten,2009,163223.88
62,Kloten,2010,168730.685
62,Kloten,2011,131962.743
62,Kloten,2012,136910
62,Kloten,2013,179186.848
62,Kloten,2014,157428.214036
62,Kloten,2015,154273.891068
62,Kloten,2016,158717.814277
62,Kloten,2017,152097.843
62,Kloten,2018,129000.266
62,Kloten,2019,136048.496
62,Kloten,2020,175617.014
62,Kloten,2021,196204.152
62,Kloten,2022,63797
62,Kloten,2023,48571.483
62,Kloten,2024,49072.022
63,Lufingen,2004,0
63,Lufingen,2005,0
63,Lufingen,2006,0
63,Lufingen,2007,0
63,Lufingen,2008,0
63,Lufingen,2009,0
63,Lufingen,2010,0
63,Lufingen,2011,0
63,Lufingen,2012,0
63,Lufingen,2013,0
63,Lufingen,2014,0
63,Lufingen,2015,0
63,Lufingen,2016,0
63,Lufingen,2017,0
63,Lufingen,2018,0
63,Lufingen,2019,0
63,Lufingen,2020,0
63,Lufingen,2021,0
63,Lufingen,2022,0
63,Lufingen,2023,0
63,Lufingen,2024,0
64,Nürensdorf,2004,0
64,Nürensdorf,2005,0
64,Nürensdorf,2006,0
64,Nürensdorf,2007,0
64,Nürensdorf,2008,0
64,Nürensdorf,2009,0
64,Nürensdorf,2010,0
64,Nürensdorf,2011,0
64,Nürensdorf,2012,0
64,Nürensdorf,2013,0
64,Nürensdorf,2014,0
64,Nürensdorf,2015,0
64,Nürensdorf,2016,0
64,Nürensdorf,2017,0
64,Nürensdorf,2018,0
64,Nürensdorf,2019,0
64,Nürensdorf,2020,0
64,Nürensdorf,2021,0
64,Nürensdorf,2022,0
64,Nürensdorf,2023,0
64,Nürensdorf,2024,0
65,Oberembrach,2004,0
65,Oberembrach,2005,0
65,Oberembrach,2006,0
65,Oberembrach,2007,0
65,Oberembrach,2008,0
65,Oberembrach,2009,0
65,Oberembrach,2010,0
65,Oberembrach,2011,0
65,Oberembrach,2012,0
65,Oberembrach,2013,0
65,Oberembrach,2014,0
65,Oberembrach,2015,0
65,Oberembrach,2016,0
65,Oberembrach,2017,0
65,Oberembrach,2018,0
65,Oberembrach,2019,0
65,Oberembrach,2020,0
65,Oberembrach,2021,0
65,Oberembrach,2022,0
65,Oberembrach,2023,0
65,Oberembrach,2024,0
66,Opfikon,2004,99343.306
66,Opfikon,2005,97911.688
66,Opfikon,2006,94777.259
66,Opfikon,2007,72442.393
66,Opfikon,2008,79087.921
66,Opfikon,2009,79722.825
66,Opfikon,2010,75932.487
66,Opfikon,2011,74548.676
66,Opfikon,2012,76632
66,Opfikon,2013,79026
66,Opfikon,2014,70653.855
66,Opfikon,2015,68530.633445
66,Opfikon,2016,71996.679155
66,Opfikon,2017,73386.802
66,Opfikon,2018,77817.987
66,Opfikon,2019,75813.135
66,Opfikon,2020,76137.384
66,Opfikon,2021,87071.141
66,Opfikon,2022,87215.346
66,Opfikon,2023,69064.83
66,Opfikon,2024,72412.853
67,Rafz,2004,0
67,Rafz,2005,0
67,Rafz,2006,0
67,Rafz,2007,0
67,Rafz,2008,0
67,Rafz,2009,0
67,Rafz,2010,0
67,Rafz,2011,0
67,Rafz,2012,0
67,Rafz,2013,0
67,Rafz,2014,0
67,Rafz,2015,39837.156856
67,Rafz,2016,10370.44397
67,Rafz,2017,0
67,Rafz,2018,0
67,Rafz,2019,0
67,Rafz,2020,0
67,Rafz,2021,0
67,Rafz,2022,0
67,Rafz,2023,0
67,Rafz,2024,0
68,Rorbas,2004,0
68,Rorbas,2005,0
68,Rorbas,2006,0
68,Rorbas,2007,0
68,Rorbas,2008,0
68,Rorbas,2009,0
68,Rorbas,2010,0
68,Rorbas,2011,0
68,Rorbas,2012,0
68,Rorbas,2013,0
68,Rorbas,2014,0
68,Rorbas,2015,0
68,Rorbas,2016,0
68,Rorbas,2017,0
68,Rorbas,2018,0
68,Rorbas,2019,0
68,Rorbas,2020,0
68,Rorbas,2021,0
68,Rorbas,2022,0
68,Rorbas,2023,0
68,Rorbas,2024,0
69,Wallisellen,2004,0
69,Wallisellen,2005,0
69,Wallisellen,2006,0
69,Wallisellen,2007,57913
69,Wallisellen,2008,118436
69,Wallisellen,2009,123361
69,Wallisellen,2010,122548
69,Wallisellen,2011,106000
69,Wallisellen,2012,109972
69,Wallisellen,2013,105772
69,Wallisellen,2014,90410.978
69,Wallisellen,2015,93368
69,Wallisellen,2016,104818.87
69,Wallisellen,2017,103825.53
69,Wallisellen,2018,96934.371
69,Wallisellen,2019,98432.16
69,Wallisellen,2020,95684.614
69,Wallisellen,2021,107313.624
69,Wallisellen,2022,93051.24828676
69,Wallisellen,2023,78541.8
69,Wallisellen,2024,84011.256
70,Wasterkingen,2004,0
70,Wasterkingen,2005,0
70,Wasterkingen,2006,0
70,Wasterkingen,2007,0
70,Wasterkingen,2008,0
70,Wasterkingen,2009,0
70,Wasterkingen,2010,0
70,Wasterkingen,2011,0
70,Wasterkingen,2012,0
70,Wasterkingen,2013,0
70,Wasterkingen,2014,0
70,Wasterkingen,2015,0
70,Wasterkingen,2016,0
70,Wasterkingen,2017,0
70,Wasterkingen,2018,0
70,Wasterkingen,2019,0
70,Wasterkingen,2020,0
70,Wasterkingen,2021,0
70,Wasterkingen,2022,0
70,Wasterkingen,2023,0
70,Wasterkingen,2024,0
71,Wil,2004,0
71,Wil,2005,0
71,Wil,2006,0
71,Wil,2007,0
71,Wil,2008,0
71,Wil,2009,0
71,Wil,2010,0
71,Wil,2011,0
71,Wil,2012,0
71,Wil,2013,0
71,Wil,2014,0
71,Wil,2015,0
71,Wil,2016,0
71,Wil,2017,0
71,Wil,2018,0
71,Wil,2019,0
71,Wil,2020,0
71,Wil,2021,0
71,Wil,2022,0
71,Wil,2023,0
71,Wil,2024,0
72,Winkel,2004,0
72,Winkel,2005,0
72,Winkel,2006,1163.594
72,Winkel,2007,1342.043
72,Winkel,2008,1845.868
72,Winkel,2009,1824.608
72,Winkel,2010,2743.969
72,Winkel,2011,2630.948
72,Winkel,2012,2762
72,Winkel,2013,3170.585
72,Winkel,2014,2905.238
72,Winkel,2015,2564.204
72,Winkel,2016,2857.924
72,Winkel,2017,3167.775
72,Winkel,2018,2654.906
72,Winkel,2019,3654.898
72,Winkel,2020,3540.819
72,Winkel,2021,4068.54
72,Winkel,2022,3420.847
72,Winkel,2023,2765.502
72,Winkel,2024,2765.502
81,Bachs,2004,0
81,Bachs,2005,0
81,Bachs,2006,0
81,Bachs,2007,0
81,Bachs,2008,0
81,Bachs,2009,0
81,Bachs,2010,0
81,Bachs,2011,0
81,Bachs,2012,0
81,Bachs,2013,0
81,Bachs,2014,0
81,Bachs,2015,0
81,Bachs,2016,0
81,Bachs,2017,0
81,Bachs,2018,0
81,Bachs,2019,0
81,Bachs,2020,0
81,Bachs,2021,0
81,Bachs,2022,0
81,Bachs,2023,0
81,Bachs,2024,0
82,Boppelsen,2004,0
82,Boppelsen,2005,0
82,Boppelsen,2006,0
82,Boppelsen,2007,0
82,Boppelsen,2008,0
82,Boppelsen,2009,0
82,Boppelsen,2010,0
82,Boppelsen,2011,0
82,Boppelsen,2012,0
82,Boppelsen,2013,0
82,Boppelsen,2014,0
82,Boppelsen,2015,0
82,Boppelsen,2016,0
82,Boppelsen,2017,0
82,Boppelsen,2018,0
82,Boppelsen,2019,0
82,Boppelsen,2020,0
82,Boppelsen,2021,0
82,Boppelsen,2022,0
82,Boppelsen,2023,0
82,Boppelsen,2024,0
83,Buchs,2004,6853.761
83,Buchs,2005,8935.09
83,Buchs,2006,16059.243
83,Buchs,2007,11182.122
83,Buchs,2008,13117.001
83,Buchs,2009,12438.074
83,Buchs,2010,14369.003
83,Buchs,2011,13842.45
83,Buchs,2012,14498
83,Buchs,2013,17232.107
83,Buchs,2014,15411.148
83,Buchs,2015,15301.983
83,Buchs,2016,11365.956
83,Buchs,2017,19311.537
83,Buchs,2018,18958.627
83,Buchs,2019,19740.415
83,Buchs,2020,20741.9
83,Buchs,2021,25348.466
83,Buchs,2022,25100.771
83,Buchs,2023,20985.327
83,Buchs,2024,18035.359
84,Dällikon,2004,10185.271
84,Dällikon,2005,9558.434
84,Dällikon,2006,9430.732
84,Dällikon,2007,7819.956
84,Dällikon,2008,8744.592
84,Dällikon,2009,8355.601
84,Dällikon,2010,8925.466
84,Dällikon,2011,9388.264
84,Dällikon,2012,10820
84,Dällikon,2013,11728.644
84,Dällikon,2014,11696.083
84,Dällikon,2015,11697.162
84,Dällikon,2016,12398.428
84,Dällikon,2017,13044.33
84,Dällikon,2018,13583.314
84,Dällikon,2019,13451.667
84,Dällikon,2020,11695.729
84,Dällikon,2021,14211.729
84,Dällikon,2022,12835.904
84,Dällikon,2023,10687.895
84,Dällikon,2024,11113.015
85,Dänikon,2004,0
85,Dänikon,2005,0
85,Dänikon,2006,0
85,Dänikon,2007,0
85,Dänikon,2008,0
85,Dänikon,2009,0
85,Dänikon,2010,0
85,Dänikon,2011,0
85,Dänikon,2012,0
85,Dänikon,2013,0
85,Dänikon,2014,0
85,Dänikon,2015,0
85,Dänikon,2016,0
85,Dänikon,2017,0
85,Dänikon,2018,0
85,Dänikon,2019,0
85,Dänikon,2020,0
85,Dänikon,2021,0
85,Dänikon,2022,0
85,Dänikon,2023,0
85,Dänikon,2024,0
86,Dielsdorf,2004,0
86,Dielsdorf,2005,0
86,Dielsdorf,2006,0
86,Dielsdorf,2007,0
86,Dielsdorf,2008,5790.75
86,Dielsdorf,2009,3896.819
86,Dielsdorf,2010,8426.125
86,Dielsdorf,2011,10466.925
86,Dielsdorf,2012,11874
86,Dielsdorf,2013,13679.333
86,Dielsdorf,2014,12700.05
86,Dielsdorf,2015,12167.318
86,Dielsdorf,2016,13150.564
86,Dielsdorf,2017,14829.702
86,Dielsdorf,2018,13680.017
86,Dielsdorf,2019,13335.723
86,Dielsdorf,2020,13299.333
86,Dielsdorf,2021,14531.027
86,Dielsdorf,2022,14079.469
86,Dielsdorf,2023,10497.053
86,Dielsdorf,2024,12234.492
87,Hüttikon,2004,0
87,Hüttikon,2005,0
87,Hüttikon,2006,0
87,Hüttikon,2007,0
87,Hüttikon,2008,0
87,Hüttikon,2009,0
87,Hüttikon,2010,0
87,Hüttikon,2011,0
87,Hüttikon,2012,0
87,Hüttikon,2013,0
87,Hüttikon,2014,0
87,Hüttikon,2015,0
87,Hüttikon,2016,0
87,Hüttikon,2017,0
87,Hüttikon,2018,0
87,Hüttikon,2019,0
87,Hüttikon,2020,0
87,Hüttikon,2021,0
87,Hüttikon,2022,0
87,Hüttikon,2023,0
87,Hüttikon,2024,0
88,Neerach,2004,0
88,Neerach,2005,0
88,Neerach,2006,0
88,Neerach,2007,0
88,Neerach,2008,0
88,Neerach,2009,0
88,Neerach,2010,0
88,Neerach,2011,0
88,Neerach,2012,0
88,Neerach,2013,0
88,Neerach,2014,0
88,Neerach,2015,0
88,Neerach,2016,0
88,Neerach,2017,0
88,Neerach,2018,0
88,Neerach,2019,0
88,Neerach,2020,0
88,Neerach,2021,0
88,Neerach,2022,0
88,Neerach,2023,0
88,Neerach,2024,0
89,Niederglatt,2004,0
89,Niederglatt,2005,0
89,Niederglatt,2006,0
89,Niederglatt,2007,0
89,Niederglatt,2008,0
89,Niederglatt,2009,0
89,Niederglatt,2010,0
89,Niederglatt,2011,0
89,Niederglatt,2012,0
89,Niederglatt,2013,0
89,Niederglatt,2014,0
89,Niederglatt,2015,0
89,Niederglatt,2016,0
89,Niederglatt,2017,0
89,Niederglatt,2018,0
89,Niederglatt,2019,0
89,Niederglatt,2020,0
89,Niederglatt,2021,0
89,Niederglatt,2022,0
89,Niederglatt,2023,0
89,Niederglatt,2024,0
90,Niederhasli,2004,0
90,Niederhasli,2005,0
90,Niederhasli,2006,0
90,Niederhasli,2007,0
90,Niederhasli,2008,0
90,Niederhasli,2009,0
90,Niederhasli,2010,0
90,Niederhasli,2011,0
90,Niederhasli,2012,0
90,Niederhasli,2013,94.866
90,Niederhasli,2014,5455.008
90,Niederhasli,2015,5870.065
90,Niederhasli,2016,6725.325
90,Niederhasli,2017,7682.732
90,Niederhasli,2018,9359.823
90,Niederhasli,2019,10672.674
90,Niederhasli,2020,10671.889
90,Niederhasli,2021,12197.099
90,Niederhasli,2022,10990.465
90,Niederhasli,2023,10015.083
90,Niederhasli,2024,9848.167
91,Niederweningen,2004,0
91,Niederweningen,2005,0
91,Niederweningen,2006,0
91,Niederweningen,2007,0
91,Niederweningen,2008,0
91,Niederweningen,2009,0
91,Niederweningen,2010,0
91,Niederweningen,2011,0
91,Niederweningen,2012,0
91,Niederweningen,2013,0
91,Niederweningen,2014,0
91,Niederweningen,2015,0
91,Niederweningen,2016,0
91,Niederweningen,2017,0
91,Niederweningen,2018,0
91,Niederweningen,2019,0
91,Niederweningen,2020,0
91,Niederweningen,2021,0
91,Niederweningen,2022,0
91,Niederweningen,2023,0
91,Niederweningen,2024,0
92,Oberglatt,2004,0
92,Oberglatt,2005,0
92,Oberglatt,2006,0
92,Oberglatt,2007,0
92,Oberglatt,2008,0
92,Oberglatt,2009,0
92,Oberglatt,2010,0
92,Oberglatt,2011,0
92,Oberglatt,2012,0
92,Oberglatt,2013,0
92,Oberglatt,2014,0
92,Oberglatt,2015,0
92,Oberglatt,2016,0
92,Oberglatt,2017,0
92,Oberglatt,2018,0
92,Oberglatt,2019,0
92,Oberglatt,2020,0
92,Oberglatt,2021,0
92,Oberglatt,2022,0
92,Oberglatt,2023,0
92,Oberglatt,2024,0
93,Oberweningen,2004,0
93,Oberweningen,2005,0
93,Oberweningen,2006,0
93,Oberweningen,2007,0
93,Oberweningen,2008,0
93,Oberweningen,2009,0
93,Oberweningen,2010,0
93,Oberweningen,2011,0
93,Oberweningen,2012,0
93,Oberweningen,2013,0
93,Oberweningen,2014,0
93,Oberweningen,2015,0
93,Oberweningen,2016,0
93,Oberweningen,2017,0
93,Oberweningen,2018,0
93,Oberweningen,2019,0
93,Oberweningen,2020,0
93,Oberweningen,2021,0
93,Oberweningen,2022,0
93,Oberweningen,2023,0
93,Oberweningen,2024,0
94,Otelfingen,2004,0
94,Otelfingen,2005,0
94,Otelfingen,2006,0
94,Otelfingen,2007,0
94,Otelfingen,2008,0
94,Otelfingen,2009,0
94,Otelfingen,2010,0
94,Otelfingen,2011,0
94,Otelfingen,2012,0
94,Otelfingen,2013,0
94,Otelfingen,2014,0
94,Otelfingen,2015,0
94,Otelfingen,2016,0
94,Otelfingen,2017,0
94,Otelfingen,2018,0
94,Otelfingen,2019,0
94,Otelfingen,2020,0
94,Otelfingen,2021,0
94,Otelfingen,2022,0
94,Otelfingen,2023,0
94,Otelfingen,2024,0
95,Regensberg,2004,0
95,Regensberg,2005,0
95,Regensberg,2006,0
95,Regensberg,2007,0
95,Regensberg,2008,0
95,Regensberg,2009,0
95,Regensberg,2010,0
95,Regensberg,2011,0
95,Regensberg,2012,0
95,Regensberg,2013,0
95,Regensberg,2014,0
95,Regensberg,2015,0
95,Regensberg,2016,0
95,Regensberg,2017,0
95,Regensberg,2018,0
95,Regensberg,2019,0
95,Regensberg,2020,0
95,Regensberg,2021,0
95,Regensberg,2022,0
95,Regensberg,2023,0
95,Regensberg,2024,0
96,Regensdorf,2004,72696.217
96,Regensdorf,2005,71106.235
96,Regensdorf,2006,76816.09
96,Regensdorf,2007,61042.488
96,Regensdorf,2008,71310.848
96,Regensdorf,2009,70175.551
96,Regensdorf,2010,71278.72
96,Regensdorf,2011,65982.117
96,Regensdorf,2012,67953
96,Regensdorf,2013,72259.934
96,Regensdorf,2014,64721.553
96,Regensdorf,2015,66416.299
96,Regensdorf,2016,68883.356
96,Regensdorf,2017,70531.992
96,Regensdorf,2018,70531.992
96,Regensdorf,2019,70034.482
96,Regensdorf,2020,77725.615
96,Regensdorf,2021,89586.42
96,Regensdorf,2022,87087.984
96,Regensdorf,2023,76012.565
96,Regensdorf,2024,77998.166
97,Rümlang,2004,21826.722
97,Rümlang,2005,22227.333
97,Rümlang,2006,22353.354
97,Rümlang,2007,19563.315
97,Rümlang,2008,24717.516
97,Rümlang,2009,26354.554
97,Rümlang,2010,28379.308
97,Rümlang,2011,27569.541
97,Rümlang,2012,29156
97,Rümlang,2013,34399.48
97,Rümlang,2014,29609.18
97,Rümlang,2015,31761.241
97,Rümlang,2016,32782.273
97,Rümlang,2017,33529.74216
97,Rümlang,2018,33909.844
97,Rümlang,2019,34825.905
97,Rümlang,2020,32547.054
97,Rümlang,2021,38669.648
97,Rümlang,2022,35450.476
97,Rümlang,2023,28824.105
97,Rümlang,2024,26116.591
98,Schleinikon,2004,0
98,Schleinikon,2005,0
98,Schleinikon,2006,0
98,Schleinikon,2007,0
98,Schleinikon,2008,0
98,Schleinikon,2009,0
98,Schleinikon,2010,0
98,Schleinikon,2011,0
98,Schleinikon,2012,0
98,Schleinikon,2013,0
98,Schleinikon,2014,0
98,Schleinikon,2015,0
98,Schleinikon,2016,0
98,Schleinikon,2017,0
98,Schleinikon,2018,0
98,Schleinikon,2019,0
98,Schleinikon,2020,0
98,Schleinikon,2021,0
98,Schleinikon,2022,0
98,Schleinikon,2023,0
98,Schleinikon,2024,0
99,Schöfflisdorf,2004,0
99,Schöfflisdorf,2005,0
99,Schöfflisdorf,2006,0
99,Schöfflisdorf,2007,0
99,Schöfflisdorf,2008,0
99,Schöfflisdorf,2009,0
99,Schöfflisdorf,2010,0
99,Schöfflisdorf,2011,0
99,Schöfflisdorf,2012,0
99,Schöfflisdorf,2013,0
99,Schöfflisdorf,2014,0
99,Schöfflisdorf,2015,0
99,Schöfflisdorf,2016,0
99,Schöfflisdorf,2017,0
99,Schöfflisdorf,2018,0
99,Schöfflisdorf,2019,0
99,Schöfflisdorf,2020,0
99,Schöfflisdorf,2021,0
99,Schöfflisdorf,2022,0
99,Schöfflisdorf,2023,0
99,Schöfflisdorf,2024,0
100,Stadel,2004,0
100,Stadel,2005,0
100,Stadel,2006,0
100,Stadel,2007,0
100,Stadel,2008,0
100,Stadel,2009,0
100,Stadel,2010,0
100,Stadel,2011,0
100,Stadel,2012,0
100,Stadel,2013,0
100,Stadel,2014,0
100,Stadel,2015,0
100,Stadel,2016,0
100,Stadel,2017,0
100,Stadel,2018,0
100,Stadel,2019,0
100,Stadel,2020,0
100,Stadel,2021,0
100,Stadel,2022,0
100,Stadel,2023,0
100,Stadel,2024,0
101,Steinmaur,2004,0
101,Steinmaur,2005,0
101,Steinmaur,2006,0
101,Steinmaur,2007,0
101,Steinmaur,2008,0
101,Steinmaur,2009,0
101,Steinmaur,2010,0
101,Steinmaur,2011,0
101,Steinmaur,2012,2238
101,Steinmaur,2013,2405.057
101,Steinmaur,2014,2042.8
101,Steinmaur,2015,5086.35
101,Steinmaur,2016,2098.363
101,Steinmaur,2017,4258.082
101,Steinmaur,2018,5671.327
101,Steinmaur,2019,6159.345
101,Steinmaur,2020,5721.152
101,Steinmaur,2021,6054.173
101,Steinmaur,2022,5981.571
101,Steinmaur,2023,4525.347
101,Steinmaur,2024,4776.356
102,Weiach,2004,0
102,Weiach,2005,0
102,Weiach,2006,0
102,Weiach,2007,0
102,Weiach,2008,0
102,Weiach,2009,0
102,Weiach,2010,0
102,Weiach,2011,0
102,Weiach,2012,0
102,Weiach,2013,0
102,Weiach,2014,0
102,Weiach,2015,0
102,Weiach,2016,0
102,Weiach,2017,0
102,Weiach,2018,0
102,Weiach,2019,0
102,Weiach,2020,0
102,Weiach,2021,0
102,Weiach,2022,0
102,Weiach,2023,0
102,Weiach,2024,0
111,Bäretswil,2004,0
111,Bäretswil,2005,0
111,Bäretswil,2006,0
111,Bäretswil,2007,0
111,Bäretswil,2008,0
111,Bäretswil,2009,0
111,Bäretswil,2010,0
111,Bäretswil,2011,0
111,Bäretswil,2012,0
111,Bäretswil,2013,0
111,Bäretswil,2014,0
111,Bäretswil,2015,0
111,Bäretswil,2016,0
111,Bäretswil,2017,0
111,Bäretswil,2018,0
111,Bäretswil,2019,0
111,Bäretswil,2020,0
111,Bäretswil,2021,0
111,Bäretswil,2022,0
111,Bäretswil,2023,0
111,Bäretswil,2024,0
112,Bubikon,2004,0
112,Bubikon,2005,0
112,Bubikon,2006,0
112,Bubikon,2007,0
112,Bubikon,2008,17171
112,Bubikon,2009,15913
112,Bubikon,2010,18108
112,Bubikon,2011,18056
112,Bubikon,2012,21993
112,Bubikon,2013,22990
112,Bubikon,2014,18020.893093226972
112,Bubikon,2015,19000
112,Bubikon,2016,20000
112,Bubikon,2017,21000
112,Bubikon,2018,20000
112,Bubikon,2019,20000
112,Bubikon,2020,19000
112,Bubikon,2021,22000
112,Bubikon,2022,19427
112,Bubikon,2023,18769
112,Bubikon,2024,19150
113,Dürnten,2004,0
113,Dürnten,2005,0
113,Dürnten,2006,0
113,Dürnten,2007,0
113,Dürnten,2008,19522
113,Dürnten,2009,20091
113,Dürnten,2010,20116
113,Dürnten,2011,20212
113,Dürnten,2012,23985
113,Dürnten,2013,26921
113,Dürnten,2014,20305.19903372385
113,Dürnten,2015,20000
113,Dürnten,2016,21000
113,Dürnten,2017,23000
113,Dürnten,2018,22000
113,Dürnten,2019,22000
113,Dürnten,2020,21000
113,Dürnten,2021,25000
113,Dürnten,2022,21051
113,Dürnten,2023,19225
113,Dürnten,2024,20561
114,Fischenthal,2004,0
114,Fischenthal,2005,0
114,Fischenthal,2006,0
114,Fischenthal,2007,0
114,Fischenthal,2008,0
114,Fischenthal,2009,0
114,Fischenthal,2010,0
114,Fischenthal,2011,0
114,Fischenthal,2012,0
114,Fischenthal,2013,0
114,Fischenthal,2014,0
114,Fischenthal,2015,0
114,Fischenthal,2016,0
114,Fischenthal,2017,0
114,Fischenthal,2018,0
114,Fischenthal,2019,0
114,Fischenthal,2020,0
114,Fischenthal,2021,0
114,Fischenthal,2022,0
114,Fischenthal,2023,0
114,Fischenthal,2024,0
115,Gossau,2004,0
115,Gossau,2005,0
115,Gossau,2006,0
115,Gossau,2007,0
115,Gossau,2008,0
115,Gossau,2009,0
115,Gossau,2010,0
115,Gossau,2011,0
115,Gossau,2012,0
115,Gossau,2013,0
115,Gossau,2014,0
115,Gossau,2015,0
115,Gossau,2016,570.066
115,Gossau,2017,3696.097
115,Gossau,2018,6842.573
115,Gossau,2019,8614.558
115,Gossau,2020,10952.998
115,Gossau,2021,11419.604
115,Gossau,2022,12152.892
115,Gossau,2023,9972.29
115,Gossau,2024,11242.493
116,Grüningen,2004,0
116,Grüningen,2005,0
116,Grüningen,2006,0
116,Grüningen,2007,0
116,Grüningen,2008,0
116,Grüningen,2009,0
116,Grüningen,2010,0
116,Grüningen,2011,0
116,Grüningen,2012,0
116,Grüningen,2013,0
116,Grüningen,2014,0
116,Grüningen,2015,0
116,Grüningen,2016,0
116,Grüningen,2017,0
116,Grüningen,2018,0
116,Grüningen,2019,0
116,Grüningen,2020,0
116,Grüningen,2021,0
116,Grüningen,2022,0
116,Grüningen,2023,0
116,Grüningen,2024,0
117,Hinwil,2004,0
117,Hinwil,2005,0
117,Hinwil,2006,0
117,Hinwil,2007,0
117,Hinwil,2008,28624
117,Hinwil,2009,40342
117,Hinwil,2010,40003
117,Hinwil,2011,35091
117,Hinwil,2012,38719
117,Hinwil,2013,40895
117,Hinwil,2014,32924.5210245851
117,Hinwil,2015,31000
117,Hinwil,2016,30000
117,Hinwil,2017,30000
117,Hinwil,2018,29000
117,Hinwil,2019,32000
117,Hinwil,2020,31000
117,Hinwil,2021,39000
117,Hinwil,2022,33409
117,Hinwil,2023,27447
117,Hinwil,2024,31157
118,Rüti,2004,0
118,Rüti,2005,0
118,Rüti,2006,0
118,Rüti,2007,0
118,Rüti,2008,53100
118,Rüti,2009,53560
118,Rüti,2010,55986
118,Rüti,2011,51465
118,Rüti,2012,63865
118,Rüti,2013,67570
118,Rüti,2014,52221.95184846409
118,Rüti,2015,55000
118,Rüti,2016,61000
118,Rüti,2017,61000
118,Rüti,2018,58000
118,Rüti,2019,64000
118,Rüti,2020,63000
118,Rüti,2021,73000
118,Rüti,2022,59242
118,Rüti,2023,54699
118,Rüti,2024,58794
119,Seegräben,2004,0
119,Seegräben,2005,4256.023142
119,Seegräben,2006,4470.774889
119,Seegräben,2007,3787.808899
119,Seegräben,2008,4574.242316
119,Seegräben,2009,4984.655151000001
119,Seegräben,2010,5111.158017
119,Seegräben,2011,4948.8054056
119,Seegräben,2012,4241
119,Seegräben,2013,4564
119,Seegräben,2014,3987.976486860309
119,Seegräben,2015,4103.24560363565
119,Seegräben,2016,4242.73443983403
119,Seegräben,2017,4281.447342422452
119,Seegräben,2018,4072.036949219527
119,Seegräben,2019,3649.026
119,Seegräben,2020,2417.8397
119,Seegräben,2021,2067
119,Seegräben,2022,3092
119,Seegräben,2023,3025
119,Seegräben,2024,2702
120,Wald,2004,0
120,Wald,2005,0
120,Wald,2006,0
120,Wald,2007,0
120,Wald,2008,0
120,Wald,2009,0
120,Wald,2010,0
120,Wald,2011,0
120,Wald,2012,0
120,Wald,2013,0
120,Wald,2014,0
120,Wald,2015,0
120,Wald,2016,0
120,Wald,2017,0
120,Wald,2018,0
120,Wald,2019,0
120,Wald,2020,0
120,Wald,2021,0
120,Wald,2022,0
120,Wald,2023,0
120,Wald,2024,0
121,Wetzikon,2004,0
121,Wetzikon,2005,116565.414987
121,Wetzikon,2006,127171.028684
121,Wetzikon,2007,104659.830184
121,Wetzikon,2008,122549.345198
121,Wetzikon,2009,125936.68626
121,Wetzikon,2010,129003.109088
121,Wetzikon,2011,123935.935368
121,Wetzikon,2012,128703
121,Wetzikon,2013,137144
121,Wetzikon,2014,119835.02351313969
121,Wetzikon,2015,123298.75439636435
121,Wetzikon,2016,127490.26556016598
121,Wetzikon,2017,128653.55265757756
121,Wetzikon,2018,122360.96305078047
121,Wetzikon,2019,131349.80012819998
121,Wetzikon,2020,128997.79138
121,Wetzikon,2021,150828
121,Wetzikon,2022,118215
121,Wetzikon,2023,126602
121,Wetzikon,2024,111812
131,Adliswil,2004,82176.268
131,Adliswil,2005,78219.217
131,Adliswil,2006,82274.554
131,Adliswil,2007,67413.873
131,Adliswil,2008,77500.985
131,Adliswil,2009,81533.934
131,Adliswil,2010,72747.795
131,Adliswil,2011,84435.676
131,Adliswil,2012,80157
131,Adliswil,2013,88323.952
131,Adliswil,2014,80378.289
131,Adliswil,2015,79991.093
131,Adliswil,2016,83407.426
131,Adliswil,2017,86729.96
131,Adliswil,2018,83677.325
131,Adliswil,2019,84653.453
131,Adliswil,2020,83008.399
131,Adliswil,2021,93759.79
131,Adliswil,2022,94121.652
131,Adliswil,2023,76481.119
131,Adliswil,2024,74981.916
135,Kilchberg,2004,51674.562
135,Kilchberg,2005,59197.139
135,Kilchberg,2006,60069.185
135,Kilchberg,2007,51444.296
135,Kilchberg,2008,58166.972
135,Kilchberg,2009,57515.313
135,Kilchberg,2010,59795.524
135,Kilchberg,2011,54546.498
135,Kilchberg,2012,56108
135,Kilchberg,2013,60052.705
135,Kilchberg,2014,55110.489
135,Kilchberg,2015,56518.542
135,Kilchberg,2016,56895.891
135,Kilchberg,2017,58735.243
135,Kilchberg,2018,56299.088
135,Kilchberg,2019,58772.009
135,Kilchberg,2020,57130.181
135,Kilchberg,2021,61746.713
135,Kilchberg,2022,52441
135,Kilchberg,2023,45710
135,Kilchberg,2024,0
136,Langnau a.A.,2004,0
136,Langnau a.A.,2005,0
136,Langnau a.A.,2006,26529
136,Langnau a.A.,2007,22847
136,Langnau a.A.,2008,25366
136,Langnau a.A.,2009,25366
136,Langnau a.A.,2010,26863
136,Langnau a.A.,2011,24517
136,Langnau a.A.,2012,28297
136,Langnau a.A.,2013,29274
136,Langnau a.A.,2014,26681
136,Langnau a.A.,2015,28203
136,Langnau a.A.,2016,28202
136,Langnau a.A.,2017,31318
136,Langnau a.A.,2018,28419
136,Langnau a.A.,2019,29914
136,Langnau a.A.,2020,30100
136,Langnau a.A.,2021,31590
136,Langnau a.A.,2022,27501
136,Langnau a.A.,2023,25828.42
136,Langnau a.A.,2024,26379.647
137,Oberrieden,2004,0
137,Oberrieden,2005,0
137,Oberrieden,2006,26798
137,Oberrieden,2007,23385
137,Oberrieden,2008,26529
137,Oberrieden,2009,24339
137,Oberrieden,2010,27489
137,Oberrieden,2011,22337
137,Oberrieden,2012,25367
137,Oberrieden,2013,27597
137,Oberrieden,2014,26737
137,Oberrieden,2015,25518
137,Oberrieden,2016,24728
137,Oberrieden,2017,24096
137,Oberrieden,2018,24607
137,Oberrieden,2019,25890
137,Oberrieden,2020,24706
137,Oberrieden,2021,26624
137,Oberrieden,2022,22416
137,Oberrieden,2023,21442
137,Oberrieden,2024,20917.3
138,Richterswil,2004,54763.075
138,Richterswil,2005,57691.303
138,Richterswil,2006,64299.358
138,Richterswil,2007,53338.279
138,Richterswil,2008,63795.7
138,Richterswil,2009,62580.97
138,Richterswil,2010,65856.866
138,Richterswil,2011,63953.691
138,Richterswil,2012,65956
138,Richterswil,2013,73980.134
138,Richterswil,2014,66622.003
138,Richterswil,2015,66082.642
138,Richterswil,2016,70107.06
138,Richterswil,2017,75456.21
138,Richterswil,2018,72842.284
138,Richterswil,2019,76841.495
138,Richterswil,2020,72785.002
138,Richterswil,2021,83560.847
138,Richterswil,2022,72355
138,Richterswil,2023,64800
138,Richterswil,2024,0
139,Rüschlikon,2004,0
139,Rüschlikon,2005,0
139,Rüschlikon,2006,27971
139,Rüschlikon,2007,23094
139,Rüschlikon,2008,27112
139,Rüschlikon,2009,27533
139,Rüschlikon,2010,30053
139,Rüschlikon,2011,27927
139,Rüschlikon,2012,29853
139,Rüschlikon,2013,32887
139,Rüschlikon,2014,28532
139,Rüschlikon,2015,29036
139,Rüschlikon,2016,28830
139,Rüschlikon,2017,28437
139,Rüschlikon,2018,28996
139,Rüschlikon,2019,30411
139,Rüschlikon,2020,29385
139,Rüschlikon,2021,31730
139,Rüschlikon,2022,27198
139,Rüschlikon,2023,25334.958
139,Rüschlikon,2024,24797.691
141,Thalwil,2004,0
141,Thalwil,2005,0
141,Thalwil,2006,106041
141,Thalwil,2007,83732
141,Thalwil,2008,97632
141,Thalwil,2009,92602
141,Thalwil,2010,98976
141,Thalwil,2011,82254
141,Thalwil,2012,86367
141,Thalwil,2013,99422
141,Thalwil,2014,86564
141,Thalwil,2015,88126
141,Thalwil,2016,85234
141,Thalwil,2017,84544
141,Thalwil,2018,87200
141,Thalwil,2019,88625
141,Thalwil,2020,83927
141,Thalwil,2021,93930
141,Thalwil,2022,76995
141,Thalwil,2023,75880
141,Thalwil,2024,71927
151,Erlenbach,2004,27740.133
151,Erlenbach,2005,27676.883
151,Erlenbach,2006,29649.919
151,Erlenbach,2007,23920.74
151,Erlenbach,2008,28312.629
151,Erlenbach,2009,27642.737
151,Erlenbach,2010,15258.059
151,Erlenbach,2011,30566.529
151,Erlenbach,2012,28767
151,Erlenbach,2013,31525.057
151,Erlenbach,2014,29569.954
151,Erlenbach,2015,28612.325
151,Erlenbach,2016,28324.526
151,Erlenbach,2017,29694.664
151,Erlenbach,2018,31202.016
151,Erlenbach,2019,30133.195
151,Erlenbach,2020,29940.047
151,Erlenbach,2021,32133.01
151,Erlenbach,2022,41696.483
151,Erlenbach,2023,25725.292
151,Erlenbach,2024,24932.03
152,Herrliberg,2004,26459.918
152,Herrliberg,2005,26228.749
152,Herrliberg,2006,27629.733
152,Herrliberg,2007,22264.696
152,Herrliberg,2008,26401.015
152,Herrliberg,2009,27616.839
152,Herrliberg,2010,26602.301
152,Herrliberg,2011,26541.199
152,Herrliberg,2012,27212
152,Herrliberg,2013,29592.96
152,Herrliberg,2014,25934.246
152,Herrliberg,2015,24527.939
152,Herrliberg,2016,25717.739
152,Herrliberg,2017,26803.804
152,Herrliberg,2018,27077.599
152,Herrliberg,2019,27542.083
152,Herrliberg,2020,26186.422
152,Herrliberg,2021,29215.12
152,Herrliberg,2022,27393.02
152,Herrliberg,2023,23965.85
152,Herrliberg,2024,23424.514
153,Hombrechtikon,2004,950.4
153,Hombrechtikon,2005,982.161
153,Hombrechtikon,2006,1030.822
153,Hombrechtikon,2007,761.754
153,Hombrechtikon,2008,959.758
153,Hombrechtikon,2009,962.788
153,Hombrechtikon,2010,935.893
153,Hombrechtikon,2011,946.964
153,Hombrechtikon,2012,1007
153,Hombrechtikon,2013,1090.684
153,Hombrechtikon,2014,995.087
153,Hombrechtikon,2015,1014.02
153,Hombrechtikon,2016,976.559
153,Hombrechtikon,2017,1008.478
153,Hombrechtikon,2018,926.27
153,Hombrechtikon,2019,1108.033
153,Hombrechtikon,2020,1214.063
153,Hombrechtikon,2021,1381.469
153,Hombrechtikon,2022,1364.237
153,Hombrechtikon,2023,1145.603
153,Hombrechtikon,2024,1082.035
154,Küsnacht,2004,84155.798
154,Küsnacht,2005,85516.749
154,Küsnacht,2006,88115.749
154,Küsnacht,2007,72559.817
154,Küsnacht,2008,80890.28
154,Küsnacht,2009,80576.545
154,Küsnacht,2010,84570.976
154,Küsnacht,2011,78861.835
154,Küsnacht,2012,81941
154,Küsnacht,2013,89929.477
154,Küsnacht,2014,91773.948
154,Küsnacht,2015,80490.34692
154,Küsnacht,2016,84217.64183999998
154,Küsnacht,2017,89919.91062000001
154,Küsnacht,2018,83219.90058
154,Küsnacht,2019,87548.19984
154,Küsnacht,2020,83359.3194
154,Küsnacht,2021,96034.89654
154,Küsnacht,2022,86344.92000000001
154,Küsnacht,2023,83659.18734
154,Küsnacht,2024,0
155,Männedorf,2004,50516.017
155,Männedorf,2005,49824.139
155,Männedorf,2006,53006.66
155,Männedorf,2007,42941.064
155,Männedorf,2008,49554.018
155,Männedorf,2009,48597.876
155,Männedorf,2010,46727.76
155,Männedorf,2011,48171.293
155,Männedorf,2012,48850
155,Männedorf,2013,50761.297
155,Männedorf,2014,46244.706
155,Männedorf,2015,46387.116
155,Männedorf,2016,47615.319
155,Männedorf,2017,50904.678
155,Männedorf,2018,49448.423
155,Männedorf,2019,49975.225
155,Männedorf,2020,44835.44
155,Männedorf,2021,54306.104
155,Männedorf,2022,50816.64
155,Männedorf,2023,39339.682
155,Männedorf,2024,41482.203
156,Meilen,2004,79208.68
156,Meilen,2005,77389.292
156,Meilen,2006,82973.1
156,Meilen,2007,69081.312
156,Meilen,2008,76507.821
156,Meilen,2009,76972.056
156,Meilen,2010,68050.154
156,Meilen,2011,75610.215
156,Meilen,2012,73383
156,Meilen,2013,74970.607
156,Meilen,2014,68445.448
156,Meilen,2015,65839.695488
156,Meilen,2016,67015.03393199999
156,Meilen,2017,67649.475
156,Meilen,2018,68354.465
156,Meilen,2019,69374.577
156,Meilen,2020,70154.846
156,Meilen,2021,79197.047
156,Meilen,2022,79115.786
156,Meilen,2023,65937.44
156,Meilen,2024,61687.596
157,Oetwil a.S.,2004,0
157,Oetwil a.S.,2005,0
157,Oetwil a.S.,2006,0
157,Oetwil a.S.,2007,0
157,Oetwil a.S.,2008,0
157,Oetwil a.S.,2009,0
157,Oetwil a.S.,2010,0
157,Oetwil a.S.,2011,0
157,Oetwil a.S.,2012,0
157,Oetwil a.S.,2013,0
157,Oetwil a.S.,2014,0
157,Oetwil a.S.,2015,0
157,Oetwil a.S.,2016,0
157,Oetwil a.S.,2017,0
157,Oetwil a.S.,2018,0
157,Oetwil a.S.,2019,0
157,Oetwil a.S.,2020,0
157,Oetwil a.S.,2021,0
157,Oetwil a.S.,2022,0
157,Oetwil a.S.,2023,0
157,Oetwil a.S.,2024,0
158,Stäfa,2004,56721.435
158,Stäfa,2005,55834.109
158,Stäfa,2006,62017.154
158,Stäfa,2007,49598.449
158,Stäfa,2008,58912.101
158,Stäfa,2009,58518.716
158,Stäfa,2010,57336.173
158,Stäfa,2011,58663.861
158,Stäfa,2012,59202
158,Stäfa,2013,64397.662
158,Stäfa,2014,57833.319
158,Stäfa,2015,58282.032
158,Stäfa,2016,60115.514
158,Stäfa,2017,64266.088
158,Stäfa,2018,62766.702
158,Stäfa,2019,62639.422
158,Stäfa,2020,60322.038
158,Stäfa,2021,68760.703
158,Stäfa,2022,63709.918
158,Stäfa,2023,51682.261
158,Stäfa,2024,50580.471
159,Uetikon a.S.,2004,34648.677
159,Uetikon a.S.,2005,37000.066
159,Uetikon a.S.,2006,37274.57
159,Uetikon a.S.,2007,34410.658
159,Uetikon a.S.,2008,38985.553
159,Uetikon a.S.,2009,50655.593
159,Uetikon a.S.,2010,52255.951
159,Uetikon a.S.,2011,54445.425
159,Uetikon a.S.,2012,54084
159,Uetikon a.S.,2013,55818.999
159,Uetikon a.S.,2014,49874.923
159,Uetikon a.S.,2015,48457.693883
159,Uetikon a.S.,2016,49410.748
159,Uetikon a.S.,2017,36541.534
159,Uetikon a.S.,2018,26059.184
159,Uetikon a.S.,2019,23179.018
159,Uetikon a.S.,2020,22007.093
159,Uetikon a.S.,2021,24018.705
159,Uetikon a.S.,2022,21826.873
159,Uetikon a.S.,2023,18983.212
159,Uetikon a.S.,2024,18353.314
160,Zumikon,2004,0
160,Zumikon,2005,0
160,Zumikon,2006,0
160,Zumikon,2007,0
160,Zumikon,2008,0
160,Zumikon,2009,0
160,Zumikon,2010,0
160,Zumikon,2011,0
160,Zumikon,2012,0
160,Zumikon,2013,0
160,Zumikon,2014,0
160,Zumikon,2015,0
160,Zumikon,2016,0
160,Zumikon,2017,0
160,Zumikon,2018,0
160,Zumikon,2019,0
160,Zumikon,2020,0
160,Zumikon,2021,0
160,Zumikon,2022,0
160,Zumikon,2023,0
160,Zumikon,2024,0
161,Zollikon,2004,68214.312
161,Zollikon,2005,67762.258
161,Zollikon,2006,72113.376
161,Zollikon,2007,60208.6
161,Zollikon,2008,68391.189
161,Zollikon,2009,67804.752
161,Zollikon,2010,67298.571
161,Zollikon,2011,66947.349
161,Zollikon,2012,70038
161,Zollikon,2013,76177.398
161,Zollikon,2014,57365.088
161,Zollikon,2015,68565.85108
161,Zollikon,2016,71740.95415999998
161,Zollikon,2017,76598.44238000001
161,Zollikon,2018,70891.02642
161,Zollikon,2019,74578.09616
161,Zollikon,2020,71009.7906
161,Zollikon,2021,81807.50446000001
161,Zollikon,2022,73553.08
161,Zollikon,2023,71265.23366
161,Zollikon,2024,0
172,Fehraltorf,2004,0
172,Fehraltorf,2005,0
172,Fehraltorf,2006,0
172,Fehraltorf,2007,12618.148
172,Fehraltorf,2008,24455.425
172,Fehraltorf,2009,23427.041
172,Fehraltorf,2010,25353.745
172,Fehraltorf,2011,28140.572
172,Fehraltorf,2012,25432
172,Fehraltorf,2013,29352.613
172,Fehraltorf,2014,30237.649
172,Fehraltorf,2015,33434.225
172,Fehraltorf,2016,34498.626
172,Fehraltorf,2017,41416.602
172,Fehraltorf,2018,42729.688
172,Fehraltorf,2019,41673.263
172,Fehraltorf,2020,39593.047
172,Fehraltorf,2021,49422.415
172,Fehraltorf,2022,50253.469
172,Fehraltorf,2023,22575.057
172,Fehraltorf,2024,44811.297
173,Hittnau,2004,0
173,Hittnau,2005,0
173,Hittnau,2006,0
173,Hittnau,2007,0
173,Hittnau,2008,0
173,Hittnau,2009,0
173,Hittnau,2010,0
173,Hittnau,2011,0
173,Hittnau,2012,0
173,Hittnau,2013,0
173,Hittnau,2014,0
173,Hittnau,2015,0
173,Hittnau,2016,0
173,Hittnau,2017,0
173,Hittnau,2018,0
173,Hittnau,2019,0
173,Hittnau,2020,0
173,Hittnau,2021,0
173,Hittnau,2022,0
173,Hittnau,2023,0
173,Hittnau,2024,0
176,Lindau,2004,0
176,Lindau,2005,0
176,Lindau,2006,0
176,Lindau,2007,0
176,Lindau,2008,0
176,Lindau,2009,0
176,Lindau,2010,0
176,Lindau,2011,0
176,Lindau,2012,0
176,Lindau,2013,0
176,Lindau,2014,0
176,Lindau,2015,0
176,Lindau,2016,0
176,Lindau,2017,0
176,Lindau,2018,0
176,Lindau,2019,0
176,Lindau,2020,0
176,Lindau,2021,0
176,Lindau,2022,0
176,Lindau,2023,0
176,Lindau,2024,0
177,Pfäffikon,2004,0
177,Pfäffikon,2005,0
177,Pfäffikon,2006,0
177,Pfäffikon,2007,0
177,Pfäffikon,2008,1235
177,Pfäffikon,2009,9783
177,Pfäffikon,2010,12703
177,Pfäffikon,2011,11974
177,Pfäffikon,2012,16959
177,Pfäffikon,2013,21167
177,Pfäffikon,2014,16857
177,Pfäffikon,2015,19865
177,Pfäffikon,2016,23089
177,Pfäffikon,2017,28255
177,Pfäffikon,2018,26544
177,Pfäffikon,2019,28940
177,Pfäffikon,2020,27779
177,Pfäffikon,2021,32492
177,Pfäffikon,2022,24596
177,Pfäffikon,2023,24078
177,Pfäffikon,2024,0
178,Russikon,2004,0
178,Russikon,2005,0
178,Russikon,2006,0
178,Russikon,2007,0
178,Russikon,2008,0
178,Russikon,2009,0
178,Russikon,2010,0
178,Russikon,2011,0
178,Russikon,2012,0
178,Russikon,2013,0
178,Russikon,2014,0
178,Russikon,2015,0
178,Russikon,2016,0
178,Russikon,2017,0
178,Russikon,2018,0
178,Russikon,2019,0
178,Russikon,2020,0
178,Russikon,2021,0
178,Russikon,2022,0
178,Russikon,2023,0
178,Russikon,2024,0
180,Weisslingen,2004,0
180,Weisslingen,2005,0
180,Weisslingen,2006,0
180,Weisslingen,2007,0
180,Weisslingen,2008,0
180,Weisslingen,2009,0
180,Weisslingen,2010,0
180,Weisslingen,2011,0
180,Weisslingen,2012,0
180,Weisslingen,2013,0
180,Weisslingen,2014,0
180,Weisslingen,2015,0
180,Weisslingen,2016,0
180,Weisslingen,2017,0
180,Weisslingen,2018,0
180,Weisslingen,2019,0
180,Weisslingen,2020,0
180,Weisslingen,2021,0
180,Weisslingen,2022,0
180,Weisslingen,2023,0
180,Weisslingen,2024,0
181,Wila,2004,0
181,Wila,2005,0
181,Wila,2006,0
181,Wila,2007,0
181,Wila,2008,0
181,Wila,2009,0
181,Wila,2010,0
181,Wila,2011,0
181,Wila,2012,0
181,Wila,2013,0
181,Wila,2014,0
181,Wila,2015,0
181,Wila,2016,0
181,Wila,2017,0
181,Wila,2018,0
181,Wila,2019,0
181,Wila,2020,0
181,Wila,2021,0
181,Wila,2022,0
181,Wila,2023,0
181,Wila,2024,0
182,Wildberg,2004,0
182,Wildberg,2005,0
182,Wildberg,2006,0
182,Wildberg,2007,0
182,Wildberg,2008,0
182,Wildberg,2009,0
182,Wildberg,2010,0
182,Wildberg,2011,0
182,Wildberg,2012,0
182,Wildberg,2013,0
182,Wildberg,2014,0
182,Wildberg,2015,0
182,Wildberg,2016,0
182,Wildberg,2017,0
182,Wildberg,2018,0
182,Wildberg,2019,0
182,Wildberg,2020,0
182,Wildberg,2021,0
182,Wildberg,2022,0
182,Wildberg,2023,0
182,Wildberg,2024,0
191,Dübendorf,2004,173108.3
191,Dübendorf,2005,173104.846
191,Dübendorf,2006,186580.847
191,Dübendorf,2007,164220.253
191,Dübendorf,2008,192012.903
191,Dübendorf,2009,207389.791
191,Dübendorf,2010,221434.276
191,Dübendorf,2011,208077.523478
191,Dübendorf,2012,225748
191,Dübendorf,2013,238727.416
191,Dübendorf,2014,212190.078
191,Dübendorf,2015,213544.385
191,Dübendorf,2016,214041.034
191,Dübendorf,2017,230170.584
191,Dübendorf,2018,219516.512
191,Dübendorf,2019,225809.244
191,Dübendorf,2020,213997.376
191,Dübendorf,2021,208701.947
191,Dübendorf,2022,184835
191,Dübendorf,2023,113383
191,Dübendorf,2024,0
192,Egg,2004,0
192,Egg,2005,0
192,Egg,2006,0
192,Egg,2007,0
192,Egg,2008,0
192,Egg,2009,0
192,Egg,2010,0
192,Egg,2011,0
192,Egg,2012,0
192,Egg,2013,0
192,Egg,2014,0
192,Egg,2015,0
192,Egg,2016,0
192,Egg,2017,0
192,Egg,2018,0
192,Egg,2019,0
192,Egg,2020,119.615
192,Egg,2021,1839.231
192,Egg,2022,3965.305
192,Egg,2023,4377.13
192,Egg,2024,4606.515
193,Fällanden,2004,35772.284
193,Fällanden,2005,35815.913
193,Fällanden,2006,36930.2
193,Fällanden,2007,30886.512
193,Fällanden,2008,37167.65
193,Fällanden,2009,38963.569
193,Fällanden,2010,39219.343
193,Fällanden,2011,37467.523
193,Fällanden,2012,36296
193,Fällanden,2013,39870.441
193,Fällanden,2014,36092.154
193,Fällanden,2015,37071.101
193,Fällanden,2016,38702.067
193,Fällanden,2017,42646.318
193,Fällanden,2018,40939.563
193,Fällanden,2019,42131.437
193,Fällanden,2020,42559.283
193,Fällanden,2021,48271.843
193,Fällanden,2022,44398.46
193,Fällanden,2023,38322.12
193,Fällanden,2024,38821.868
194,Greifensee,2004,23557.973
194,Greifensee,2005,24842.125
194,Greifensee,2006,24897.49
194,Greifensee,2007,19394.738
194,Greifensee,2008,22891.905
194,Greifensee,2009,15916.095
194,Greifensee,2010,16461.887
194,Greifensee,2011,15613.782
194,Greifensee,2012,18294
194,Greifensee,2013,17956.795
194,Greifensee,2014,15795.396
194,Greifensee,2015,11003.314
194,Greifensee,2016,13580.217
194,Greifensee,2017,18513.976
194,Greifensee,2018,15151.772
194,Greifensee,2019,16303.525
194,Greifensee,2020,13706.384
194,Greifensee,2021,16884.203
194,Greifensee,2022,10225.239
194,Greifensee,2023,4017.389
194,Greifensee,2024,14379.032
195,Maur,2004,8839.288
195,Maur,2005,8281.683
195,Maur,2006,8966.075
195,Maur,2007,7314.157
195,Maur,2008,8063.423
195,Maur,2009,8431.885
195,Maur,2010,8173.534
195,Maur,2011,8973.665
195,Maur,2012,9126
195,Maur,2013,11006.239
195,Maur,2014,9544.036
195,Maur,2015,10554.065
195,Maur,2016,11451.868
195,Maur,2017,13721.187
195,Maur,2018,11081.086
195,Maur,2019,11290.079
195,Maur,2020,13334.908
195,Maur,2021,13361.696
195,Maur,2022,14267.601
195,Maur,2023,12739.646
195,Maur,2024,12595.219
196,Mönchaltorf,2004,0
196,Mönchaltorf,2005,0
196,Mönchaltorf,2006,0
196,Mönchaltorf,2007,0
196,Mönchaltorf,2008,0
196,Mönchaltorf,2009,0
196,Mönchaltorf,2010,0
196,Mönchaltorf,2011,0
196,Mönchaltorf,2012,0
196,Mönchaltorf,2013,0
196,Mönchaltorf,2014,0
196,Mönchaltorf,2015,0
196,Mönchaltorf,2016,0
196,Mönchaltorf,2017,0
196,Mönchaltorf,2018,0
196,Mönchaltorf,2019,359.844
196,Mönchaltorf,2020,1505.668
196,Mönchaltorf,2021,2433.614
196,Mönchaltorf,2022,2450.829
196,Mönchaltorf,2023,2046.744
196,Mönchaltorf,2024,2210.456
197,Schwerzenbach,2004,21766.801
197,Schwerzenbach,2005,19933.747
197,Schwerzenbach,2006,24739.327
197,Schwerzenbach,2007,21907.153
197,Schwerzenbach,2008,30637.695
197,Schwerzenbach,2009,26287.457
197,Schwerzenbach,2010,26283.606
197,Schwerzenbach,2011,27821.661
197,Schwerzenbach,2012,31123
197,Schwerzenbach,2013,33856.331
197,Schwerzenbach,2014,31267.515
197,Schwerzenbach,2015,29942.973
197,Schwerzenbach,2016,29041.676
197,Schwerzenbach,2017,29656.298
197,Schwerzenbach,2018,30944.398
197,Schwerzenbach,2019,30454.852
197,Schwerzenbach,2020,32386.622
197,Schwerzenbach,2021,35493.056
197,Schwerzenbach,2022,33114.161
197,Schwerzenbach,2023,29176.184
197,Schwerzenbach,2024,27789.795
198,Uster,2004,199914
198,Uster,2005,200659
198,Uster,2006,216739
198,Uster,2007,171956
198,Uster,2008,205373
198,Uster,2009,198092
198,Uster,2010,212857
198,Uster,2011,195114.392
198,Uster,2012,205859
198,Uster,2013,223094.765
198,Uster,2014,199181.392
198,Uster,2015,203360.099
198,Uster,2016,206473.054
198,Uster,2017,226722.409
198,Uster,2018,215955.854
198,Uster,2019,229532.184
198,Uster,2020,215683.933
198,Uster,2021,246288.237
198,Uster,2022,183019
198,Uster,2023,157577
198,Uster,2024,0
199,Volketswil,2004,104912.723
199,Volketswil,2005,102664.382
199,Volketswil,2006,109191.533
199,Volketswil,2007,95857.2
199,Volketswil,2008,110056.623
199,Volketswil,2009,108805.096
199,Volketswil,2010,111621.842
199,Volketswil,2011,110800.277
199,Volketswil,2012,121532
199,Volketswil,2013,128372.214
199,Volketswil,2014,121601.77
199,Volketswil,2015,114340.803
199,Volketswil,2016,116845.589
199,Volketswil,2017,124740.962
199,Volketswil,2018,124083.118
199,Volketswil,2019,129944.761
199,Volketswil,2020,123325.116
199,Volketswil,2021,127315.592
199,Volketswil,2022,131964.968
199,Volketswil,2023,105064.274
199,Volketswil,2024,112221.357
200,Wangen-Brüttisellen,2004,0
200,Wangen-Brüttisellen,2005,0
200,Wangen-Brüttisellen,2006,0
200,Wangen-Brüttisellen,2007,22186
200,Wangen-Brüttisellen,2008,25541
200,Wangen-Brüttisellen,2009,26584
200,Wangen-Brüttisellen,2010,26125
200,Wangen-Brüttisellen,2011,24540
200,Wangen-Brüttisellen,2012,25875
200,Wangen-Brüttisellen,2013,30367
200,Wangen-Brüttisellen,2014,20242.117
200,Wangen-Brüttisellen,2015,17360
200,Wangen-Brüttisellen,2016,31563.212
200,Wangen-Brüttisellen,2017,31641.105
200,Wangen-Brüttisellen,2018,30733.489
200,Wangen-Brüttisellen,2019,31390.758
200,Wangen-Brüttisellen,2020,31327.531
200,Wangen-Brüttisellen,2021,38404.676
200,Wangen-Brüttisellen,2022,34748.603
200,Wangen-Brüttisellen,2023,29533.073
200,Wangen-Brüttisellen,2024,30599.989
211,Altikon,2004,0
211,Altikon,2005,0
211,Altikon,2006,0
211,Altikon,2007,0
211,Altikon,2008,0
211,Altikon,2009,0
211,Altikon,2010,0
211,Altikon,2011,0
211,Altikon,2012,0
211,Altikon,2013,0
211,Altikon,2014,0
211,Altikon,2015,0
211,Altikon,2016,0
211,Altikon,2017,0
211,Altikon,2018,0
211,Altikon,2019,0
211,Altikon,2020,0
211,Altikon,2021,0
211,Altikon,2022,0
211,Altikon,2023,0
211,Altikon,2024,0
213,Brütten,2004,0
213,Brütten,2005,0
213,Brütten,2006,0
213,Brütten,2007,0
213,Brütten,2008,0
213,Brütten,2009,0
213,Brütten,2010,0
213,Brütten,2011,0
213,Brütten,2012,0
213,Brütten,2013,0
213,Brütten,2014,0
213,Brütten,2015,0
213,Brütten,2016,0
213,Brütten,2017,0
213,Brütten,2018,0
213,Brütten,2019,0
213,Brütten,2020,0
213,Brütten,2021,0
213,Brütten,2022,0
213,Brütten,2023,0
213,Brütten,2024,0
214,Dägerlen,2004,0
214,Dägerlen,2005,0
214,Dägerlen,2006,0
214,Dägerlen,2007,0
214,Dägerlen,2008,0
214,Dägerlen,2009,0
214,Dägerlen,2010,0
214,Dägerlen,2011,0
214,Dägerlen,2012,0
214,Dägerlen,2013,0
214,Dägerlen,2014,0
214,Dägerlen,2015,0
214,Dägerlen,2016,0
214,Dägerlen,2017,0
214,Dägerlen,2018,0
214,Dägerlen,2019,0
214,Dägerlen,2020,0
214,Dägerlen,2021,0
214,Dägerlen,2022,0
214,Dägerlen,2023,0
214,Dägerlen,2024,0
215,Dättlikon,2004,0
215,Dättlikon,2005,0
215,Dättlikon,2006,0
215,Dättlikon,2007,0
215,Dättlikon,2008,0
215,Dättlikon,2009,0
215,Dättlikon,2010,0
215,Dättlikon,2011,0
215,Dättlikon,2012,0
215,Dättlikon,2013,0
215,Dättlikon,2014,0
215,Dättlikon,2015,0
215,Dättlikon,2016,0
215,Dättlikon,2017,0
215,Dättlikon,2018,0
215,Dättlikon,2019,0
215,Dättlikon,2020,0
215,Dättlikon,2021,0
215,Dättlikon,2022,0
215,Dättlikon,2023,0
215,Dättlikon,2024,0
216,Dinhard,2004,0
216,Dinhard,2005,0
216,Dinhard,2006,0
216,Dinhard,2007,0
216,Dinhard,2008,0
216,Dinhard,2009,0
216,Dinhard,2010,0
216,Dinhard,2011,0
216,Dinhard,2012,0
216,Dinhard,2013,0
216,Dinhard,2014,0
216,Dinhard,2015,0
216,Dinhard,2016,0
216,Dinhard,2017,0
216,Dinhard,2018,0
216,Dinhard,2019,0
216,Dinhard,2020,0
216,Dinhard,2021,0
216,Dinhard,2022,0
216,Dinhard,2023,0
216,Dinhard,2024,0
218,Ellikon a.d.Th.,2004,0
218,Ellikon a.d.Th.,2005,0
218,Ellikon a.d.Th.,2006,0
218,Ellikon a.d.Th.,2007,0
218,Ellikon a.d.Th.,2008,0
218,Ellikon a.d.Th.,2009,0
218,Ellikon a.d.Th.,2010,0
218,Ellikon a.d.Th.,2011,0
218,Ellikon a.d.Th.,2012,0
218,Ellikon a.d.Th.,2013,0
218,Ellikon a.d.Th.,2014,0
218,Ellikon a.d.Th.,2015,0
218,Ellikon a.d.Th.,2016,0
218,Ellikon a.d.Th.,2017,0
218,Ellikon a.d.Th.,2018,0
218,Ellikon a.d.Th.,2019,0
218,Ellikon a.d.Th.,2020,0
218,Ellikon a.d.Th.,2021,0
218,Ellikon a.d.Th.,2022,0
218,Ellikon a.d.Th.,2023,0
218,Ellikon a.d.Th.,2024,0
219,Elsau,2004,0
219,Elsau,2005,0
219,Elsau,2006,0
219,Elsau,2007,0
219,Elsau,2008,0
219,Elsau,2009,0
219,Elsau,2010,0
219,Elsau,2011,0
219,Elsau,2012,0
219,Elsau,2013,0
219,Elsau,2014,0
219,Elsau,2015,0
219,Elsau,2016,0
219,Elsau,2017,0
219,Elsau,2018,0
219,Elsau,2019,0
219,Elsau,2020,0
219,Elsau,2021,0
219,Elsau,2022,0
219,Elsau,2023,0
219,Elsau,2024,0
220,Hagenbuch,2004,0
220,Hagenbuch,2005,0
220,Hagenbuch,2006,0
220,Hagenbuch,2007,0
220,Hagenbuch,2008,0
220,Hagenbuch,2009,0
220,Hagenbuch,2010,0
220,Hagenbuch,2011,0
220,Hagenbuch,2012,0
220,Hagenbuch,2013,0
220,Hagenbuch,2014,0
220,Hagenbuch,2015,0
220,Hagenbuch,2016,0
220,Hagenbuch,2017,0
220,Hagenbuch,2018,0
220,Hagenbuch,2019,0
220,Hagenbuch,2020,0
220,Hagenbuch,2021,0
220,Hagenbuch,2022,0
220,Hagenbuch,2023,0
220,Hagenbuch,2024,0
221,Hettlingen,2004,0
221,Hettlingen,2005,0
221,Hettlingen,2006,0
221,Hettlingen,2007,0
221,Hettlingen,2008,0
221,Hettlingen,2009,0
221,Hettlingen,2010,0
221,Hettlingen,2011,0
221,Hettlingen,2012,0
221,Hettlingen,2013,0
221,Hettlingen,2014,0
221,Hettlingen,2015,0
221,Hettlingen,2016,0
221,Hettlingen,2017,0
221,Hettlingen,2018,0
221,Hettlingen,2019,0
221,Hettlingen,2020,0
221,Hettlingen,2021,0
221,Hettlingen,2022,0
221,Hettlingen,2023,0
221,Hettlingen,2024,0
223,Neftenbach,2004,0
223,Neftenbach,2005,0
223,Neftenbach,2006,0
223,Neftenbach,2007,0
223,Neftenbach,2008,0
223,Neftenbach,2009,0
223,Neftenbach,2010,0
223,Neftenbach,2011,0
223,Neftenbach,2012,0
223,Neftenbach,2013,0
223,Neftenbach,2014,0
223,Neftenbach,2015,0
223,Neftenbach,2016,0
223,Neftenbach,2017,0
223,Neftenbach,2018,0
223,Neftenbach,2019,0
223,Neftenbach,2020,0
223,Neftenbach,2021,0
223,Neftenbach,2022,0
223,Neftenbach,2023,0
223,Neftenbach,2024,0
224,Pfungen,2004,5743
224,Pfungen,2005,6131
224,Pfungen,2006,6000
224,Pfungen,2007,5278
224,Pfungen,2008,6641
224,Pfungen,2009,7288
224,Pfungen,2010,7725
224,Pfungen,2011,6987
224,Pfungen,2012,8111.394499999999
224,Pfungen,2013,8537.7336
224,Pfungen,2014,8040.664812646731
224,Pfungen,2015,9141
224,Pfungen,2016,10105.467
224,Pfungen,2017,10516.662
224,Pfungen,2018,10037.816
224,Pfungen,2019,10037.816
224,Pfungen,2020,10817.64
224,Pfungen,2021,12257.59
224,Pfungen,2022,10241.695
224,Pfungen,2023,6459.378
224,Pfungen,2024,0
225,Rickenbach,2004,0
225,Rickenbach,2005,0
225,Rickenbach,2006,0
225,Rickenbach,2007,0
225,Rickenbach,2008,0
225,Rickenbach,2009,0
225,Rickenbach,2010,0
225,Rickenbach,2011,0
225,Rickenbach,2012,0
225,Rickenbach,2013,0
225,Rickenbach,2014,0
225,Rickenbach,2015,0
225,Rickenbach,2016,0
225,Rickenbach,2017,0
225,Rickenbach,2018,0
225,Rickenbach,2019,0
225,Rickenbach,2020,0
225,Rickenbach,2021,0
225,Rickenbach,2022,0
225,Rickenbach,2023,0
225,Rickenbach,2024,0
226,Schlatt,2004,0
226,Schlatt,2005,0
226,Schlatt,2006,0
226,Schlatt,2007,0
226,Schlatt,2008,0
226,Schlatt,2009,0
226,Schlatt,2010,0
226,Schlatt,2011,0
226,Schlatt,2012,0
226,Schlatt,2013,0
226,Schlatt,2014,0
226,Schlatt,2015,0
226,Schlatt,2016,0
226,Schlatt,2017,0
226,Schlatt,2018,0
226,Schlatt,2019,0
226,Schlatt,2020,0
226,Schlatt,2021,0
226,Schlatt,2022,0
226,Schlatt,2023,0
226,Schlatt,2024,0
227,Seuzach,2004,0
227,Seuzach,2005,0
227,Seuzach,2006,0
227,Seuzach,2007,0
227,Seuzach,2008,0
227,Seuzach,2009,0
227,Seuzach,2010,0
227,Seuzach,2011,0
227,Seuzach,2012,0
227,Seuzach,2013,0
227,Seuzach,2014,0
227,Seuzach,2015,0
227,Seuzach,2016,0
227,Seuzach,2017,0
227,Seuzach,2018,0
227,Seuzach,2019,0
227,Seuzach,2020,180.686
227,Seuzach,2021,1882.884
227,Seuzach,2022,3603.828
227,Seuzach,2023,2866.879
227,Seuzach,2024,3683.116
228,Turbenthal,2004,0
228,Turbenthal,2005,0
228,Turbenthal,2006,0
228,Turbenthal,2007,0
228,Turbenthal,2008,0
228,Turbenthal,2009,0
228,Turbenthal,2010,0
228,Turbenthal,2011,0
228,Turbenthal,2012,0
228,Turbenthal,2013,0
228,Turbenthal,2014,0
228,Turbenthal,2015,0
228,Turbenthal,2016,0
228,Turbenthal,2017,0
228,Turbenthal,2018,0
228,Turbenthal,2019,0
228,Turbenthal,2020,0
228,Turbenthal,2021,0
228,Turbenthal,2022,0
228,Turbenthal,2023,0
228,Turbenthal,2024,0
230,Winterthur,2004,439018
230,Winterthur,2005,456110
230,Winterthur,2006,449900
230,Winterthur,2007,385569
230,Winterthur,2008,426000
230,Winterthur,2009,488889
230,Winterthur,2010,523354
230,Winterthur,2011,475803
230,Winterthur,2012,478337
230,Winterthur,2013,505856
230,Winterthur,2014,466125.3351873533
230,Winterthur,2015,446688
230,Winterthur,2016,447324.746
230,Winterthur,2017,454111.707
230,Winterthur,2018,421551
230,Winterthur,2019,433277.54000000004
230,Winterthur,2020,431321.38
230,Winterthur,2021,486837.77
230,Winterthur,2022,392865.087
230,Winterthur,2023,347729.694
230,Winterthur,2024,0
231,Zell,2004,0
231,Zell,2005,0
231,Zell,2006,0
231,Zell,2007,0
231,Zell,2008,0
231,Zell,2009,0
231,Zell,2010,0
231,Zell,2011,0
231,Zell,2012,0
231,Zell,2013,0
231,Zell,2014,0
231,Zell,2015,0
231,Zell,2016,0
231,Zell,2017,0
231,Zell,2018,0
231,Zell,2019,0
231,Zell,2020,0
231,Zell,2021,0
231,Zell,2022,0
231,Zell,2023,0
231,Zell,2024,0
241,Aesch,2004,0
241,Aesch,2005,0
241,Aesch,2006,0
241,Aesch,2007,0
241,Aesch,2008,0
241,Aesch,2009,0
241,Aesch,2010,0
241,Aesch,2011,0
241,Aesch,2012,0
241,Aesch,2013,0
241,Aesch,2014,0
241,Aesch,2015,0
241,Aesch,2016,0
241,Aesch,2017,0
241,Aesch,2018,0
241,Aesch,2019,0
241,Aesch,2020,0
241,Aesch,2021,0
241,Aesch,2022,0
241,Aesch,2023,0
241,Aesch,2024,0
242,Birmensdorf,2004,10161.698
242,Birmensdorf,2005,13159.692
242,Birmensdorf,2006,14970.963
242,Birmensdorf,2007,12622.157
242,Birmensdorf,2008,8863.057
242,Birmensdorf,2009,10807.014
242,Birmensdorf,2010,10350.734
242,Birmensdorf,2011,14415.444
242,Birmensdorf,2012,11549
242,Birmensdorf,2013,13282.69
242,Birmensdorf,2014,14130.258
242,Birmensdorf,2015,14143.616
242,Birmensdorf,2016,13799.397
242,Birmensdorf,2017,18127.801
242,Birmensdorf,2018,20491.466
242,Birmensdorf,2019,15354.465
242,Birmensdorf,2020,18055.407
242,Birmensdorf,2021,8784.069
242,Birmensdorf,2022,16202.593
242,Birmensdorf,2023,11151.546
242,Birmensdorf,2024,13197.782
243,Dietikon,2004,81156.9
243,Dietikon,2005,78677.015
243,Dietikon,2006,83587.429
243,Dietikon,2007,68858.296
243,Dietikon,2008,80536.379
243,Dietikon,2009,80373.537
243,Dietikon,2010,83661.009
243,Dietikon,2011,77673.762
243,Dietikon,2012,80103
243,Dietikon,2013,87501.765
243,Dietikon,2014,78189.534
243,Dietikon,2015,78496.201
243,Dietikon,2016,80581.143
243,Dietikon,2017,87710.587
243,Dietikon,2018,82638.742
243,Dietikon,2019,81545.375
243,Dietikon,2020,78773.719
243,Dietikon,2021,89576.399
243,Dietikon,2022,90046
243,Dietikon,2023,67531
243,Dietikon,2024,0
244,Geroldswil,2004,15053.259
244,Geroldswil,2005,14868.969
244,Geroldswil,2006,15418.658
244,Geroldswil,2007,11876.846
244,Geroldswil,2008,14029.238
244,Geroldswil,2009,13554.681
244,Geroldswil,2010,12778.455
244,Geroldswil,2011,13573.967
244,Geroldswil,2012,14365
244,Geroldswil,2013,16046.654
244,Geroldswil,2014,14534.5
244,Geroldswil,2015,14311.256
244,Geroldswil,2016,14541.053
244,Geroldswil,2017,24168.057
244,Geroldswil,2018,17218.219
244,Geroldswil,2019,11954.851
244,Geroldswil,2020,11249.728
244,Geroldswil,2021,11808.02
244,Geroldswil,2022,12061.488
244,Geroldswil,2023,7415.752
244,Geroldswil,2024,7207.064
245,Oberengstringen,2004,19415.797
245,Oberengstringen,2005,19997.869
245,Oberengstringen,2006,22226.137
245,Oberengstringen,2007,22333.497
245,Oberengstringen,2008,25601.55
245,Oberengstringen,2009,26007.134
245,Oberengstringen,2010,23306.934
245,Oberengstringen,2011,25833.76
245,Oberengstringen,2012,27431
245,Oberengstringen,2013,29144.863
245,Oberengstringen,2014,27132.631
245,Oberengstringen,2015,25949.338
245,Oberengstringen,2016,28318.062
245,Oberengstringen,2017,29744.248
245,Oberengstringen,2018,29951.737
245,Oberengstringen,2019,30365.419
245,Oberengstringen,2020,28724.005
245,Oberengstringen,2021,29876.802
245,Oberengstringen,2022,24113.396
245,Oberengstringen,2023,13180.72
245,Oberengstringen,2024,12547.068
246,Oetwil a.d.L,2004,0
246,Oetwil a.d.L,2005,0
246,Oetwil a.d.L,2006,0
246,Oetwil a.d.L,2007,0
246,Oetwil a.d.L,2008,0
246,Oetwil a.d.L,2009,0
246,Oetwil a.d.L,2010,0
246,Oetwil a.d.L,2011,0
246,Oetwil a.d.L,2012,0
246,Oetwil a.d.L,2013,0
246,Oetwil a.d.L,2014,0
246,Oetwil a.d.L,2015,0
246,Oetwil a.d.L,2016,0
246,Oetwil a.d.L,2017,0
246,Oetwil a.d.L,2018,0
246,Oetwil a.d.L,2019,0
246,Oetwil a.d.L,2020,0
246,Oetwil a.d.L,2021,0
246,Oetwil a.d.L,2022,0
246,Oetwil a.d.L,2023,0
246,Oetwil a.d.L,2024,0
247,Schlieren,2004,126421
247,Schlieren,2005,121230
247,Schlieren,2006,121000
247,Schlieren,2007,112080
247,Schlieren,2008,118570
247,Schlieren,2009,120026
247,Schlieren,2010,116972
247,Schlieren,2011,97716
247,Schlieren,2012,107428
247,Schlieren,2013,114668
247,Schlieren,2014,95594.102
247,Schlieren,2015,109208
247,Schlieren,2016,115837
247,Schlieren,2017,117099
247,Schlieren,2018,110545
247,Schlieren,2019,116667
247,Schlieren,2020,109515
247,Schlieren,2021,125572.211
247,Schlieren,2022,108501
247,Schlieren,2023,109674
247,Schlieren,2024,0
248,Uitikon,2004,0
248,Uitikon,2005,0
248,Uitikon,2006,0
248,Uitikon,2007,0
248,Uitikon,2008,0
248,Uitikon,2009,0
248,Uitikon,2010,0
248,Uitikon,2011,0
248,Uitikon,2012,0
248,Uitikon,2013,0
248,Uitikon,2014,0
248,Uitikon,2015,0
248,Uitikon,2016,0
248,Uitikon,2017,0
248,Uitikon,2018,0
248,Uitikon,2019,0
248,Uitikon,2020,0
248,Uitikon,2021,0
248,Uitikon,2022,0
248,Uitikon,2023,0
248,Uitikon,2024,0
249,Unterengstringen,2004,6304.449
249,Unterengstringen,2005,6046.75
249,Unterengstringen,2006,6555.645
249,Unterengstringen,2007,5244.92
249,Unterengstringen,2008,6106.729
249,Unterengstringen,2009,6749.647
249,Unterengstringen,2010,5804.517
249,Unterengstringen,2011,6816.385
249,Unterengstringen,2012,6621
249,Unterengstringen,2013,7270.898
249,Unterengstringen,2014,6528.501
249,Unterengstringen,2015,7143.207
249,Unterengstringen,2016,8604.097
249,Unterengstringen,2017,17464.39
249,Unterengstringen,2018,17911.194
249,Unterengstringen,2019,16677.126
249,Unterengstringen,2020,15913.192
249,Unterengstringen,2021,12873.136
249,Unterengstringen,2022,14680.857
249,Unterengstringen,2023,9260.718
249,Unterengstringen,2024,11505.945
250,Urdorf,2004,45914.049
250,Urdorf,2005,45377.721
250,Urdorf,2006,46910.695
250,Urdorf,2007,39081.007
250,Urdorf,2008,45863.342
250,Urdorf,2009,46277.759
250,Urdorf,2010,42388.742
250,Urdorf,2011,45936.798
250,Urdorf,2012,44001
250,Urdorf,2013,47890.055
250,Urdorf,2014,44819.969
250,Urdorf,2015,45085.106
250,Urdorf,2016,45548.422
250,Urdorf,2017,47247.968
250,Urdorf,2018,47307.418
250,Urdorf,2019,48221.971
250,Urdorf,2020,46768.099
250,Urdorf,2021,54034.043
250,Urdorf,2022,53939.556
250,Urdorf,2023,43124.159
250,Urdorf,2024,41066.161
251,Weiningen,2004,13363.031
251,Weiningen,2005,11817.801
251,Weiningen,2006,12686.345
251,Weiningen,2007,10654.662
251,Weiningen,2008,13058.869
251,Weiningen,2009,18290.999
251,Weiningen,2010,12972.582
251,Weiningen,2011,14371.905
251,Weiningen,2012,14490
251,Weiningen,2013,15722.567
251,Weiningen,2014,14800.284
251,Weiningen,2015,14222.735
251,Weiningen,2016,16083.519
251,Weiningen,2017,17434.912
251,Weiningen,2018,16137.459
251,Weiningen,2019,14877.793
251,Weiningen,2020,14538.623
251,Weiningen,2021,14607.275
251,Weiningen,2022,15082.879
251,Weiningen,2023,10294.809
251,Weiningen,2024,9315.958
261,Zürich,2004,2555124.138
261,Zürich,2005,2436271.149
261,Zürich,2006,2510264.651
261,Zürich,2007,2382972.1100000003
261,Zürich,2008,2755378.864
261,Zürich,2009,2691408.08
261,Zürich,2010,2656635.929
261,Zürich,2011,2444750.804
261,Zürich,2012,2467981.977
261,Zürich,2013,2749578.719
261,Zürich,2014,2307405.6289999997
261,Zürich,2015,2184357.575612
261,Zürich,2016,2268543.24
261,Zürich,2017,2332823.862
261,Zürich,2018,2268400.081
261,Zürich,2019,2287331.756
261,Zürich,2020,2165611.398
261,Zürich,2021,2514507.146
261,Zürich,2022,2397973.595
261,Zürich,2023,1875841.346
261,Zürich,2024,1965872.294
291,Andelfingen,2004,0
291,Andelfingen,2005,0
291,Andelfingen,2006,0
291,Andelfingen,2007,0
291,Andelfingen,2008,0
291,Andelfingen,2009,0
291,Andelfingen,2010,0
291,Andelfingen,2011,0
291,Andelfingen,2012,0
291,Andelfingen,2013,0
291,Andelfingen,2014,0
291,Andelfingen,2015,0
291,Andelfingen,2016,0
291,Andelfingen,2017,0
291,Andelfingen,2018,0
291,Andelfingen,2019,0
291,Andelfingen,2020,0
291,Andelfingen,2021,0
291,Andelfingen,2022,0
291,Andelfingen,2023,0
291,Andelfingen,2024,0
292,Stammheim,2004,0
292,Stammheim,2005,0
292,Stammheim,2006,0
292,Stammheim,2007,0
292,Stammheim,2008,0
292,Stammheim,2009,0
292,Stammheim,2010,0
292,Stammheim,2011,0
292,Stammheim,2012,0
292,Stammheim,2013,0
292,Stammheim,2014,0
292,Stammheim,2015,0
292,Stammheim,2016,0
292,Stammheim,2017,0
292,Stammheim,2018,0
292,Stammheim,2019,0
292,Stammheim,2020,0
292,Stammheim,2021,0
292,Stammheim,2022,0
292,Stammheim,2023,0
292,Stammheim,2024,0
293,Wädenswil,2004,136603
293,Wädenswil,2005,135247
293,Wädenswil,2006,148000
293,Wädenswil,2007,121000
293,Wädenswil,2008,140960
293,Wädenswil,2009,136107
293,Wädenswil,2010,144370
293,Wädenswil,2011,140589
293,Wädenswil,2012,132191
293,Wädenswil,2013,144822
293,Wädenswil,2014,130448.747
293,Wädenswil,2015,129800.476
293,Wädenswil,2016,136425.696
293,Wädenswil,2017,143009.362
293,Wädenswil,2018,138308.483
293,Wädenswil,2019,134299.128
293,Wädenswil,2020,127448.425
293,Wädenswil,2021,142563.039
293,Wädenswil,2022,127064
293,Wädenswil,2023,114245
293,Wädenswil,2024,0
294,Elgg,2004,0
294,Elgg,2005,0
294,Elgg,2006,0
294,Elgg,2007,0
294,Elgg,2008,0
294,Elgg,2009,0
294,Elgg,2010,0
294,Elgg,2011,0
294,Elgg,2012,0
294,Elgg,2013,0
294,Elgg,2014,0
294,Elgg,2015,0
294,Elgg,2016,0
294,Elgg,2017,0
294,Elgg,2018,0
294,Elgg,2019,0
294,Elgg,2020,0
294,Elgg,2021,0
294,Elgg,2022,0
294,Elgg,2023,0
294,Elgg,2024,0
295,Horgen,2004,96145.846
295,Horgen,2005,91352.699
295,Horgen,2006,95293.09
295,Horgen,2007,74018.474
295,Horgen,2008,86514.339
295,Horgen,2009,77343.423
295,Horgen,2010,78587.067
295,Horgen,2011,74676.257
295,Horgen,2012,47622
295,Horgen,2013,81011.362
295,Horgen,2014,71084.895
295,Horgen,2015,76214.895
295,Horgen,2016,79954.421
295,Horgen,2017,84728.19
295,Horgen,2018,82505.969
295,Horgen,2019,84413.229
295,Horgen,2020,76118.455
295,Horgen,2021,84469.83
295,Horgen,2022,79605
295,Horgen,2023,69419
295,Horgen,2024,0
296,Illnau-Effretikon,2004,37473.53
296,Illnau-Effretikon,2005,36710.034
296,Illnau-Effretikon,2006,39173.531
296,Illnau-Effretikon,2007,27912.762
296,Illnau-Effretikon,2008,36171.84
296,Illnau-Effretikon,2009,34226.248
296,Illnau-Effretikon,2010,33905.951
296,Illnau-Effretikon,2011,36287.95
296,Illnau-Effretikon,2012,36538
296,Illnau-Effretikon,2013,45486.564
296,Illnau-Effretikon,2014,42067.169
296,Illnau-Effretikon,2015,42284.403
296,Illnau-Effretikon,2016,43439.908
296,Illnau-Effretikon,2017,48020.42
296,Illnau-Effretikon,2018,51138.144
296,Illnau-Effretikon,2019,59277.202
296,Illnau-Effretikon,2020,57393.376
296,Illnau-Effretikon,2021,65000.753
296,Illnau-Effretikon,2022,61301.326
296,Illnau-Effretikon,2023,51058.319
296,Illnau-Effretikon,2024,49741.695
297,Bauma,2004,0
297,Bauma,2005,0
297,Bauma,2006,0
297,Bauma,2007,0
297,Bauma,2008,0
297,Bauma,2009,0
297,Bauma,2010,0
297,Bauma,2011,0
297,Bauma,2012,0
297,Bauma,2013,0
297,Bauma,2014,0
297,Bauma,2015,0
297,Bauma,2016,0
297,Bauma,2017,0
297,Bauma,2018,0
297,Bauma,2019,0
297,Bauma,2020,0
297,Bauma,2021,0
297,Bauma,2022,0
297,Bauma,2023,0
297,Bauma,2024,0
298,Wiesendangen,2004,5200
298,Wiesendangen,2005,5863
298,Wiesendangen,2006,5600
298,Wiesendangen,2007,4964
298,Wiesendangen,2008,5720
298,Wiesendangen,2009,6137
298,Wiesendangen,2010,7002
298,Wiesendangen,2011,6261
298,Wiesendangen,2012,7076
298,Wiesendangen,2013,7553
298,Wiesendangen,2014,6483
298,Wiesendangen,2015,7110
298,Wiesendangen,2016,7430.771
298,Wiesendangen,2017,7460.58
298,Wiesendangen,2018,4131.225
298,Wiesendangen,2019,8141.649
298,Wiesendangen,2020,8004.46
298,Wiesendangen,2021,8925.618
298,Wiesendangen,2022,8773.963
298,Wiesendangen,2023,7203.848
298,Wiesendangen,2024,7151.858
